domaine	nom	niche	ville	dept	nb_etablissements	url_brute
100.biborne.com	100% Crousti	restauration	Paris	75	1	https://100.biborne.com
1001-pates.com	Mille et une Pâtes	restauration	Toulouse	31	1	https://www.1001-pates.com/
1001fenetres.com	1001 Fenêtres	artisanat_btp	Lyon	69	1	https://1001fenetres.com
100x100tacos.fr	100% Tacos	restauration	Nice	6	1	https://100x100tacos.fr/
108bae.fr	108 Bae	restauration	Lyon	69	1	https://www.108bae.fr/contact
109grenelle.fr	109 Grenelle - Paris 7ème	beaute_bienetre	Paris	75	1	http://109grenelle.fr/
10lafontaine.free.fr	10, La Fontaine	beaute_bienetre	Paris	75	1	http://10lafontaine.free.fr/
112-hair-coiffure-visagiste-createur-rouen.business.site	112 Hai'r	beaute_bienetre	Rouen	76	1	https://112-hair-coiffure-visagiste-createur-rouen.business.site
120c.fr	120°C	restauration	Marseille	13	1	https://www.120c.fr
123parebrise.fr	123 Pare-Brise	automobile	Rouen	76	2	https://www.123parebrise.fr/centre-rouen-grand-quevilly/
123pizzanice.com	1-2-3 Pizza	restauration	Nice	6	1	https://www.123pizzanice.com/
13beaute.com	13 Espace beauté	beaute_bienetre	Paris	75	1	https://13beaute.com/
160-food.com	160 Food	restauration	Lyon	69	1	https://160-food.com/
17th-barbers.com	17th Barbers	beaute_bienetre	Paris	75	1	https://www.17th-barbers.com
1ere-avenue-hair-salon.business.site	1ère Avenue	beaute_bienetre	Lyon	69	1	https://1ere-avenue-hair-salon.business.site/
1fauriel.fr	1Fauriel	beaute_bienetre	Saint-Etienne	42	1	https://www.1fauriel.fr/
1velo.com	1vélo	services_proximite	Marseille	13	1	https://www.1velo.com
21paysans.com	21 Paysans	restauration	Nice	6	1	https://21paysans.com/
22ruedeverneuil.com	22 rue de Verneuil	beaute_bienetre	Paris	75	1	https://www.22ruedeverneuil.com
231-east.fr	231 East Street	restauration	Bordeaux	33	3	https://www.231-east.fr/restaurant/231-east-street-bassin-a-flot/
2bpeinture.fr	2B Peinture	artisanat_btp	Caen	14	1	https://2bpeinture.fr/
2et3roues.com	2 et 3 roues	services_proximite	Paris	75	1	https://www.2et3roues.com
2nd-face.com	Second Face	beaute_bienetre	Lyon	69	1	https://2nd-face.com
2pieds2mains.com	2 PIEDS 2 MAINS	beaute_bienetre	Paris	75	1	https://www.2pieds2mains.com/
2rouesvertes.fr	2 Roues Vertes	services_proximite	Toulouse	31	1	https://www.2rouesvertes.fr/
2thstreetbarber.com	2th Street Barber	beaute_bienetre	Paris	75	1	https://www.2thstreetbarber.com/
31streetburgers.com	31 STREET	restauration	Paris	75	1	31streetburgers.com
350barber.fr	350 Barber	beaute_bienetre	Paris	75	1	https://350barber.fr
360thcupavenue.fr	360th cup avenue	beaute_bienetre	Nantes	44	1	https://www.360thcupavenue.fr/
3brasseurs.com	Les 3 Brasseurs	restauration	Toulouse	31	1	https://www.3brasseurs.com
3dhaircut.fr	3D Haircut	beaute_bienetre	Paris	75	1	https://www.3dhaircut.fr/nos-salons-1/bastille/
3dinfomac.com	3D Informatique	services_proximite	Paris	75	1	https://www.3dinfomac.com/prenez-rendez-vous
3mbarber-antony.fr	3M Barber	beaute_bienetre	Paris	75	1	https://3mbarber-antony.fr
3rcycles.fr	3R Cycles	services_proximite	Paris	75	1	https://www.3rcycles.fr/
49r-lille.com	49R	restauration	Lille	59	1	https://49r-lille.com/
4evaguecafe.fr	4e Vague Café - Spécialités Hawaïennes	restauration	Bordeaux	33	1	https://www.4evaguecafe.fr/
5-saveurs.ojscafe.com	5 Saveurs	restauration	Bordeaux	33	1	https://5-saveurs.ojscafe.com/
500degres-pizza.com	500 Degrés Pizza	restauration	Marseille	13	1	https://500degres-pizza.com/
54thai.fr	54 THAI	restauration	Lille	59	1	https://54thai.fr/
585-restaurant.com	585	restauration	Bordeaux	33	1	https://585-restaurant.com/
5asec.fr	5àsec	services_proximite	Paris	75	3	https://www.5asec.fr/trouvez-votre-pressing-5asec/ile-de-france/paris/pressing-paris-pinel
5ed6d527e2986.site123.me	The Royale Coiffure	beaute_bienetre	Paris	75	1	https://5ed6d527e2986.site123.me
5thavenueby.com	5th Avenue	beaute_bienetre	Nantes	44	1	https://www.5thavenueby.com
66218e0c2c7a4.site123.me	Pizza Bella Das	restauration	Paris	75	1	https://66218e0c2c7a4.site123.me/
67parebrise.com	A Plus Glass	automobile	Strasbourg	67	1	https://www.67parebrise.com/
6eme-avenue.com	BMW 6ème Avenue	automobile	Lyon	69	1	https://6eme-avenue.com/
92-tacos.business.site	92 Tacos	restauration	Paris	75	1	https://92-tacos.business.site/
961beyrouth.com	961 Beyrouth	restauration	Bordeaux	33	1	https://www.961beyrouth.com/
9hspa.fr	9h Spa	beaute_bienetre	Toulouse	31	2	https://www.9hspa.fr/
9pho.fr	9Pho	restauration	Paris	75	1	https://9pho.fr/restaurants-livraison-a-domicile-commande-en-ligne-chinois-japonais-pizza-oughour-coucou-concepte.html?
a-graffin.com	A. Graffin	artisanat_btp	Paris	75	1	http://a-graffin.com/
a-linstinct.odoo.com	A L'Instinct	restauration	Montpellier	34	1	https://a-linstinct.odoo.com/
a-marque-tailledepierre.fr	Marbrerie Taille de pierre	artisanat_btp	Marseille	13	1	http://www.a-marque-tailledepierre.fr/
a-s-metaux.webnode.fr	As Métaux	artisanat_btp	Marseille	13	1	https://a-s-metaux.webnode.fr
a2b-electricien.fr	A2B Électricien	artisanat_btp	Paris	75	1	https://a2b-electricien.fr/
a2m-menuiserie.com	A2M Menuiserie	artisanat_btp	Rennes	35	1	http://www.a2m-menuiserie.com/contact.php
aajt.fr	K'Fete du Monde	restauration	Marseille	13	1	http://aajt.fr/AAJT/index.php?p=k_fete_des_mondes
aap57.fr	Accueil Auto Pièces 57	automobile	Metz	57	1	https://www.aap57.fr
abc-plomberie-13.fr	AADD Plombier Marseille d'Urgence	artisanat_btp	Marseille	13	1	https://abc-plomberie-13.fr
abcablage.site-solocal.com	ABcablage	artisanat_btp	Toulouse	31	1	https://abcablage.site-solocal.com
abers-etancheite.fr	Abers Etanchéité	artisanat_btp	Brest	29	1	https://www.abers-etancheite.fr/
abfermetures.com	AB Fermetures	artisanat_btp	Dijon	21	1	https://abfermetures.com/
abianpaysbasque.fr	Abian Pays basque	automobile	Bayonne	64	1	https://abianpaysbasque.fr/
aborigin.fr	Aborigin	beaute_bienetre	Toulouse	31	1	https://www.aborigin.fr/
abrisun-fermetures.com	Abrisun Fermetures	artisanat_btp	Dijon	21	1	https://www.abrisun-fermetures.com/
abuelorestaurant.fr	Abuelo	restauration	Toulouse	31	1	https://www.abuelorestaurant.fr/
abuteghinna.fr	A Buteghinna	restauration	Nice	6	1	https://www.abuteghinna.fr/
ac-54.fr	AC 54	automobile	Nancy	54	1	https://www.ac-54.fr/
acaiandyou.com	Açai & You	restauration	Paris	75	1	https://acaiandyou.com/
acairestaurant.com	açai	restauration	Toulouse	31	1	https://www.acairestaurant.com/
acantina-comptoircorse.fr	A Cantina Comptoir Corse	restauration	Bordeaux	33	1	https://www.acantina-comptoircorse.fr
acclean-lavomatic.fr	Salon Lavoir Pressing GTI	services_proximite	Toulouse	31	1	https://www.acclean-lavomatic.fr/gti-laverie-rangueil-toulouse-ac-clean/
accord-bien-etre.com	Accord Bien Être	beaute_bienetre	Toulouse	31	1	http://accord-bien-etre.com/
acd-carrosserie.fr	ACD Carrosserie	automobile	Lyon	69	1	https://acd-carrosserie.fr/
achat-or-toulouse.fr	Victoria Baby	beaute_bienetre	Toulouse	31	1	https://www.achat-or-toulouse.fr/
achat-vente-auto69.fr	Deluxe Auto 69	automobile	Lyon	69	1	https://www.achat-vente-auto69.fr/
acrocspizza.com	A Crocs Pizza	restauration	Toulouse	31	1	https://www.acrocspizza.com
actifs.fr	Sn actifs	artisanat_btp	Paris	75	1	http://www.actifs.fr/
action-automobile-betton.fr	Top Lavage	automobile	Rennes	35	2	http://www.action-automobile-betton.fr
ad-auto.fr	Garage Gongot	automobile	Rennes	35	1	https://www.ad-auto.fr/garage/garage-ad-gongot/
ad-neoparts.com	Autodistribution neoparts	automobile	Nimes	30	1	https://www.ad-neoparts.com/
ad-poidslourds-ile-de-france-pl.autodistribution.fr	AD Poids Lourds	automobile	Reims	51	1	https://ad-poidslourds-ile-de-france-pl.autodistribution.fr/point-de-vente/ad-poids-lourds-ile-de-france-reims
ad.fr	Carosserie JAS	automobile	Lyon	69	11	https://www.ad.fr/garage/ad-carrosserie-garage-jas
addict-cycling.com	Addict Cycling	services_proximite	Paris	75	1	www.addict-cycling.com
addictcoiffure.fr	Addict	beaute_bienetre	Toulouse	31	1	https://www.addictcoiffure.fr/
addiscar.fr	Addis Car Metz	automobile	Metz	57	1	https://addiscar.fr
addisson-electricite.com	Addisson Électricité	artisanat_btp	Paris	75	1	https://www.addisson-electricite.com/
adembellir.fr	AD Embellir	artisanat_btp	Paris	75	1	https://www.adembellir.fr/
aden-44.fr	Aden	automobile	Nantes	44	1	https://www.aden-44.fr
adeppaca.com	A Dep Paca 06/76	artisanat_btp	Nice	6	1	https://www.adeppaca.com/
adequation-climatisation.com	Adéquation Climatisation	artisanat_btp	Toulouse	31	1	https://adequation-climatisation.com/
aderanshaircenter.fr	Aderans Hair Center	beaute_bienetre	Lyon	69	1	https://aderanshaircenter.fr
ades-sav.fr	Ades Sav	services_proximite	Lyon	69	1	https://www.ades-sav.fr/
adfalexandre.com	ADF Alexandre	artisanat_btp	Paris	75	1	https://adfalexandre.com/
adgoprolorraine.multimarque.fr	AD GO PRO LORRAINE	automobile	Nancy	54	1	https://adgoprolorraine.multimarque.fr/
adhocpneu.fr	Ad’hocpneu	automobile	Avignon	84	1	https://www.adhocpneu.fr
adifs92.fr	ADIFS	artisanat_btp	Paris	75	1	https://www.adifs92.fr/
adoboloco.fr	Adobo Loco	restauration	Lille	59	1	https://www.adoboloco.fr/
adomplus.fr	Adom +	services_proximite	Rennes	35	1	https://adomplus.fr/
adonis-restaurant.fr	Adonis	restauration	Bordeaux	33	1	https://adonis-restaurant.fr/
adonysresto.com	Adonys	restauration	Lyon	69	1	https://adonysresto.com
adour-auto-64.com	Adour garage 64	automobile	Bayonne	64	1	http://www.adour-auto-64.com/mecanique-automobile-adour-auto-64/
adr.fr	Garage du Pot	automobile	Montpellier	34	1	www.adr.fr
adrenaline-ee.com	Adrénaline	artisanat_btp	Paris	75	1	https://adrenaline-ee.com/nos-agences/
advaitamassages42.com	Advaïta Renaître à Soi	beaute_bienetre	Saint-Etienne	42	1	https://www.advaitamassages42.com/
ae-maquillage.com	Institut Audrey Ebeyer	beaute_bienetre	Lyon	69	1	https://ae-maquillage.com
aef-fenetres.com	AEF	artisanat_btp	Paris	75	1	https://www.aef-fenetres.com/
aeroporthotel.com	Le Prince d’Aragon	restauration	Montpellier	34	1	https://aeroporthotel.com/restaurant
aeroscopia.fr	Le Restaurant Aéroscopia	restauration	Toulouse	31	1	https://www.aeroscopia.fr/restaurant
aesthe.com	aesthé	beaute_bienetre	Paris	75	1	https://aesthe.com
affinitebeaute.com	Affinité Beauté	beaute_bienetre	Paris	75	1	http://affinitebeaute.com
afii-isolation.fr	Afii Isolation	artisanat_btp	Orleans	45	1	https://www.afii-isolation.fr/
afondgaston.fr	À Fond Gaston	services_proximite	Lyon	69	1	https://afondgaston.fr/
afp-autos-sas.fr	AFP Autos	automobile	Metz	57	1	https://www.afp-autos-sas.fr
africallfood.com	Afri Call Food	restauration	Paris	75	1	https://africallfood.com
afro-naturel.com	Crazy Pouss	beaute_bienetre	Paris	75	1	https://www.afro-naturel.com
agapes-toulouse.fr	Agapes	restauration	Toulouse	31	1	https://www.agapes-toulouse.fr/
agathecoiffure.fr	Agathe Coiffure	beaute_bienetre	Nantes	44	1	http://agathecoiffure.fr
agecconcept.com	AGEC Concept	artisanat_btp	Paris	75	1	http://agecconcept.com
agence.engie-homeservices.fr	Engie Home Services	artisanat_btp	Reims	51	2	https://agence.engie-homeservices.fr/119-engie-home-services-reims
agence.garageplfpls.com	AD Poids Lourds FPLS LOGISTIQUE	automobile	Rennes	35	1	https://agence.garageplfpls.com
agence.manuloc.fr	Manuloc	automobile	Metz	57	1	https://agence.manuloc.fr/fr/manuloc-multiparts
agence.proxiserve.fr	Proxiserve	artisanat_btp	Rennes	35	2	https://agence.proxiserve.fr/42-proxiserve-rennes
agencefbautos.fr	FB Autos Renault	automobile	Lyon	69	1	https://www.agencefbautos.fr/
agencemd.wixstudio.com	Lou papa	restauration	Nice	6	1	https://agencemd.wixstudio.com/loupapa
agencement-agemo.fr	Agemo	artisanat_btp	Rennes	35	1	http://www.agencement-agemo.fr/
agences.altema.pro	Altéma	artisanat_btp	Paris	75	1	https://agences.altema.pro/champigny-sur-marne
agents.peugeot.fr	Garage Peugeot L'hermitage	automobile	Rennes	35	2	https://agents.peugeot.fr/l-hermitage
ahair-concept-beaute.fr	Ahair’Concept Beauté / HEAD SPA	beaute_bienetre	Paris	75	1	https://ahair-concept-beaute.fr/
ahimsa.fr	Centre Ahimsa	beaute_bienetre	Paris	75	1	https://ahimsa.fr
aic-sport.fr	AIC Sport	services_proximite	Paris	75	1	https://www.aic-sport.fr/
aicv.net	AICV	services_proximite	Paris	75	1	http://www.aicv.net/
aideadomicilecspec.com	C’Spec	services_proximite	Paris	75	1	https://www.aideadomicilecspec.com/
aikobistrot.com	Aiko	restauration	Toulouse	31	1	https://www.aikobistrot.com/
ailiongles.fr	Ai Li Ongles	beaute_bienetre	Paris	75	1	https://www.ailiongles.fr/
aime-thai-massage-spa.com	Aime Thai Massage Spa	beaute_bienetre	Paris	75	1	https://www.aime-thai-massage-spa.com/
airdefamilletoulouse.fr	L'Air de Famille	restauration	Toulouse	31	1	https://airdefamilletoulouse.fr/
airedis.fr	Airedis	artisanat_btp	Paris	75	1	https://www.airedis.fr/
aix-marseille.vitalspa.fr	VitalSpa	beaute_bienetre	Marseille	13	1	https://aix-marseille.vitalspa.fr/
ajmcouverture.fr	AJM Couverture	artisanat_btp	Reims	51	1	https://www.ajmcouverture.fr/
ak-shelter.bike	AK Shelter Barber	beaute_bienetre	Nantes	44	1	https://ak-shelter.bike/barber
akapico.com	Akapico	restauration	Lyon	69	1	https://akapico.com/
akcs-coiffure.fr	AKCS Coiffure	beaute_bienetre	Toulouse	31	1	https://www.akcs-coiffure.fr/
akena.com	Akena vérandas	artisanat_btp	Paris	75	5	https://www.akena.com/agences/akena-villemoisson-sur-orge
akenaverandas.com	Akena Vérandas	artisanat_btp	Troyes	10	1	https://www.akenaverandas.com/
akitatek.fr	Akitatek	services_proximite	Montpellier	34	1	https://akitatek.fr
akservice.fr	AKService	services_proximite	Paris	75	1	https://www.akservice.fr
aksilfastfood.com	Aksil	restauration	Nice	6	1	https://aksilfastfood.com/
aktua.fr	AKTUA	artisanat_btp	Nancy	54	1	https://www.aktua.fr/
al-ritrovo.fr	Al Ritrovo	restauration	Lille	59	1	https://www.al-ritrovo.fr/
al2bcarrosserie.fr	AL2B	automobile	Rennes	35	1	https://al2bcarrosserie.fr/
alabascule.com	A La Bascule	restauration	Lille	59	1	http://alabascule.com/
aladinkebab.fr	Aladin	restauration	Toulouse	31	1	https://aladinkebab.fr
alafolie-31.fr	À la Folie	beaute_bienetre	Toulouse	31	1	https://www.alafolie-31.fr
alagouttedeau.wordpress.com	La Goutte d'Eau	beaute_bienetre	Toulouse	31	1	https://alagouttedeau.wordpress.com/
alain-millat.com	Ma Première Cantine	restauration	Montpellier	34	1	alain-millat.com
alan-lina-coiffure.fr	Michel Lina	beaute_bienetre	Paris	75	1	https://www.alan-lina-coiffure.fr/
alapointe.fr	À la Pointe	beaute_bienetre	Paris	75	1	https://www.alapointe.fr
alaptiteferme.fr	La Guinguette	restauration	Montpellier	34	1	https://www.alaptiteferme.fr
alardoise-restaurant.fr	À l'Ardoise	restauration	Toulouse	31	1	https://www.alardoise-restaurant.fr/
alaska-bc.com	Alaska-BC	services_proximite	Toulouse	31	1	https://alaska-bc.com/
alatabledumarche.com	À la Table Du Marche	restauration	Nice	6	1	https://www.alatabledumarche.com/
alateteduclient.fr	À la Tête du Client	beaute_bienetre	Paris	75	1	http://alateteduclient.fr/
alaunefamily.com	Le Bistroquet à la Une	restauration	Toulouse	31	1	https://alaunefamily.com/bistroquet-toulouse/
alaville-alamontagne.com	À la Ville à la Montagne	services_proximite	Paris	75	1	https://www.alaville-alamontagne.com/
alazard-sas.com	Alazard	artisanat_btp	Paris	75	1	https://www.alazard-sas.com/
albatros-restaurant.fr	L'Albatros	restauration	Montpellier	34	1	https://albatros-restaurant.fr/
albedokitchen.fr	Albedo Kitchen	restauration	Lille	59	1	https://albedokitchen.fr/
albert-et-fils.fr	Albert &  Fils	artisanat_btp	Paris	75	1	https://albert-et-fils.fr/maisons-alfort-94700
alchimistemontpellier.fr	L’Alchimiste	restauration	Montpellier	34	1	https://www.alchimistemontpellier.fr/
aldi.fr	Aldi	restauration	Lille	59	1	https://www.aldi.fr/magasins-et-horaires-d-ouverture.html/l/wattrelos/4-rue-albert-premier/3436351
aleaubike.fr	À l'Eau Bike	beaute_bienetre	Paris	75	1	http://www.aleaubike.fr/
alefpa.fr	ALEFPA - Pass’O’Vert	services_proximite	Lille	59	1	https://www.alefpa.fr/etablissement/passovert/
alexandredeparis-coiffure.com	Alexandre	beaute_bienetre	Paris	75	1	https://www.alexandredeparis-coiffure.com/
alexandremazzia.com	AM (Alexandre Mazzia)	restauration	Marseille	13	1	http://alexandremazzia.com/
alexens.com	Alexens	restauration	Lille	59	1	https://www.alexens.com
alfacoiffure.fr	Alfa Coiffure	beaute_bienetre	Lyon	69	1	https://www.alfacoiffure.fr
alfredburger.com	Alfred Burger	restauration	Nice	6	1	https://alfredburger.com/
alhamra.fr	Al-Hamra	restauration	Lille	59	1	https://www.alhamra.fr
aliaspizza.fr	Alias Pizza	restauration	Paris	75	1	https://aliaspizza.fr
alibabaotantikebab.fr	Ali Baba	restauration	Lille	59	1	https://www.alibabaotantikebab.fr/
alice-pizza.net	Alice Pizza	restauration	Toulouse	31	1	https://www.alice-pizza.net/
aliceandi.fr	Alice and I	restauration	Nice	6	1	https://aliceandi.fr/
alikebab.fr	Ali Kebab	restauration	Toulouse	31	1	https://alikebab.fr
alinebeauteparis.fr	Aline Beauté	beaute_bienetre	Paris	75	1	https://www.alinebeauteparis.fr
alivemyresto.com	ALIVE My RESTO	restauration	Montpellier	34	1	http://www.alivemyresto.com
alix-bien-etre.fr	Alix	beaute_bienetre	Nantes	44	1	https://www.alix-bien-etre.fr
alixe-fougeres.com	Alixe Fougères	beaute_bienetre	Paris	75	1	https://www.alixe-fougeres.com
alixfirmin.fr	Alix Firmin	beaute_bienetre	Nantes	44	1	http://alixfirmin.fr
alizes-pressing-carrefour-wasquehal.business.site	AliZéS Naturellement Pressing	services_proximite	Lille	59	1	https://alizes-pressing-carrefour-wasquehal.business.site/
alizes-pressing.fr	Alizée Naturellement Pressing	services_proximite	Lille	59	1	https://www.alizes-pressing.fr
alizesinstitute.com	Cosy Institute	beaute_bienetre	Paris	75	1	https://alizesinstitute.com/
alkimia-france.fr	Alkimia	artisanat_btp	Dijon	21	1	https://www.alkimia-france.fr/
all.accor.com	Ibis Styles	restauration	Marseille	13	2	https://all.accor.com/hotel/B2C6/index.en.shtml
all4home.fr	All 4 Home	services_proximite	Paris	75	1	https://www.all4home.fr/menage-garde-enfant-paris-11-12/
allbikerepair.fr	All Bike Repair	services_proximite	Grenoble	38	1	https://allbikerepair.fr
alliance-services-depannages1.odoo.com	Alliance Services Dépannage	services_proximite	Paris	75	1	https://alliance-services-depannages1.odoo.com/
alliance-veranda-fermeture.fr	Alliance Véranda & Fermeture	artisanat_btp	Lyon	69	1	https://www.alliance-veranda-fermeture.fr/
allianceautos.fr	Alliance Autos	automobile	Saint-Etienne	42	1	https://allianceautos.fr/
alliancepvc.com	Alliance PVC	artisanat_btp	Paris	75	1	https://www.alliancepvc.com/
allo-casse-auto.fr	Allo! Casse Auto	automobile	Nancy	54	1	https://www.allo-casse-auto.fr/
allo-kebab.com	Allo Kebab	restauration	Lille	59	1	https://allo-kebab.com/
allo-liban.com	Allo Liban	restauration	Nice	6	1	https://allo-liban.com/fr
allo-pizza91.fr	Allo Pizza 91	restauration	Paris	75	1	https://www.allo-pizza91.fr/sandwichs-burgers
allo-pizzarapido.fr	Allo Pizza rapido's	restauration	Paris	75	1	https://www.allo-pizzarapido.fr/
allo-volet-service.fr	Allo Volet Service	artisanat_btp	Paris	75	1	https://www.allo-volet-service.fr/reparateur/luvumbo-luciano-choisy-le-roy-val-de-marne-ile-de-france/
allocouscous.fr	Allo Couscous	restauration	Lille	59	1	https://www.allocouscous.fr/
allonem.fr	Allo Nem	restauration	Marseille	13	1	www.allonem.fr
allonems.fr	Allo Nems	restauration	Strasbourg	67	1	https://www.allonems.fr/
allopcmobile.fr	Allo PC Mobile	services_proximite	Paris	75	1	https://www.allopcmobile.fr
allopizza-meudon.fr	Allo Pizza	restauration	Paris	75	1	https://www.allopizza-meudon.fr/?utm_source=openstreetmap&utm_campaign=qwantmaps
allopizzatorcy.fr	Allo Pizza	restauration	Paris	75	1	https://allopizzatorcy.fr/
allos.fr	Allos Bike	services_proximite	Grenoble	38	1	https://www.allos.fr/
allosaveurs.com	Allo Saveurs	restauration	Montpellier	34	1	https://www.allosaveurs.com/
allovelo.com	Allo Vélo	services_proximite	Paris	75	1	https://www.allovelo.com/
allrepair.fr	All Repair	services_proximite	Paris	75	1	https://www.allrepair.fr/
alltricks.fr	Alltricks	services_proximite	Paris	75	2	https://www.alltricks.fr/surl/magasin-velo-paris
almaty.eatbu.com	Almaty	restauration	Bordeaux	33	1	https://almaty.eatbu.com
aloecoiffure.fr	Aloé Coiffure	beaute_bienetre	Lyon	69	1	http://aloecoiffure.fr
aloevega.fr	AloeVega	restauration	Toulouse	31	1	https://aloevega.fr
aloha-poke.fr	Aloha Poké	restauration	Montpellier	34	1	https://aloha-poke.fr/
alohawaii.fr	Alohawaii	restauration	Paris	75	1	https://www.alohawaii.fr/
alphametal-29.com	Alpha Métal	artisanat_btp	Brest	29	1	https://alphametal-29.com/
altea-coiffure-institut.com	Altea	beaute_bienetre	Lyon	69	1	https://altea-coiffure-institut.com/
altermove.com	Altermove	services_proximite	Paris	75	3	https://www.altermove.com/content/9-altermove-de-paris-5
alternative.bike	Alternative Bike	services_proximite	Paris	75	1	https://alternative.bike
alticoopvelo.com	Alticoop VTT	services_proximite	Nice	6	1	https://alticoopvelo.com/decouvrez-le-magasin-alticoop-vtt/
altitudebois.com	Altitude Bois	artisanat_btp	Marseille	13	1	https://www.altitudebois.com/
alu-men.com	Alu-Men	artisanat_btp	Bordeaux	33	1	https://www.alu-men.com/
alu-sud.fr	Alu Sud	artisanat_btp	Toulouse	31	1	https://www.alu-sud.fr
alucatalan.fr	Alu Catalan	artisanat_btp	Perpignan	66	1	https://www.alucatalan.fr/
aluprojets.com	Alu Projets	artisanat_btp	Perpignan	66	1	https://www.aluprojets.com/
alvy-cycle.com	Alvy Cycle	services_proximite	Paris	75	1	https://www.alvy-cycle.com/
alynbeaute.fr	Alyn Beauté	beaute_bienetre	Paris	75	1	https://alynbeaute.fr
amafolia.fr	Amafolia	restauration	Toulouse	31	1	https://www.amafolia.fr/
amalyne.labnoonfood.fr	Amalyne	restauration	Lille	59	1	https://amalyne.labnoonfood.fr/
amand-douce.fr	Amand'Douce	beaute_bienetre	Lyon	69	1	https://www.amand-douce.fr/
amazen-spa.fr	Amazen	beaute_bienetre	Lyon	69	1	https://www.amazen-spa.fr/
amazonicorestaurant.com	Amazónico Monte-Carlo	restauration	Nice	6	1	https://www.amazonicorestaurant.com/monte-carlo/
ambianceetjardin.com	Ambiance et Jardin	artisanat_btp	Reims	51	1	https://www.ambianceetjardin.com/
ambiances-peinture.fr	Ambiances Peinture & Revêtement	artisanat_btp	Orleans	45	1	https://ambiances-peinture.fr/
ambre.coiffure69260.free.fr	Ambre Coiffure	beaute_bienetre	Lyon	69	1	http://ambre.coiffure69260.free.fr/
americancarwash-rennes.fr	American Car Wash	automobile	Rennes	35	1	https://www.americancarwash-rennes.fr/
americancarwash.com	American Car Wash	automobile	La Rochelle	17	1	https://www.americancarwash.com/magasins/9-american-car-wash-la-rochelle
americashophair.fr	America Shop Hair	beaute_bienetre	Nantes	44	1	https://www.americashophair.fr
ami-chemin.com	Ami-Chemin	restauration	Bordeaux	33	1	https://ami-chemin.com
amicimiei.mc	Amici Miei	restauration	Nice	6	1	https://amicimiei.mc/
amitieinstitutdebeaute.fr	Institut Amitié	beaute_bienetre	Paris	75	1	https://www.amitieinstitutdebeaute.fr
aml-nantes.com	AML Hair Beauty	beaute_bienetre	Nantes	44	1	https://www.aml-nantes.com
amore-mia.fr	Amore Mia	restauration	Toulouse	31	1	https://amore-mia.fr/
amoremio-pessac.fr	Amore Mio - Casa Di Mauro	restauration	Bordeaux	33	1	https://www.amoremio-pessac.fr/
amourcheveuxclub.com	Amour cheveux club	beaute_bienetre	Paris	75	1	https://amourcheveuxclub.com/
ams-beauty.com	Ams beauty	beaute_bienetre	Paris	75	1	https://ams-beauty.com/
amsparis.fr	AMS	artisanat_btp	Paris	75	1	https://amsparis.fr/
amyraparis.com	Amyra Paris	beaute_bienetre	Paris	75	1	https://amyraparis.com/
an-dochine.fr	Andochine	restauration	Toulouse	31	1	https://an-dochine.fr/
anantara-massage.fr	Anantara Siam	beaute_bienetre	Paris	75	1	https://www.anantara-massage.fr/
anaoplage.fr	Anao Beach	restauration	Nice	6	1	https://anaoplage.fr/
ancoravillefranche.fr	Ancora	restauration	Nice	6	1	https://www.ancoravillefranche.fr/
andiamo-toulouse.eatbu.com	Andiamo	restauration	Toulouse	31	1	https://andiamo-toulouse.eatbu.com
andiamopizzaathis-mons.fr	Andiamo Pizza	restauration	Paris	75	1	https://www.andiamopizzaathis-mons.fr/
andrea-pere-et-fils.fr	Andréa Père & Fils	artisanat_btp	Paris	75	1	https://andrea-pere-et-fils.fr
angelacoiffure.fr	Angela Coiffure	beaute_bienetre	Paris	75	1	https://www.angelacoiffure.fr
angelelectricite.fr	Angel Electricité	artisanat_btp	Lyon	69	1	https://www.angelelectricite.fr/contact.html
angko.fr	Angko	restauration	Lyon	69	1	https://www.angko.fr/
anglealpha.fr	Angle Alpha	restauration	Bordeaux	33	1	https://anglealpha.fr/
angusetbacchus.fr	Angus et Bacchus	restauration	Montpellier	34	1	https://www.angusetbacchus.fr/
anil-electricite.fr	Anil	artisanat_btp	Paris	75	1	https://www.anil-electricite.fr/
animsudouest-promofroid.com	Promofroid	artisanat_btp	Toulouse	31	1	https://www.animsudouest-promofroid.com
anisjaune.com	Anis Jaune	restauration	Bordeaux	33	1	https://anisjaune.com/
ankarakebab.fr	Ankara Kebab	restauration	Bordeaux	33	1	https://ankarakebab.fr
ankka.fr	Ankka Boétie	restauration	Paris	75	1	http://www.ankka.fr/
annabeaute.free.fr	Anna Beauté	beaute_bienetre	Paris	75	1	http://annabeaute.free.fr
anne-dherve-coiffure.fr	Anne d'Hervé	beaute_bienetre	Paris	75	1	https://anne-dherve-coiffure.fr/
annebcoiffure.mylocalsalon.com	Anne B coiffure	beaute_bienetre	Nantes	44	1	https://annebcoiffure.mylocalsalon.com/onlinebooking/v7410/Steps/SelectServices.aspx
annemarie-nails.fr	Anne Marie Nails	beaute_bienetre	Paris	75	1	https://www.annemarie-nails.fr/
annie-frot.eu	Annie Frot	beaute_bienetre	Paris	75	1	https://annie-frot.eu/
antana.fr	ANTANA (SCT Privée)	services_proximite	Paris	75	1	https://www.antana.fr/
anthonyrenatocoiffure.com	Anthony Renato	beaute_bienetre	Lyon	69	1	http://www.anthonyrenatocoiffure.com/
anticatrattoria-nice.fr	L'Antica Trottoria	restauration	Nice	6	1	https://anticatrattoria-nice.fr/fr
antidot-burger.fr	Antidot Burger	restauration	Toulouse	31	1	https://antidot-burger.fr/
antidothairstudio.net	Antidot Hair Studio	beaute_bienetre	Toulouse	31	1	https://www.antidothairstudio.net
antonyferretparis.com	Antony Ferret	beaute_bienetre	Paris	75	1	http://www.antonyferretparis.com/
anylisproprete.fr	Anylis	services_proximite	Rennes	35	1	https://anylisproprete.fr/
aoe35.com	AOE Plomberie Chauffage	artisanat_btp	Rennes	35	1	https://aoe35.com/
aokamo-lille.com	Aokamo	restauration	Lille	59	1	https://www.aokamo-lille.com/
aoyamarestaurant.com	Aoyama	restauration	Lille	59	1	https://www.aoyamarestaurant.com/
ap-colors.fr	AP Colors	automobile	Toulon	83	1	https://www.ap-colors.fr/
apef.fr	APEF Hem - Aide à domicile, Ménage, Jardinage et Garde d'enfants	services_proximite	Lille	59	1	https://www.apef.fr/nos-agences/apef-hem
aperosdebout.com	Apéros Debout	restauration	Lille	59	1	https://aperosdebout.com/restaurant/
apeti.fr	Apeti Segur	restauration	Paris	75	1	https://www.apeti.fr/
aphrodite.eatbu.com	Aphrodite	restauration	Bordeaux	33	1	https://aphrodite.eatbu.com
api-france.com	Auto Parts International	automobile	Toulouse	31	2	https://www.api-france.com
aplusglass.com	A+Glass Lyon	automobile	Lyon	69	25	https://www.aplusglass.com/centre-lyon7-69007
aplusglasslunion.fr	A+ Glass	automobile	Toulouse	31	1	https://aplusglasslunion.fr/
apmpro.fr	Auto Pièces Méditerranée	automobile	Montpellier	34	1	http://www.apmpro.fr
apopinorestaurant.com	Apopino	restauration	Nice	6	1	https://www.apopinorestaurant.com
app.cookie.menu	Cô Bây	restauration	Marseille	13	1	https://app.cookie.menu/restaurants/661e642dc724a3074efb922a#661e672dc724a38b42fb9e66
app.flexybeauty.com	Ici & Ailleurs	beaute_bienetre	Paris	75	1	https://app.flexybeauty.com/ici-and-ailleurs/home
app.kiute.com	Isabella B	beaute_bienetre	Paris	75	4	https://app.kiute.com/mon-coiffeur
app.rdvcoiffure.fr	Charlex	beaute_bienetre	Paris	75	1	https://app.rdvcoiffure.fr/saloncharlex/unidentified
app.skeat.fr	Gumbo Yaya	restauration	Paris	75	1	https://app.skeat.fr/directory/ZGlyOlMxczQ4Zmp1dw==
app.streetfood-manager.com		restauration	Paris	75	1	https://app.streetfood-manager.com/planning-sfem/site/171
applicresine.com	Applic Résine	artisanat_btp	Orleans	45	1	https://www.applicresine.com/
appro-utilitaires.com	Appro Utilitaires 49	automobile	Angers	49	1	https://www.appro-utilitaires.com/
aps-pieces-auto.com	APS	automobile	Nancy	54	1	https://aps-pieces-auto.com/contact-nancy/
apservices91.fr	AP services 91	services_proximite	Paris	75	1	https://www.apservices91.fr/
apulian.fr	Apulian	restauration	Toulouse	31	1	https://apulian.fr
aqualyse-institut.fr	Aqualyse Spa	beaute_bienetre	Lyon	69	1	https://aqualyse-institut.fr/
aquitainethermique.com	Aquitaine Thermique	artisanat_btp	Bordeaux	33	1	https://www.aquitainethermique.com/
aradhana.fr	Aradhana	restauration	Nice	6	1	https://aradhana.fr/
arancinilovers.com	Arancinis Lovers	restauration	Lille	59	1	https://www.arancinilovers.com/
arbolrestaurant.fr	Árbol	restauration	Bordeaux	33	1	https://www.arbolrestaurant.fr/
arcada-restaurant.fr	Arcada	restauration	Bordeaux	33	1	https://www.arcada-restaurant.fr
archisaz.fr	Archi-Saz	artisanat_btp	Paris	75	1	https://archisaz.fr
archphoenix.team	ArchPhénix Team (Atelier de Paris)	services_proximite	Paris	75	1	https://archphoenix.team
arcticjuicecafe.com	Artic Juice & Cafe	restauration	Lyon	69	1	https://www.arcticjuicecafe.com
ardoise-zinc.fr	Ardoise et Zinc	artisanat_btp	Rennes	35	1	https://www.ardoise-zinc.fr/
arena-automobile.fr	Garage Arena Automobile	automobile	Montpellier	34	1	https://arena-automobile.fr
arene-royale.fr	L'Arène Royale	restauration	Toulouse	31	1	http://arene-royale.fr
arepado.com	Arepado	restauration	Lyon	69	1	https://arepado.com/
ares-reims.fr	ARES	artisanat_btp	Reims	51	1	http://www.ares-reims.fr/
argentieriplatreriepeinture.com	Vincent Argentieri	artisanat_btp	Lyon	69	1	https://www.argentieriplatreriepeinture.com/
argentin-grill.com	L'Argentin Grill	restauration	Marseille	13	1	http://www.argentin-grill.com/
aria-energies.fr	Aria Energies	artisanat_btp	Brest	29	1	https://aria-energies.fr/
ariad-menuiserie-pau.fr	Ariad Menuiserie	artisanat_btp	Pau	64	1	http://www.ariad-menuiserie-pau.fr
arisbagels.com	Ari's Bagel	restauration	Paris	75	1	https://www.arisbagels.com/resto-bastille-4.html
arito-sushi.com	Arito Sushi	restauration	Nice	6	1	https://www.arito-sushi.com/
arizonapizza.fr		restauration	Paris	75	1	https://arizonapizza.fr
arkose.com	Arkose Cantine	restauration	Nice	6	1	https://arkose.com/nice/cantine
arlogis.com	Maisons ARLOGIS Aube - CDH	artisanat_btp	Troyes	10	1	https://www.arlogis.com/aube/
arm-informatique.fr	ARM Informatique	services_proximite	Paris	75	1	https://www.arm-informatique.fr/
armaniplombier.com	M. Armani	artisanat_btp	Paris	75	1	https://www.armaniplombier.com
armavir-nice.fr	Armavir	restauration	Nice	6	1	https://armavir-nice.fr/fr
armoric-menuiserie.com	Armoric Menuiserie	artisanat_btp	Rennes	35	1	https://www.armoric-menuiserie.com/
arnaudbike.fr	Arnaud Bike	services_proximite	Toulouse	31	1	https://www.arnaudbike.fr/
arnaudetlouis.fr	Arnaud & Louis	beaute_bienetre	Paris	75	1	http://www.arnaudetlouis.fr
arolbois.com	Arol Bois	artisanat_btp	Paris	75	1	https://www.arolbois.com
aroma-spa-institut.fr	Aroma Spa Institut	beaute_bienetre	Paris	75	1	https://aroma-spa-institut.fr
aromabeaute.fr	Aroma Beauté	beaute_bienetre	Lyon	69	1	https://www.aromabeaute.fr/
aromat-restaurant.fr	Aromat	restauration	Lille	59	1	https://aromat-restaurant.fr/
aromebase.fr	Aromebase	restauration	Lille	59	1	https://www.aromebase.fr
arrierepayslille.fr	L'arrière pays	restauration	Lille	59	1	https://www.arrierepayslille.fr/
arrosoir-marseille.com	Arrosoir	restauration	Marseille	13	1	https://www.arrosoir-marseille.com/
arsmetallum.fr	Ars Metallum	artisanat_btp	Rennes	35	1	https://www.arsmetallum.fr/
arson-pizza.fr	Arson Pizza	restauration	Nice	6	1	https://arson-pizza.fr
art-d-plhair-orvault.com	L'art D pl'hair	beaute_bienetre	Nantes	44	1	https://art-d-plhair-orvault.com/
artbeach.fr	Artbeach	restauration	Nice	6	1	https://www.artbeach.fr/
artdelame.fr	Art de l'Âme	beaute_bienetre	Toulouse	31	1	http://artdelame.fr
artdubain.fr	L'art du Bain	beaute_bienetre	Nantes	44	1	http://www.artdubain.fr
artduvelo.e-monsite.com	L'Art du Vélo	services_proximite	Grenoble	38	1	http://artduvelo.e-monsite.com/
artetcoiffure.net	Art et Coiffure	beaute_bienetre	Rouen	76	1	https://www.artetcoiffure.net/
artetcouleurs.net	Art & Couleurs	beaute_bienetre	Toulouse	31	1	https://www.artetcouleurs.net/
artetfenetres.com	Art & Fenêtres	artisanat_btp	Paris	75	1	https://www.artetfenetres.com/
artetfenetresiso.fr	Art & Fenêtres	artisanat_btp	Paris	75	1	https://artetfenetresiso.fr/marly-roi-yvelines-78160/
arti-mob.com	Arti Mob	artisanat_btp	Rennes	35	1	https://arti-mob.com/
artichaut-restaurant.com	L'Artichaut	restauration	Montpellier	34	1	https://www.artichaut-restaurant.com/
artisan-france-fenetre.fr	Artisan France Fenêtre	artisanat_btp	Paris	75	1	https://artisan-france-fenetre.fr/
artisandpeinture.business.site	Arti'Sand Peinture	artisanat_btp	Rennes	35	1	https://artisandpeinture.business.site/
artisankebab.fr	L'Artisan Kebab	restauration	Lyon	69	1	https://artisankebab.fr
artisanplombierparis.fr	Tortosa	artisanat_btp	Paris	75	1	https://www.artisanplombierparis.fr
artisans-alsaciens.fr	Artians Compagnons Alsaciens	artisanat_btp	Paris	75	1	https://artisans-alsaciens.fr/
artisans-de-louest.fr	Artisans de l'Ouest	artisanat_btp	Caen	14	1	https://www.artisans-de-louest.fr/
artivisor.com	Art Color	beaute_bienetre	Nantes	44	2	https://artivisor.com/artisan/art-color/
artms-artistes-coiffeurs.com	ART'ms	beaute_bienetre	Saint-Etienne	42	1	https://artms-artistes-coiffeurs.com/
artplac.fr	Art'plac	artisanat_btp	Orleans	45	1	https://artplac.fr
artpopcoiffure.com	Art Pop Coiffure	beaute_bienetre	Paris	75	1	https://www.artpopcoiffure.com/
artzenmassages.com	Baan Siam Massages	beaute_bienetre	Rouen	76	1	http://www.artzenmassages.com
aryanelec.fr	Aryanelec	artisanat_btp	Paris	75	1	https://www.aryanelec.fr/
as-couverture-etancheite.com	A.S. Couverture Etanchéité	artisanat_btp	Brest	29	1	https://as-couverture-etancheite.com
as17.fr	AS17	automobile	La Rochelle	17	1	https://as17.fr/
ascotel.fr	Le LABO	restauration	Lille	59	1	https://ascotel.fr
asetechnologie.paris	ASE Technologie	artisanat_btp	Paris	75	1	https://www.asetechnologie.paris/
ashourya.fr	Ashourya	restauration	Marseille	13	1	https://ashourya.fr
asia-box.fr	Asia Box	restauration	Bordeaux	33	1	https://asia-box.fr/
asiaexpress-nice.fr	Asia Express	restauration	Nice	6	1	https://asiaexpress-nice.fr
asiafood79.com	Asia Food	restauration	Nice	6	1	https://www.asiafood79.com/
asian-house.fr	Asian House	restauration	Lyon	69	1	https://asian-house.fr/
asian-orchidee.fr	Asian Orchidée	restauration	Toulouse	31	1	https://www.asian-orchidee.fr/
asianfactory.fr	Asian Factory	restauration	Nice	6	1	https://asianfactory.fr/
asianthaispa.fr	Asian Thai Spa	beaute_bienetre	Paris	75	1	http://asianthaispa.fr/
asiavillage.fr	Asia Village	restauration	Toulouse	31	1	http://www.asiavillage.fr
aspendos-villenavedornon.eatbu.com	Aspendos	restauration	Bordeaux	33	1	https://aspendos-villenavedornon.eatbu.com/?lang=fr
aspendos.fr	Aspendos	restauration	Lille	59	1	https://www.aspendos.fr/
assa-spa.fr	Assa	beaute_bienetre	Paris	75	1	https://www.assa-spa.fr
assadia.fr	Assadia	services_proximite	Paris	75	1	https://www.assadia.fr/
assitec.fr	Assitec	artisanat_btp	Rouen	76	1	https://assitec.fr/
association-clinamen.fr	Jardin potager vignes Clinamen Tampon / Usufruit	artisanat_btp	Paris	75	1	https://www.association-clinamen.fr/
association-dumonteil.fr	ACD - Association des centres pierres et louise dumonteil	services_proximite	Paris	75	1	https://www.association-dumonteil.fr/nos-%C3%A9tablissements/esat-p%C3%A8re-lachaise/
association-josephine.fr	Salon Joséphine	beaute_bienetre	Paris	75	1	https://www.association-josephine.fr
assomption-mtp.fr	Self	restauration	Montpellier	34	1	https://assomption-mtp.fr/mon-ecole/
assports.site-solocal.com	As Sports	services_proximite	Grenoble	38	1	https://assports.site-solocal.com/
asstec35.com	ASSTEC	artisanat_btp	Rennes	35	1	https://www.asstec35.com/
assuglass.fr	AssuGlass	automobile	Metz	57	1	https://assuglass.fr/nos-centres/hauconcourt/
astikoto.fr	Astikoto	automobile	Nantes	44	1	https://www.astikoto.fr/station-lavage/reze
asturienne.fr	Asturienne - Matériaux pour toitures	artisanat_btp	Paris	75	1	https://www.asturienne.fr/infos-agence/paris-11-asturienne-1522
asumare.fr	Asu Mare	restauration	Paris	75	1	https://www.asumare.fr
ata-habitat.com	ATA Habitat	artisanat_btp	Lyon	69	1	www.ATA-habitat.com
ataaable-lille.fr	À Taaable !!	restauration	Lille	59	1	http://www.ataaable-lille.fr/
atas.fr	ATAS	automobile	Montpellier	34	1	https://atas.fr
atelier-8.fr	Atelier 8	beaute_bienetre	Nantes	44	1	http://www.atelier-8.fr
atelier-arnaud-marie-coiffeur.fr	Arnaud Marie	beaute_bienetre	Paris	75	1	http://www.atelier-arnaud-marie-coiffeur.fr/
atelier-de-laurence-95.com	L'Atelier de Laurence	beaute_bienetre	Paris	75	1	https://www.atelier-de-laurence-95.com/
atelier-de-niko.fr	L'Atelier de Niko	artisanat_btp	Paris	75	1	https://www.atelier-de-niko.fr
atelier-delaunay.com	Atelier Delauney	artisanat_btp	Rouen	76	1	https://atelier-delaunay.com/
atelier-delaunay.fr	Atelier Delaunay	artisanat_btp	Le Havre	76	1	http://www.atelier-delaunay.fr/plombier_le-havre.html
atelier-depannage.com	Atelier de Dépannage	services_proximite	Paris	75	1	https://www.atelier-depannage.com/
atelier-des-bricoleurs.net	Atelier des bricoleurs	artisanat_btp	Toulouse	31	1	https://www.atelier-des-bricoleurs.net/
atelier-dlv.com	Atelier DLV	artisanat_btp	Paris	75	1	https://www.atelier-dlv.com
atelier-du-barbier-nantes.fr	L'Atelier du Barbier	beaute_bienetre	Nantes	44	3	https://www.atelier-du-barbier-nantes.fr
atelier-joubert-longjumeau.fr	Atelier Joubert	beaute_bienetre	Paris	75	1	https://www.atelier-joubert-longjumeau.fr/
atelier-montgallet.com	Atelier Montgallet	services_proximite	Paris	75	1	https://www.atelier-montgallet.com
atelier-oshiz-u.com	Atelier O'shiz-U	beaute_bienetre	Paris	75	1	https://atelier-oshiz-u.com/
atelier-pizza.eatbu.com	Atelier Pizza	restauration	Nice	6	1	https://atelier-pizza.eatbu.com/
atelier-robuste.fr	Atelier Robuste	services_proximite	Paris	75	1	https://atelier-robuste.fr/
atelier-soude.fr	Atelier de co-réparation à la Maison de l'Economie Circulaire	services_proximite	Lyon	69	2	http://atelier-soude.fr/
atelier-velo.fr	L'Atelier Vélo	services_proximite	Toulouse	31	1	https://atelier-velo.fr/
atelier7coiffure.com	Atelier 7	beaute_bienetre	Paris	75	1	https://www.atelier7coiffure.com/
atelierattal.com	Atelier Attal	services_proximite	Paris	75	1	https://www.atelierattal.com
atelierbenoist.fr	Atelier Benoist	artisanat_btp	Orleans	45	1	https://www.atelierbenoist.fr/
atelierbicyclette.fr	Atelier Bicyclette	services_proximite	Toulouse	31	1	https://www.atelierbicyclette.fr/
atelierbudapest.com	Atelier Budapest	artisanat_btp	Paris	75	1	https://www.atelierbudapest.com
ateliercoiffure.business.site	L'Atelier Coiffure	beaute_bienetre	Nantes	44	1	https://ateliercoiffure.business.site/
ateliercontrol.com	Atelier Control +	artisanat_btp	Paris	75	1	https://www.ateliercontrol.com/
ateliercyclelyon3.com	Atelier cycle Lyon 3	services_proximite	Lyon	69	1	https://ateliercyclelyon3.com/
atelierdelongle78.fr	Atelier de l'ongle	beaute_bienetre	Paris	75	1	https://www.atelierdelongle78.fr/
atelierdesbois.net	Atelier Desbois	services_proximite	Paris	75	1	https://www.atelierdesbois.net
atelierdeschefs.fr	L'atelier des Chefs	restauration	Toulouse	31	1	https://www.atelierdeschefs.fr
atelierdesfaures.fr	Atelier des Faures	restauration	Bordeaux	33	1	https://www.atelierdesfaures.fr/
atelierdubyclou.fr	Atelier du Byclou	services_proximite	Grenoble	38	1	https://www.atelierdubyclou.fr/
atelierdupide.fr	Atelier du Pide	restauration	Strasbourg	67	1	https://atelierdupide.fr/
atelierduportable.com	L’Atelier du portable	services_proximite	Paris	75	1	https://www.atelierduportable.com/
atelierdusourcil.com	L'Atelier du Sourcil	beaute_bienetre	Paris	75	2	https://www.atelierdusourcil.com/pages/latelier-du-sourcil-saint-germain-en-laye
atelierintermede.fr	L'Atelier Intermède	beaute_bienetre	Paris	75	1	https://atelierintermede.fr/salons/ter-rue-paul-vaillant-couturier-clamart
atelierlaturbine.fr	La Turbine	artisanat_btp	Toulouse	31	1	https://atelierlaturbine.fr/
ateliermajorelle.fr	Atelier Majorelle	beaute_bienetre	Paris	75	1	https://www.ateliermajorelle.fr/
ateliermarianne.fr	L. coiffure	beaute_bienetre	Paris	75	1	https://www.ateliermarianne.fr
ateliermaubeuge.com	Atelier Maubeuge	services_proximite	Paris	75	1	https://www.ateliermaubeuge.com
ateliernatureboutique.com	Atelier Nature	beaute_bienetre	Paris	75	1	https://ateliernatureboutique.com
atelierpizzawest.fr	Pizza West	restauration	Paris	75	1	http://www.atelierpizzawest.fr
atelierrochelais.com	Atelier Rochelais	automobile	La Rochelle	17	1	https://atelierrochelais.com/
ateliers-komuna.fr	KOMUNA	artisanat_btp	Lyon	69	1	www.ateliers-komuna.fr
atelierschuteslibres.com	Atelier Chutes libres	artisanat_btp	Paris	75	1	https://atelierschuteslibres.com/
ateliersdelaudace.fr	Les ateliers de l'audace	services_proximite	Lyon	69	1	https://www.ateliersdelaudace.fr/
ateliervelochevinay.fr	ATELIER VÉLO DE CHEVINAY	services_proximite	Lyon	69	1	https://ateliervelochevinay.fr
atequenfim-restaurant-portugais.fr	Ate Qu'enfim	restauration	Marseille	13	1	https://www.atequenfim-restaurant-portugais.fr/
aterno.fr	Aterno	artisanat_btp	Caen	14	1	https://www.aterno.fr/nos-agences/agence-de-caen.html
athenee-bienetre.con	Athénée	beaute_bienetre	Nantes	44	1	http://www.athenee-bienetre.con
atie-bat.fr	Atie Bat	artisanat_btp	Paris	75	1	https://www.atie-bat.fr/
atjservices.fr	ATJ Services	artisanat_btp	Bordeaux	33	1	https://atjservices.fr/
atlantem.fr	Atlantem	artisanat_btp	Marseille	13	1	https://www.atlantem.fr/
atlanticrecyclauto.com	Dilange	automobile	Rennes	35	1	https://www.atlanticrecyclauto.com/
atlas-peinture.fr	Atlas Peinture	artisanat_btp	Rouen	76	1	http://www.atlas-peinture.fr
atm-eau.fr	Atm'Eau	artisanat_btp	Nancy	54	1	https://www.atm-eau.fr/
atmosphere-viroflay.com	Atmosphère	beaute_bienetre	Paris	75	1	http://www.atmosphere-viroflay.com/
atoubaie.com	Atoubaie	artisanat_btp	Paris	75	1	https://www.atoubaie.com/
atouservices.fr	Atouservices	artisanat_btp	Bordeaux	33	1	https://atouservices.fr
atout-gaz.com	Atout Gaz	artisanat_btp	Lyon	69	1	https://www.atout-gaz.com/nos-agences/agence-lyon-gaz
atoutcontrast.com	Atout Contrast	beaute_bienetre	Paris	75	1	https://www.atoutcontrast.com/
atoutsnature.fr	Atouts Nature	artisanat_btp	Caen	14	1	https://atoutsnature.fr/
atoutsplus.fr	Atouts Plus	artisanat_btp	Rennes	35	1	https://www.atoutsplus.fr/
ats-accessibilite.com	Accessibilité travaux spéciaux	artisanat_btp	Paris	75	1	https://www.ats-accessibilite.com/
atta-paris16.fr	atta	restauration	Paris	75	1	https://www.atta-paris16.fr/
attelage-remorque-lyon.com	Attelage et remorque de Lyon	automobile	Lyon	69	1	http://www.attelage-remorque-lyon.com/
attila.fr	Attila	artisanat_btp	Paris	75	1	https://www.attila.fr/nos-agences/attila-versailles/
attimi.fr	Attimi	restauration	Nice	6	1	https://attimi.fr
attitudecoiffure-studiom.fr	Attitude Coiffure	beaute_bienetre	Saint-Etienne	42	1	https://www.attitudecoiffure-studiom.fr/
atu.de	A.T.U	automobile	Strasbourg	67	1	https://www.atu.de/filiale-kehl-68.html
au-30-meal.com	Au 30 meal	restauration	Lille	59	1	https://au-30-meal.com/
au-bout-du-quai-marseille.eatbu.com	Au Bout du Quai	restauration	Marseille	13	1	https://au-bout-du-quai-marseille.eatbu.com/?lang=fr&bit.ly%2Fabdq-g-sw=
au-gourmet-vietnam.eatbu.com	Au Gourmet Vietnam	restauration	Toulouse	31	1	https://au-gourmet-vietnam.eatbu.com
au-magasin.fr	Garage du boulevard (anciennement garage Koob)	automobile	Toulouse	31	1	https://www.au-magasin.fr/31000-toulouse/garage-koob-312291.html
au-monde-de-jennah.business.site	Le monde de jennah	restauration	Toulouse	31	1	https://au-monde-de-jennah.business.site/
au-moulin-d-or.hubside.fr	Morel & Fils - Au Moulin d'Or	restauration	Lille	59	1	https://au-moulin-d-or.hubside.fr/
au-pain-du-cavalier-paris.eatbu.com	Au pain du cavalier	restauration	Paris	75	1	https://au-pain-du-cavalier-paris.eatbu.com/
au-palais-du-poulet.eatbu.com	Au palais du poulet	restauration	Lille	59	1	https://au-palais-du-poulet.eatbu.com/?lang=fr#
au52.fr	Au 52	restauration	Lille	59	1	https://au52.fr/
aubaindesoleil.com	Au bain de soleil	beaute_bienetre	Paris	75	1	http://www.aubaindesoleil.com/index.asp?intro
aubateau-restaurant.fr	Au Bâteau	restauration	Lille	59	1	https://aubateau-restaurant.fr
aubercoif.fr	Aubercoif	beaute_bienetre	Paris	75	1	https://www.aubercoif.fr/
auberge-de-pichauris.com	Auberge de Pichauris	restauration	Marseille	13	1	https://www.auberge-de-pichauris.com/
auberge-hempempont.com	L'auberge d'Hempempont	restauration	Lille	59	1	https://www.auberge-hempempont.com/
aubergeandre.fr	L'Auberge André	restauration	Bordeaux	33	1	https://www.aubergeandre.fr/
aubergedebeauzelle.fr	L'Auberge de Beauzelle	restauration	Toulouse	31	1	https://www.aubergedebeauzelle.fr/
aubergedelangegardien.fr	Auberge de l'Ange Gardien	restauration	Lille	59	1	https://www.aubergedelangegardien.fr/
aubergedesroloirs.fr	Auberge des Roloirs	restauration	Lille	59	1	https://www.aubergedesroloirs.fr/
aubergedumerou.fr	L'auberge du Mérou	restauration	Marseille	13	1	https://aubergedumerou.fr/
aubergeploegsteert.be	L'auberge Ploegsteert	restauration	Lille	59	1	http://www.aubergeploegsteert.be/fr
aubonheurdesdames.fr	Au Bonheur des Dames	restauration	Lille	59	1	https://www.aubonheurdesdames.fr/
aubouchondeschartrons.fr	Au Bouchon des Chartrons	restauration	Bordeaux	33	1	https://www.aubouchondeschartrons.fr/
aubouclard.com	Au bouclard	services_proximite	Paris	75	1	https://www.aubouclard.com/
auboutdumonde.eu	Spa Au bout du Monde	beaute_bienetre	Lyon	69	1	https://www.auboutdumonde.eu/
aubrazier.fr	Au Brazier	restauration	Paris	75	1	https://www.aubrazier.fr/
aubureau-montpellier.fr	Au Bureau	restauration	Montpellier	34	1	https://aubureau-montpellier.fr
aubureau.fr	Au Bureau	restauration	Marseille	13	3	https://www.aubureau.fr/restaurant-brasserie/au-bureau-cabries
auburon.fr	Au Buron	restauration	Toulouse	31	1	https://www.auburon.fr
aucamville.tutti-pizza.com	Tutti Pizza	restauration	Toulouse	31	1	https://aucamville.tutti-pizza.com
aucomptoir-food.eatbu.com	O Comptoir Food	restauration	Toulouse	31	1	https://aucomptoir-food.eatbu.com/
audi-lyonsud.com	Audi Service Lyon Ouest - Groupe Central Autos	automobile	Lyon	69	1	https://www.audi-lyonsud.com/
audreycoiffure.com	Audrey Coiffure	beaute_bienetre	Rouen	76	1	http://www.audreycoiffure.com/
aufalafel.com	Au Falafel	restauration	Marseille	13	1	https://www.aufalafel.com/
aufildulinge.com	Au Fil du Linge	services_proximite	Montpellier	34	1	https://aufildulinge.com/Celleneuve/
augoutdujour.eu	Au goût du jour	restauration	Lille	59	1	https://www.augoutdujour.eu/
augusteetferdinand.com	Auguste & Ferdinand	restauration	Lille	59	1	https://www.augusteetferdinand.com/
aulavoirdefrance.fr	Ma Laverie	services_proximite	Nice	6	11	https://www.aulavoirdefrance.fr/laverie-nice-gorbella_en.html
aupaondorbrasserie.eatbu.com	Le Paon d'Or	restauration	Lille	59	1	https://aupaondorbrasserie.eatbu.com
aupimentpoivre.com	Au Piment Poivré	restauration	Lyon	69	1	https://www.aupimentpoivre.com/
auptithanoi.fr	Au P'tit Hanoï	restauration	Bordeaux	33	1	https://auptithanoi.fr
auralabtech.fr	Aura Lab Tech	services_proximite	Paris	75	1	http://www.auralabtech.fr
aurayondebonheur.fr	Au Rayon de Bonheur	services_proximite	Paris	75	1	https://aurayondebonheur.fr/
aurelie-r-paris.com	Aurélie R.	beaute_bienetre	Paris	75	1	https://aurelie-r-paris.com
aureparateurdebicyclettes.fr	Au Réparateur de Bicyclettes	services_proximite	Paris	75	1	https://www.aureparateurdebicyclettes.fr/
aurirestaurant.fr	Restaurant Interministèriel AURI	restauration	Paris	75	1	https://www.aurirestaurant.fr/
ausainthubert.zenchef.com	Au Saint-Hubert	restauration	Lille	59	1	https://ausainthubert.zenchef.com/
ausoon.com	Au Soon	restauration	Lille	59	1	https://www.ausoon.com/
auspaduvillage.fr	Au Spa du Village	beaute_bienetre	Paris	75	1	https://www.auspaduvillage.fr/
ausushiman.fr	Sushiman	restauration	Bordeaux	33	1	https://www.ausushiman.fr
autangourmand.com	Autan Gourmand	restauration	Toulouse	31	1	https://www.autangourmand.com/
autempledesens.com	Au Temple des Sens	beaute_bienetre	Lyon	69	1	https://www.autempledesens.com/
auteuil.franchise-biguine.com	Maison de beauté Jean-Claude Biguine	beaute_bienetre	Paris	75	1	https://auteuil.franchise-biguine.com/
authentic-cassdal.eatbu.com	Authentic Cass'dal Tourcoing	restauration	Lille	59	1	https://authentic-cassdal.eatbu.com/
authenticcoiffure.com	Authentic Coiffure	beaute_bienetre	Toulouse	31	1	https://www.authenticcoiffure.com/
authentiqueburger.com	Authentique Burger	restauration	Paris	75	1	https://authentiqueburger.com/
auto-design44.com	Auto Design 44	automobile	Nantes	44	1	https://www.auto-design44.com/
auto-detailing-reims.com	Auto Detailing Reims	automobile	Reims	51	1	https://www.auto-detailing-reims.com/
auto-mivoie.fr	Auto Mivoie	automobile	Rennes	35	1	http://www.auto-mivoie.fr
auto-pieces-atlantique.autodistribution.fr	Autodistribution	automobile	Rennes	35	1	https://auto-pieces-atlantique.autodistribution.fr/point-de-vente/autodistribution-auto-pieces-atlantique-carmoine-saint-gregoire
auto-poly-repar.fr	Auto Poly Repar	automobile	Rennes	35	1	https://www.auto-poly-repar.fr/
auto-service-diewold.de	Bosch Car Service Diewold	automobile	Strasbourg	67	1	http://www.auto-service-diewold.de/
auto-soins.fr	Auto Soins	automobile	Nancy	54	1	https://www.auto-soins.fr/
auto-standing.fr	Auto Standing	automobile	Lyon	69	1	https://www.auto-standing.fr/
auto.leclerc	L'Auto E.Leclerc	automobile	Metz	57	1	https://www.auto.leclerc/centre-auto/marly
autobretagnecarrosserie.com	Autos Bretagne Carrosserie	automobile	Rennes	35	1	https://www.autobretagnecarrosserie.com/
autodesloges.fr	Auto des Loges	automobile	Metz	57	1	https://www.autodesloges.fr
autodistribution.fr	Autodistribution Gobillot Proxi	automobile	Lyon	69	2	https://www.autodistribution.fr/
autohaus-schatz.de	Autohaus Schatz - Werkstatt	automobile	Strasbourg	67	1	https://autohaus-schatz.de/
autolavgreen.fr	AutoLavGreen	automobile	Nantes	44	1	https://www.autolavgreen.fr/
automeister-hilzinger.de	Automeister Hilzinger	automobile	Strasbourg	67	1	https://www.automeister-hilzinger.de/
automobile-club.org	Automobile Club Association - Strasbourg	automobile	Strasbourg	67	1	https://www.automobile-club.org/bureaux
automobiles-fritsch-carrosserie.fr	Automobiles Fritsch	automobile	Strasbourg	67	1	https://www.automobiles-fritsch-carrosserie.fr/
automobiles-raoul-moco.com	Automobiles Raoul Moço	automobile	Montpellier	34	1	https://www.automobiles-raoul-moco.com
autopieces31.fr	Auto Pieces 31	automobile	Toulouse	31	1	https://www.autopieces31.fr/
autopieces35.fr	Auto Pièces 35	automobile	Rennes	35	1	https://www.autopieces35.fr/
autopneuservices.fr	Auto Pneu Services	automobile	Toulouse	31	1	https://www.autopneuservices.fr/
autoprimo.com	LM Auto 29	automobile	Brest	29	2	https://www.autoprimo.com/magasin/9966-lm-autos-29
autos.fr	Avenue Des Lions Automobiles	automobile	Nantes	44	1	https://www.autos.fr/distributeur/adl
autoselfgarage.fr	Auto Self Garage	automobile	Nantes	44	1	https://www.autoselfgarage.fr/
autosphere.fr	Reprise Autosphere Lyon - Groupe Autosphere	automobile	Lyon	69	1	https://www.autosphere.fr/reprise/comment-vendre-voiture/reprise-auto-cash.html
autostock-montpellier.fr	Autostock	automobile	Montpellier	34	1	https://www.autostock-montpellier.fr
autoteile-steinel.de	Autoteile Steinel	automobile	Strasbourg	67	1	https://www.autoteile-steinel.de/
autour-de-pizz.metro.rest	Autour de Pizz'	restauration	Toulouse	31	1	https://autour-de-pizz.metro.rest
autourdelapoele.com	Autour de la pizz'	restauration	Lille	59	1	https://www.autourdelapoele.com/autour-de-la-pizz/
autourdelasie.com	Autour de l'Asie	restauration	Bordeaux	33	1	https://www.autourdelasie.com/
autourdubassin.com	Autour du Bassin	restauration	Montpellier	34	1	https://autourdubassin.com/
autourducycle.fr	Autour du Cycle	services_proximite	Paris	75	1	https://www.autourducycle.fr/
auveloelectrique.fr	Au vélo électrique	services_proximite	Marseille	13	1	http://www.auveloelectrique.fr/
auvieuxfour-nice.com	Au vieux Four	restauration	Nice	6	1	https://auvieuxfour-nice.com/
auvieuxpekin.fr	Au Vieux Pékin	restauration	Toulouse	31	1	http://www.auvieuxpekin.fr
auvieuxvelo.com	Au vieux vélo	services_proximite	Paris	75	1	https://auvieuxvelo.com/
aux-filles-du-cambodge.fr	Aux Filles du Cambodge	restauration	Lille	59	1	https://www.aux-filles-du-cambodge.fr/
aux-indes.ovh	Aux Indes	restauration	Lille	59	1	https://www.aux-indes.ovh/
aux2roues-comines.be	Aux2roues	services_proximite	Lille	59	1	https://www.aux2roues-comines.be/
auxamisdauguste.eatbu.com	Aux Amis d'Auguste	restauration	Nice	6	1	https://auxamisdauguste.eatbu.com/?lang=en
auxbretons.com	Aux Bretons	restauration	Lille	59	1	http://www.auxbretons.com/
auxcouleursdejulia.fr	Aux couleurs de Julia	beaute_bienetre	Paris	75	1	https://www.auxcouleursdejulia.fr
auxdelicesasie.fr	Aux Délices d'Asie	restauration	Bordeaux	33	1	https://auxdelicesasie.fr/
auxdelicesdepices.fr	Aux Délices d'Epices	restauration	Bordeaux	33	1	https://www.auxdelicesdepices.fr/
auxellesdange.fr	Aux Elles d'Anges	beaute_bienetre	Paris	75	1	https://www.auxellesdange.fr
auxenfantsterribles.fr	Aux Enfants Terribles	restauration	Lille	59	1	https://auxenfantsterribles.fr
auxepherites.com	Aux Éphérites	restauration	Lille	59	1	https://www.auxepherites.com
auxgourmandises-spa.fr	Aux Gourmandises	beaute_bienetre	Nantes	44	1	https://www.auxgourmandises-spa.fr
auxgoutsdailleurs.com	Aux Goût d'Ailleurs	restauration	Toulouse	31	1	https://auxgoutsdailleurs.com/
auxmoulesdelille.fr	Aux Moules de Lille	restauration	Lille	59	1	https://www.auxmoulesdelille.fr/
auxonglesdor.free.fr	Aux Ongles d'Or	beaute_bienetre	Paris	75	1	http://auxonglesdor.free.fr/
auxpiedssouslatable.fr	Aux Pieds Sous La Table	restauration	Toulouse	31	1	https://auxpiedssouslatable.fr
auxpizzasgourmandes.eatbu.com	Aux pizzas gourmandes	restauration	Bordeaux	33	1	https://auxpizzasgourmandes.eatbu.com/
auxportesdistanbul.com	Istanbul Kitchen	restauration	Paris	75	1	https://auxportesdistanbul.com/
auxsecretsdubien-etre.com	Aux secrets du bien-être	beaute_bienetre	Nantes	44	1	https://www.auxsecretsdubien-etre.com/
auxtambours.fr	Aux Tambours	services_proximite	Toulouse	31	1	https://www.auxtambours.fr/laverie-toulouse-arenes/
avatacar.com	Avatacar	automobile	Lyon	69	1	https://www.avatacar.com
avectonvelo.com	Avectonvelo.com	services_proximite	Lille	59	1	https://avectonvelo.com/
avenue-38-coiffure.ecoif.fr	Avenue 38 Coiffure	beaute_bienetre	Saint-Etienne	42	1	https://avenue-38-coiffure.ecoif.fr
avenue-carnot.com	L'Avenue Carnot	restauration	Bordeaux	33	1	https://www.avenue-carnot.com/
avenue31.mc	Avenue 31	restauration	Nice	6	1	https://www.avenue31.mc/
avenue73.com	Salon A.L.	beaute_bienetre	Nantes	44	5	https://www.avenue73.com/coiffeur/avenue73-nantes-bottiere-chenaie
avia-france.fr	Avia	automobile	Lyon	69	1	https://www.avia-france.fr/
avosvelos.com	À Vos Vélos	services_proximite	Paris	75	1	https://www.avosvelos.com/
awanails.fr	Awanails	beaute_bienetre	Paris	75	1	https://awanails.fr/
axeoservices.fr	Axeo Services	services_proximite	Paris	75	1	https://www.axeoservices.fr/agency/212-axeo-services-vallee-de-chevreuse
axial.org	Carrosserie des Etats-Unis	automobile	Lyon	69	3	https://www.axial.org/nos-carrossiers-axial/carrosserie-des-etats-unis
axxesmenuiseries.fr	Axxes Menuiseries	artisanat_btp	Perpignan	66	1	https://axxesmenuiseries.fr/
ayasofya-kebab-restaurant-corbas.eatbu.com	restaurant ayasofya	restauration	Lyon	69	1	https://ayasofya-kebab-restaurant-corbas.eatbu.com/
aytre-pneus.eurotyre.fr	Eurotyre - Aytre Pneus Services	automobile	La Rochelle	17	1	https://aytre-pneus.eurotyre.fr/
azae.com	Azae	services_proximite	Paris	75	1	https://www.azae.com/index-des-agences-par-ville/agence-azae-champs-sur-marne-77420-452.html/
azenka-spa.com	Azenka	beaute_bienetre	Paris	75	1	https://azenka-spa.com
azur-et-constructions.com	Azur Et Constructions	artisanat_btp	Marseille	13	1	https://www.azur-et-constructions.com/
azur-trotinettes.com	Azur Trotinettes	services_proximite	Nice	6	1	https://www.azur-trotinettes.com/
azur-trucks.fr	Vulco - Azur Trucks - La Farlède	automobile	Toulon	83	1	https://www.azur-trucks.fr/pneus/
azurecopressing.com	Azur Eco Pressing	services_proximite	Nice	6	1	https://azurecopressing.com
b-o-c-a.com	Boca	restauration	Montpellier	34	1	https://b-o-c-a.com
baan.fr	Baan Siam	restauration	Toulouse	31	1	http://www.baan.fr/
baankheo.com	Baan Kheo Spa	beaute_bienetre	Paris	75	1	https://www.baankheo.com
baanmai-thai-spa-91.fr		beaute_bienetre	Paris	75	1	https://www.baanmai-thai-spa-91.fr/
bab-bar-beaute.com	BAB - Bar à Beauté	beaute_bienetre	Nantes	44	5	https://bab-bar-beaute.com/
baba-bey.fr	Baba Bey	restauration	Paris	75	1	https://baba-bey.fr
baba-fritas.fr	Baba Fritas	restauration	Lyon	69	1	https://www.baba-fritas.fr/
babacanteen.com	Baba canteen	restauration	Toulouse	31	1	https://babacanteen.com/
babel.casa	Babel Dwichs	restauration	Paris	75	1	https://babel.casa
babelbabel.fr	Babel Babel	restauration	Nice	6	1	https://www.babelbabel.fr/
babette-conceptstore.com	Babette	restauration	Bordeaux	33	1	https://babette-conceptstore.com/bordeaux/
babouchka-restaurant.com	Babouchka	restauration	Bordeaux	33	1	https://www.babouchka-restaurant.com/
baboulin.com	CycloBAB	services_proximite	Grenoble	38	1	https://baboulin.com/cyclobab/
bacaro-toulouse.fr	Bàcaro	restauration	Toulouse	31	1	http://bacaro-toulouse.fr/
bach-kfz.eu	Bach Kfz-Service	automobile	Strasbourg	67	1	https://bach-kfz.eu/
baciodivino.fr	Bacio Divino	restauration	Lille	59	1	https://www.baciodivino.fr/
bagelandu.com	Bagel & U	restauration	Montpellier	34	1	https://bagelandu.com/
bagelbagels.fr	New York Deli - Bagels & Burgers	restauration	Paris	75	1	http://www.bagelbagels.fr/
bagelcorner.fr	Bagel Corner	restauration	Paris	75	1	https://www.bagelcorner.fr/
bagelsandbrownies.fr	Bagels & Brownies	restauration	Paris	75	1	https://bagelsandbrownies.fr
bagelstein.com	Bagelstein	restauration	Paris	75	3	https://www.bagelstein.com/restaurant/versailles-hoche/
bagelstore.fr	Bagel Store	restauration	Montpellier	34	1	http://www.bagelstore.fr/
bagneuxenvironnement.org	Recyclerie	services_proximite	Paris	75	1	https://bagneuxenvironnement.org/recycleriebe4026/
baguelerie-marseillaise.fr	Baguelerie Marseillaise	restauration	Marseille	13	1	www.baguelerie-marseillaise.fr
baguetup.com	Baguet'up	restauration	Toulouse	31	1	https://www.baguetup.com/
baiabella.com	Baia Bella	restauration	Nice	6	1	https://www.baiabella.com/
bainsdepsom.fr	Bains d'Epsom	beaute_bienetre	Nantes	44	1	https://www.bainsdepsom.fr
bakfiets-pk.com	Bakfiets-pk	services_proximite	Lille	59	1	https://www.bakfiets-pk.com/
balagan-marseille.fr	Le Balagan	restauration	Marseille	13	1	https://balagan-marseille.fr/
balbianoservices.fr	Svb	artisanat_btp	Le Havre	76	1	https://balbianoservices.fr/
baleo-pressing.com	Baleo	services_proximite	Paris	75	1	https://www.baleo-pressing.com/pressings/montreuil-93-la-seine-saint-denis-4
baltayan.fr	Baltayan	services_proximite	Lyon	69	1	https://www.baltayan.fr/
bama-nice.com	BA MA	restauration	Nice	6	1	https://bama-nice.com/
bambinopizzaclub.fr	Bambino Pizza Club	restauration	Montpellier	34	1	https://www.bambinopizzaclub.fr/
bamcycle.fr	Bamcycle	services_proximite	Toulouse	31	1	https://bamcycle.fr/
banbuaspa.com		beaute_bienetre	Paris	75	1	https://www.banbuaspa.com
bandbsun.com	B&B Sun	beaute_bienetre	Saint-Etienne	42	1	https://bandbsun.com
bangburgers.com	Bang Burgers	restauration	Strasbourg	67	1	https://bangburgers.com/
bangcookresto.fr	Bangcook	restauration	Paris	75	1	https://bangcookresto.fr
bangkok-bol.fr	Bongkok Bol	restauration	Toulouse	31	1	http://bangkok-bol.fr/
bangkokspa-paris16.com	Bangkok Spa	beaute_bienetre	Paris	75	1	https://bangkokspa-paris16.com/
banhmiviet-tls.fr	Bánh Mì 2	restauration	Toulouse	31	1	https://www.banhmiviet-tls.fr/
banneton.fr	Sandwicherie Banneton	restauration	Lyon	69	1	https://banneton.fr/
bannoi-castries.fr	Ban Noï	restauration	Montpellier	34	1	https://bannoi-castries.fr/
bansinthai.fr	Ban Sin Thaï	beaute_bienetre	Paris	75	1	https://www.bansinthai.fr/
banthaispa.com	Ban Thaï Spa	beaute_bienetre	Paris	75	1	https://banthaispa.com
bao-burger.com	BAO BURGER	restauration	Bordeaux	33	1	https://www.bao-burger.com/
bao-house.fr	Bao House	restauration	Toulouse	31	1	https://www.bao-house.fr/
baolehaillan.com	Bao - Refuge festif	restauration	Bordeaux	33	1	https://www.baolehaillan.com
baotime.fr	Bao Time	restauration	Lyon	69	1	https://www.baotime.fr/
baptime.fr	Bap Time	restauration	Paris	75	1	https://baptime.fr/
barapom.com	Barapom	restauration	Toulouse	31	1	https://www.barapom.com/
baraviande-lesoiessauvages.com	Les Oies Sauvages	restauration	Toulouse	31	1	https://www.baraviande-lesoiessauvages.com/
baravrac.com	Le Bar à Vrac	restauration	Marseille	13	1	https://baravrac.com/
barazzetti-fils.fr	Barazetti - Fils	artisanat_btp	Paris	75	1	https://www.barazzetti-fils.fr/
barbe-edi.fr	Expert Dommotique Immotique	artisanat_btp	Rennes	35	1	https://www.barbe-edi.fr/
barber-lamiseajour.fr	Barber La Mise à Jour	beaute_bienetre	Lyon	69	1	https://barber-lamiseajour.fr/artisan-coiffeur-barbier-saint-maurice-de-beynost-ain-01/
barberjouy.fr	Barber Jouy	beaute_bienetre	Paris	75	1	https://barberjouy.fr
barbersclub.fr	Barber's Club	beaute_bienetre	Toulouse	31	1	http://barbersclub.fr/
barbershop-bymercato.com	Barbershop by Mercato	beaute_bienetre	Paris	75	1	http://www.barbershop-bymercato.com/
barbershop-paris.fr	Barber Shop & Lady	beaute_bienetre	Paris	75	1	https://www.barbershop-paris.fr
barbershopindustrie.fr	Industrie Barber Shop	beaute_bienetre	Lyon	69	1	https://barbershopindustrie.fr
barbershopjoker.fr	Barber Shop by Joker	beaute_bienetre	Toulouse	31	1	https://barbershopjoker.fr/
barbertoulouse.fr	Élite Barber	beaute_bienetre	Toulouse	31	1	https://barbertoulouse.fr/
barbiersaintlouis.fr	Barbier Saint Louis	beaute_bienetre	Paris	75	1	https://www.barbiersaintlouis.fr
barduboucher.com	Le Bar du Boucher	restauration	Bordeaux	33	1	https://barduboucher.com
bargerburger.fr	Barger Burger	restauration	Bordeaux	33	1	https://www.bargerburger.fr/
bari-trattoria.fr	Bari Trattoria	restauration	Montpellier	34	1	https://bari-trattoria.fr/
baroudeur-cycles.com	Baroudeur Cycles - L'Atelier	services_proximite	Lyon	69	2	https://baroudeur-cycles.com/
barrault.com	Barrault	automobile	Angers	49	1	https://barrault.com/magasins-de-pieces-automobiles/59-beaucouze/
barricot.fr	Barricot	restauration	Toulouse	31	1	https://www.barricot.fr/
barriomio.fr	Barrio Mio;Giant	services_proximite	Toulouse	31	1	https://www.barriomio.fr/
bartbarber.fr	Bart Barber	beaute_bienetre	Paris	75	1	www.bartbarber.fr
bartgruppo.wixsite.com	Bart	restauration	Lille	59	1	https://bartgruppo.wixsite.com/bart
basaltwheels.com	Basaltwheels	services_proximite	Montpellier	34	2	https://www.basaltwheels.com/
basfroicycles.com	Basfroi Cycles	services_proximite	Paris	75	1	https://basfroicycles.com
basicbymina.fr	Basic By Mina	beaute_bienetre	Marseille	13	1	https://www.basicbymina.fr/
basicycle.com	Basicycle	services_proximite	Paris	75	1	https://www.basicycle.com/
basilic-and-co.com	Basilic & Co	restauration	Paris	75	6	https://basilic-and-co.com/restaurants/pizzeria-massy-vilmorin/
basis.paris	Basis	restauration	Paris	75	1	https://www.basis.paris/
bassocompotes.fr	Basso Com'pôtes	restauration	Toulouse	31	1	https://bassocompotes.fr/
bastien-trebulle.com	Bastien & Trebulle	artisanat_btp	Paris	75	1	https://www.bastien-trebulle.com/
baston-restaurant.fr	Baston	restauration	Bordeaux	33	1	https://baston-restaurant.fr/
batidel.fr	Batidel	artisanat_btp	Reims	51	1	https://www.batidel.fr/
batimem.fr	Batimem	artisanat_btp	Paris	75	1	https://batimem.fr/
batisol-rennes.com	Batisol	artisanat_btp	Rennes	35	1	https://www.batisol-rennes.com/
batistyl-habitat.fr	Batistyl Habitat	artisanat_btp	Rouen	76	1	https://www.batistyl-habitat.fr/agences/batistyl-habitat-rouen-instalateur-fenetres/?utm_source=gmb
battambang-food.com	Battambang Food	restauration	Nice	6	1	https://battambang-food.com/
batteries-energie.com	Atlantic Batteries	automobile	Angers	49	1	https://www.batteries-energie.com/
baume-cm.com	Baume	artisanat_btp	Brest	29	1	https://www.baume-cm.com/
baz-ic.com	Baz.ic	beaute_bienetre	Paris	75	1	https://baz-ic.com/
bazinfalletta.com	Bazin Falletta SARL	artisanat_btp	Marseille	13	1	http://www.bazinfalletta.com/
bbtparis.com	B.B.T	restauration	Paris	75	1	https://www.bbtparis.com/
bc-coiffure-oullins.fr	BC Coiffure	beaute_bienetre	Lyon	69	2	https://www.bc-coiffure-oullins.fr/
bc-residences.fr	Bc Résidences	artisanat_btp	Reims	51	1	https://www.bc-residences.fr
bcbat33.fr	Arcades & Baies	artisanat_btp	Bordeaux	33	1	https://www.bcbat33.fr/
bchef.fr	B Chef	restauration	Paris	75	2	https://bchef.fr/
bcsfrance.com	BCS France	artisanat_btp	Toulouse	31	4	https://www.bcsfrance.com/produits-services/désinsectisation-dératisation-désinfection
bds-isolation.fr	BDS isolation	artisanat_btp	Paris	75	1	http://bds-isolation.fr
be-elegant.fr	Be Elegant	beaute_bienetre	Paris	75	1	https://be-elegant.fr/
beachklubber.com	Beach Klubber	restauration	Nice	6	1	https://www.beachklubber.com/
beachparadise.fr	Beach Paradise	restauration	Nice	6	1	http://www.beachparadise.fr/
beansmarseille.com	Beans Marseille Brunch	restauration	Marseille	13	1	https://beansmarseille.com/
beastybike.com	L'hirondelle	services_proximite	Paris	75	1	https://www.beastybike.com/
beaubourg.sweetraviolis.com	Voyage Gourmand	restauration	Paris	75	1	https://beaubourg.sweetraviolis.com
beauchamp.ouvertures.com	Beynat fermetures 95	artisanat_btp	Paris	75	1	https://beauchamp.ouvertures.com/?
beaute-nantaise.com	Beauté Nantaise	beaute_bienetre	Nantes	44	1	https://www.beaute-nantaise.com/
beaute-onaturel.com	O'Naturel	beaute_bienetre	Paris	75	1	https://beaute-onaturel.com/
beauteaddictspa.fr	Beauté Addict	beaute_bienetre	Paris	75	1	https://www.beauteaddictspa.fr/
beautebylois.com	Beauté by Loïs	beaute_bienetre	Lyon	69	1	https://www.beautebylois.com
beauteindienne.com	Stella	beaute_bienetre	Paris	75	1	http://www.beauteindienne.com
beautelissparis.com	Beauté & Liss	beaute_bienetre	Paris	75	1	https://beautelissparis.com/
beautepetillante-clelia.fr	Beauté Pétillante par Clélia	beaute_bienetre	Paris	75	1	https://www.beautepetillante-clelia.fr
beautezen-paris.fr	Beauté Zen	beaute_bienetre	Paris	75	1	https://beautezen-paris.fr/
beauty-and-makup-institut.business.site	Beauty and Mak'up Institut	beaute_bienetre	Paris	75	1	https://beauty-and-makup-institut.business.site/
beauty-elite.fr	Beauty Elite	beaute_bienetre	Nantes	44	1	https://beauty-elite.fr/
beauty-ly.fr	Beauty Ly Spa Luxe	beaute_bienetre	Paris	75	1	https://beauty-ly.fr/le-spa/
beauty-zen.fr	Beauty Zen	beaute_bienetre	Paris	75	1	https://www.beauty-zen.fr/
beautygreeninstitut.com	Beauty Green Institut	beaute_bienetre	Rouen	76	1	https://www.beautygreeninstitut.com/
beautyndiary.fr	Beauty N’Diary	beaute_bienetre	Paris	75	1	https://www.beautyndiary.fr/
beautyparis.fr	Beauty Paris	beaute_bienetre	Paris	75	1	https://www.beautyparis.fr/
beautyplanet.com	Asnières Coiffure	beaute_bienetre	Paris	75	1	https://beautyplanet.com/asnieres-coiffure-1264
beautyqueennails.com	Les Ongles de Princesse	beaute_bienetre	Paris	75	1	https://www.beautyqueennails.com
beautyslyon.com	Céleste coiffure & esthétique by Stéphanie B.	beaute_bienetre	Lyon	69	1	https://www.beautyslyon.com/
beautyspot.fr	Beauty Spot	beaute_bienetre	Paris	75	1	https://www.beautyspot.fr
beautyssime.fr	Beautyssime	beaute_bienetre	Paris	75	1	https://www.beautyssime.fr/
beautysuccess.fr	Beauty Success	beaute_bienetre	Paris	75	2	https://www.beautysuccess.fr/nos-points-de-vente/le-vesinet/212/
beefbar.com	Beefbar	restauration	Nice	6	2	https://beefbar.com/
beepressing.fr	Bee Pressing	services_proximite	Paris	75	1	https://www.beepressing.fr
beers-and-co.fr	Beer & co	restauration	Lille	59	1	https://www.beers-and-co.fr/nos-restaurants/villeneuve-dascq/
beerstro.fr	Beerstro	restauration	Lille	59	1	https://www.beerstro.fr/
begi.fr	BJ35	artisanat_btp	Rennes	35	1	http://Begi.fr
begrand.fr	Entreprise Begrand	artisanat_btp	Paris	75	1	http://www.begrand.fr
beirut-kitchen-gallieni.com	Beirut Kitchen - Cantine du Levant	restauration	Bordeaux	33	1	https://beirut-kitchen-gallieni.com/
beirut-kitchen.com	Beirut Kitchen	restauration	Bordeaux	33	1	https://beirut-kitchen.com/
beitcafeparis.com	Beit café	restauration	Paris	75	1	https://www.beitcafeparis.com/
beiti.fr	Beiti	restauration	Paris	75	1	https://www.beiti.fr/
belaroiahotel.fr	Chez Delagare	restauration	Montpellier	34	1	https://belaroiahotel.fr/chez-delagare
beldameinstitut.fr	Institut Beldame	beaute_bienetre	Paris	75	1	http://beldameinstitut.fr/
beletblanc.fr	Pressing Bel et Blanc	services_proximite	Toulouse	31	3	http://www.beletblanc.fr
belfries.fr	Bel Fries	restauration	Toulouse	31	1	https://belfries.fr
bella-bay.fr	Bella Bay	restauration	Nice	6	1	https://bella-bay.fr/
bellanapoli94.fr	Bella Napoli	restauration	Paris	75	1	https://www.bellanapoli94.fr/
bellapizzalognes.business.site	Bella Pizza	restauration	Paris	75	1	https://bellapizzalognes.business.site/
bellavitapizzas.fr	Bella Vita Pizza	restauration	Paris	75	1	https://www.bellavitapizzas.fr/mobile/index.php
belle-epine.klepierre.fr	Franck Provost	beaute_bienetre	Paris	75	1	https://belle-epine.klepierre.fr/boutiques-restaurants/franck-provost
belledemaia.com	Belle de Maïa	beaute_bienetre	Lyon	69	1	https://belledemaia.com
belleetbien76.com	Belle & Bien	beaute_bienetre	Rouen	76	1	https://www.belleetbien76.com/
belleonaturel-paris.fr	Belle O Naturel	beaute_bienetre	Paris	75	1	https://belleonaturel-paris.fr
bellepourl.fr	Belle pour L	beaute_bienetre	Marseille	13	1	https://www.bellepourl.fr/
bellesetrebelles-bysavi.fr	Belles & Rebelles	beaute_bienetre	Paris	75	1	https://www.bellesetrebelles-bysavi.fr
bellizzi-pizza.fr		restauration	Lille	59	1	https://bellizzi-pizza.fr/
bellocq.eu	Bellocq	restauration	Toulouse	31	1	https://www.bellocq.eu/
belluccipizza-paris10.fr	Bellucci	restauration	Paris	75	1	https://belluccipizza-paris10.fr/
belmaryparis.fr	Belmary	beaute_bienetre	Paris	75	1	https://belmaryparis.fr
belr-automobiles.com	Bel'R Automobiles	automobile	La Rochelle	17	1	https://www.belr-automobiles.com/
bendry.fr	Bendry	beaute_bienetre	Paris	75	1	https://www.bendry.fr/
benjamin-guillaume.com	benjamin Guillaume	artisanat_btp	Reims	51	1	https://www.benjamin-guillaume.com/
bento9.fr	Bento 9	restauration	Paris	75	1	https://bento9.fr/menu
bentoandgo.com	Bento&Go!	restauration	Paris	75	1	https://bentoandgo.com
bentoya.fr	Bentoya	restauration	Paris	75	1	https://bentoya.fr
bep-chay.com	Bep Chay	restauration	Toulouse	31	1	https://bep-chay.com
beperfect.fr	Be perfect	beaute_bienetre	Paris	75	1	https://beperfect.fr/
berceauafrique.com	Berceau d'Afrique	restauration	Lille	59	1	http://berceauafrique.com/
berco-nice.com	Berco	restauration	Nice	6	1	https://www.berco-nice.com/
berliner-do.com	Berliner	restauration	Paris	75	1	https://www.berliner-do.com
bernardetleon.com	Bernard et Léon	restauration	Lille	59	1	https://www.bernardetleon.com/
bernhard-cavalie-gray.com	Piano Coiffure	beaute_bienetre	Paris	75	1	https://www.bernhard-cavalie-gray.com
berniecoffee.fr	Oeuf	restauration	Marseille	13	1	https://berniecoffee.fr/
beroli.artetfenetres.com	Art et Fenêtres	artisanat_btp	Perpignan	66	1	https://beroli.artetfenetres.com/
berthe-restaurant.fr	Berthe	restauration	Montpellier	34	1	https://berthe-restaurant.fr/
bertrandetfils.fr	Plomberie Bertrand et Fils	artisanat_btp	Toulouse	31	1	https://www.bertrandetfils.fr/
berwald.fr	Neopart Fia Littoral	automobile	Nimes	30	1	http://www.berwald.fr/
bessin-pavillons.com	Bessin Pavillons	artisanat_btp	Caen	14	1	https://www.bessin-pavillons.com/
bestbagels.fr	Best Bagel Lyon Lumière	restauration	Lyon	69	1	https://www.bestbagels.fr/restaurant/lyon-lumiere/
bestdrive.fr	Toulouse Pneus	automobile	Toulouse	31	6	https://bestdrive.fr/centres/balma-267.html
bestfenetres.net	Best Fenêtres	artisanat_btp	Paris	75	1	https://bestfenetres.net/
bestofhalal.fr	Best Of	restauration	Toulouse	31	1	https://www.bestofhalal.fr/
bey-cafe.eatbu.com	Bey Café	restauration	Nice	6	1	https://bey-cafe.eatbu.com/?lang=fr
beyapro-reims.fr	Garage BEYA PRO	automobile	Reims	51	1	https://www.beyapro-reims.fr/
beyrouth.eatbu.com	Beyrouth	restauration	Toulouse	31	1	https://beyrouth.eatbu.com
beyrouthcafe.com	Café Beyrouth	restauration	Nice	6	1	https://beyrouthcafe.com/
beyti1.wordpress.com	Beyti	restauration	Toulouse	31	1	https://beyti1.wordpress.com/
bfc-restaurant.fr	Boum Fried Chicken	restauration	Toulouse	31	1	https://bfc-restaurant.fr/
bfcindianaparis.fr	Indiana BFC	restauration	Paris	75	1	https://www.bfcindianaparis.fr/
bhaiyakitchen.com	Bhaiya Kitchen	restauration	Toulouse	31	1	https://www.bhaiyakitchen.com/
biasini-electricite.com	Biasini	artisanat_btp	Toulouse	31	1	https://www.biasini-electricite.com/
bibibap.fr	Bibibap	restauration	Bordeaux	33	2	http://www.bibibap.fr/
bibibike.fr	Bibibike	services_proximite	Toulouse	31	1	https://www.bibibike.fr/
bibimcup.fr	Bibimcup	restauration	Paris	75	1	http://bibimcup.fr/
bibstrot-restaurant.eatbu.com	Le Bib'strot	restauration	Bordeaux	33	1	https://bibstrot-restaurant.eatbu.com
biciclettashop-nice.com	Bicicletta shop	services_proximite	Nice	6	1	https://biciclettashop-nice.com/
bicycland.com	Bicycland	services_proximite	Paris	75	1	https://bicycland.com/
bicyclart.fr	Bicycl'Art	services_proximite	Paris	75	1	https://bicyclart.fr/
bicyclestore.fr	BiCyCle Store	services_proximite	Paris	75	1	https://www.bicyclestore.fr/
bicycletimes48.com	Bicycle Times	services_proximite	Rennes	35	1	https://bicycletimes48.com/
bicyclette-batignolles.fr	La bicyclette des Batignolles	services_proximite	Paris	75	1	https://www.bicyclette-batignolles.fr/
bicyclit.fr	Bicyclit'	services_proximite	Toulouse	31	1	https://bicyclit.fr
bicyclo.org	La Maison du Vélo	services_proximite	Paris	75	1	https://www.bicyclo.org
bicyclup.org	Bicycl'Up	services_proximite	Lille	59	1	https://www.bicyclup.org/
bien-etre-cachan.fr	Sandrine Laude	beaute_bienetre	Paris	75	1	https://www.bien-etre-cachan.fr
bienvenue-chez-gas.fr	Bienvenue chez Gas	automobile	Brest	29	1	https://www.bienvenue-chez-gas.fr/
bienvenue-en-asie.com	Bienvenue en Asie	restauration	Nice	6	1	https://bienvenue-en-asie.com/
bigandburger.fr	Big & Burger	restauration	Lyon	69	1	https://bigandburger.fr/
bigdiner-vitrolles.fr	Big Diner	restauration	Marseille	13	1	https://www.bigdiner-vitrolles.fr/
bigfamilykitchens.com	Big Family	restauration	Marseille	13	1	https://www.bigfamilykitchens.com/
bigfernand.com	Big Fernand	restauration	Paris	75	3	https://bigfernand.com/restaurants/nanterre-2/
bigm-burger.fr	Big M	restauration	Paris	75	1	https://bigm-burger.fr/
bigmammagroup.com	La Belleza Big Mamma	restauration	Lille	59	1	https://www.bigmammagroup.com/fr/trattorias/la-bellezza
bigpicklecafe.com	Big Pickle Cafe	restauration	Nice	6	1	https://www.bigpicklecafe.com/
bigshanghai.fr	Big Shanghai	restauration	Paris	75	1	https://bigshanghai.fr/
bigsmash.fr	Big Smash	restauration	Toulouse	31	1	https://www.bigsmash.fr/
biguine.com	Jean-Claude Biguine	beaute_bienetre	Paris	75	1	http://www.biguine.com/
bikecityzen.com	BikeCityZen	services_proximite	Lyon	69	1	https://www.bikecityzen.com/
bikerestore.fr	Bike Restore	services_proximite	Paris	75	1	https://www.bikerestore.fr/
bilitiscoiffure.fr		beaute_bienetre	Paris	75	1	http://www.bilitiscoiffure.fr/
bills-burger.fr	Bills Burger	restauration	Paris	75	1	https://bills-burger.fr/
billsburger.fr	Bills Burger	restauration	Lyon	69	1	https://www.billsburger.fr/
bimbao.fr	Bimbao	restauration	Bordeaux	33	1	https://bimbao.fr/
bio-form-spa.com	Bio Form Spa	beaute_bienetre	Paris	75	1	https://www.bio-form-spa.com/
bio-latitude.com	Bio Latitude	beaute_bienetre	Nantes	44	1	https://www.bio-latitude.com
biobela.com	Biobela	beaute_bienetre	Paris	75	1	https://biobela.com/
bioburger.fr	Bioburger	restauration	Lyon	69	1	https://www.bioburger.fr/restaurant-bio/burger-lyon-part-dieu/
biochaleur.fr	BioChaleur & Design	artisanat_btp	Nancy	54	1	https://www.biochaleur.fr/
biocoiff.com	Biocoiff	beaute_bienetre	Paris	75	1	http://www.biocoiff.com/
biogstore.com	Biogstore	restauration	Nice	6	1	https://biogstore.com/
biologique-recherche.com	Biologique Recherche	beaute_bienetre	Paris	75	1	https://www.biologique-recherche.com/
biomotors.fr	Biomotors	automobile	Montpellier	34	1	https://www.biomotors.fr
biotanie.fr	Biotanie	beaute_bienetre	Paris	75	1	https://www.biotanie.fr
biotifulhair.com	Biotiful Hair	beaute_bienetre	Lyon	69	1	biotifulhair.com
biotyathome.fr	La Maison Bioty	beaute_bienetre	Paris	75	1	https://www.biotyathome.fr/les-soins-salon/
birdyhamburgers.com	Birdy	restauration	Paris	75	1	https://birdyhamburgers.com/
bistro-bruno.fr	Le Leocorno	restauration	Lille	59	1	http://www.bistro-bruno.fr/
bistro-dalpozzo-restaurant-nice.com	Bistrot Dalpozzo	restauration	Nice	6	1	https://www.bistro-dalpozzo-restaurant-nice.com/
bistro-regent.fr	Bistro Régent	restauration	Marseille	13	11	https://bistro-regent.fr
bistrobest.fr	Bistro Best	restauration	Paris	75	1	https://www.bistrobest.fr/
bistrodaqui-nice.com	Le Bistro d'Aqui	restauration	Nice	6	1	https://www.bistrodaqui-nice.com/
bistrodusommelier.com	Bistro du Sommelier	restauration	Bordeaux	33	1	https://www.bistrodusommelier.com/
bistronomie-yasmine.fr	Côté Cours	restauration	Marseille	13	1	https://www.bistronomie-yasmine.fr
bistropoulette.com	Bistro Poulette	restauration	Bordeaux	33	1	https://www.bistropoulette.com/
bistrot-culsec.fr	Bistrot Cul Sec	restauration	Bordeaux	33	1	https://bistrot-culsec.fr/
bistrot-de-la-mairie.eatbu.com	Amore	restauration	Nice	6	1	https://bistrot-de-la-mairie.eatbu.com
bistrot-disleur.fr	Dis leur	restauration	Bordeaux	33	1	https://www.bistrot-disleur.fr
bistrot-francais.com	Bistrot Français	restauration	Lille	59	1	https://www.bistrot-francais.com/
bistrot-franquette.fr	Bistrot Franquette	restauration	Lille	59	1	http://www.bistrot-franquette.fr/
bistrot-lapartdulion.fr	La part du lion	restauration	Lille	59	1	https://www.bistrot-lapartdulion.fr/
bistrot-merlot.fr	Merlot Petit Amour	restauration	Bordeaux	33	1	https://www.bistrot-merlot.fr/
bistrot-thai.fr	Le Bistrot Thaï	restauration	Lille	59	1	http://www.bistrot-thai.fr/
bistrot235.com	Le Bistrot 235	restauration	Lille	59	1	https://www.bistrot235.com/
bistrotclosmontesquieu.fr	Bistrot Clos Montesquieu	restauration	Bordeaux	33	1	https://www.bistrotclosmontesquieu.fr/
bistrotdejennifer.com	Bistrot Jennifer	restauration	Nice	6	1	https://www.bistrotdejennifer.com/
bistrotdelescale.com	Le Bistrot de l'Escale	restauration	Toulouse	31	1	https://bistrotdelescale.com/
bistrotdeletoile.fr	Bistrot de l'Etoile	restauration	Toulouse	31	1	https://www.bistrotdeletoile.fr/
bistrotdelopera.fr	Bistrot de l'Opéra	restauration	Nice	6	1	https://bistrotdelopera.fr/
bistrotduchti.fr	Bistrot du Ch'ti	restauration	Lille	59	1	https://www.bistrotduchti.fr/
bistrotgourmand.net	Bistrot Gourmand	restauration	Nice	6	1	https://www.bistrotgourmand.net/
bistrotlhorloge.eatbu.com	Bistrot l'Horloge	restauration	Marseille	13	1	https://bistrotlhorloge.eatbu.com
bistrotmarcelandre.fr	Bistrot Marcel-André	restauration	Toulouse	31	1	https://www.bistrotmarcelandre.fr/
bistrotnova.fr	Bistro NOVA	restauration	Lille	59	1	https://www.bistrotnova.fr
bistrotsaintgeorges.fr	Saint Georges	restauration	Nice	6	1	https://bistrotsaintgeorges.fr
bistrottao.com	Bistrot Tao	restauration	Lille	59	1	https://www.bistrottao.com/
bistrourbain.com	Bistrot Urbain	restauration	Montpellier	34	1	https://www.bistrourbain.com/
bivolash.fr	Bivo Lash	beaute_bienetre	Toulouse	31	1	https://www.bivolash.fr/
bivouac-cycles.com		services_proximite	Paris	75	1	https://bivouac-cycles.com/
biyodurum.com	Biyo Dürüm	restauration	Paris	75	1	https://biyodurum.com/
bkwok.com	BK WOK	restauration	Bordeaux	33	1	https://www.bkwok.com/
bl-institut.com	bl Institut	beaute_bienetre	Rouen	76	1	https://www.bl-institut.com/
blackbeef.fr	Black Beef	restauration	Montpellier	34	1	https://blackbeef.fr/
blackboxparis.com	Blackbox	beaute_bienetre	Paris	75	1	https://blackboxparis.com/place/blackbox-versailles/
blackcorner.fr	Black Corner	restauration	Montpellier	34	1	https://blackcorner.fr/
blackroompictures.com	Cordonnerie Dem	services_proximite	Paris	75	1	https://www.blackroompictures.com/site/Cordonnerie_Dem/
blacksalon.fr	Black by Stephan	beaute_bienetre	Toulouse	31	1	http://blacksalon.fr/
blackwoodbeauty.com	Blackwood Beauty	beaute_bienetre	Paris	75	1	https://blackwoodbeauty.com/
blaspa.fr	Bla spa	beaute_bienetre	Paris	75	1	https://www.blaspa.fr/
blast-nice.com	Blast	restauration	Nice	6	1	http://www.blast-nice.com
blavait.fr	Blavait	artisanat_btp	Caen	14	1	https://www.blavait.fr/
blayefermetures.fr	Blaye Fermetures	artisanat_btp	Bordeaux	33	1	https://www.blayefermetures.fr/
blaze-trip-sushi-bordeaux.fr	Blaze Trip Sushi	restauration	Bordeaux	33	1	https://blaze-trip-sushi-bordeaux.fr
blendhamburger.com	Blend	restauration	Paris	75	1	https://www.blendhamburger.com
bleucanard-lille.com	Bleu Canard	restauration	Lille	59	1	https://www.bleucanard-lille.com/
bleurouge.fr	Bleu Rouge	artisanat_btp	Rouen	76	1	https://www.bleurouge.fr/sec-lindsay-s40.html
blinki.fr	Blinki	beaute_bienetre	Paris	75	1	https://blinki.fr
blisss.fr	Blisss Cuisine Instinctive	restauration	Bordeaux	33	1	https://www.blisss.fr/
blockout.fr	Block'out	restauration	Lille	59	1	https://www.blockout.fr/bo-lille
bloempot.fr	Bloempot	restauration	Lille	59	1	https://www.bloempot.fr/
bluebeach.fr	Blue Beach	restauration	Nice	6	1	https://www.bluebeach.fr/
bluecorner-rdv.fr	Blue Corner	beaute_bienetre	Paris	75	1	https://bluecorner-rdv.fr
blumcanebiere.com	Le Blum	restauration	Marseille	13	1	https://www.blumcanebiere.com/
bmxavenue.com	BMX Avenue	services_proximite	Montpellier	34	1	https://www.bmxavenue.com
bnjfood.fr	BNJ Food	restauration	Paris	75	1	https://bnjfood.fr/
bnwburger.com	Black and White	restauration	Paris	75	1	https://bnwburger.com/
boabane.com	Boabane	beaute_bienetre	Lyon	69	1	https://www.boabane.com/
bobbiecargo.fr	Bobbie Cargo	services_proximite	Lille	59	1	https://bobbiecargo.fr/
bobiclou.fr	Bobiclou - Vélo électrique	services_proximite	Paris	75	1	https://www.bobiclou.fr/content/bo-biclou-vincennes
bobsjuicebar.com	Bob's Café	restauration	Paris	75	1	https://bobsjuicebar.com/bob-s-caf%C3%A9.html
bobun-toulouse.fr	Bo-Bun	restauration	Toulouse	31	1	https://www.bobun-toulouse.fr/
bobun2go.fr	Bobun 2 go	restauration	Paris	75	1	https://bobun2go.fr
bocamexa.com	Bocamexa	restauration	Paris	75	1	https://www.bocamexa.com
boccaccia.fr	Boccaccia	restauration	Bordeaux	33	1	https://www.boccaccia.fr/
boccaccio-nice.com	Boccaccio	restauration	Nice	6	1	https://www.boccaccio-nice.com/
boccamar.com	Bocca Mar	restauration	Nice	6	1	https://www.boccamar.com/
boccanissa.com	Bocca Nissa	restauration	Nice	6	1	https://www.boccanissa.com
bocce.fr	Bocce	restauration	Bordeaux	33	2	https://bocce.fr
bocoiffeur.com	BO	beaute_bienetre	Toulouse	31	1	http://bocoiffeur.com/
bocuse-original-comptoir.fr	Original Comptoir	restauration	Lyon	69	1	https://www.bocuse-original-comptoir.fr/
bodega-bodega.fr	Bodega Bodega	restauration	Bordeaux	33	1	https://www.bodega-bodega.fr/
body-pilates.com	Body Pilates	beaute_bienetre	Toulouse	31	1	http://www.body-pilates.com/
bodycare-soisy.fr	Body Care	beaute_bienetre	Paris	75	1	https://bodycare-soisy.fr
bodyminute.com	Body Minute	beaute_bienetre	Paris	75	12	https://bodyminute.com/instituts/creteil-3484/
bodysano.com	Body Sano	beaute_bienetre	Lyon	69	1	https://bodysano.com/
bodysun.fr	Bodysun	beaute_bienetre	Paris	75	1	https://bodysun.fr/
boelle-couverture.com	A. Boëlle	artisanat_btp	Reims	51	1	https://www.boelle-couverture.com/
bohebon.fr	Bohébon	restauration	Toulouse	31	1	https://bohebon.fr/restaurants/bohebon-toulouse-filatiers/
boisdecordelamaison.fr	Bois décor de la maison	artisanat_btp	Paris	75	1	https://www.boisdecordelamaison.fr/
boisroulants.fr	Bois Roulants	services_proximite	Toulouse	31	1	https://boisroulants.fr
boiteahuitres.com	La Boîte à Huîtres	restauration	Bordeaux	33	1	http://www.boiteahuitres.com
bokaitaliankitchen.com	Boka	restauration	Toulouse	31	1	https://www.bokaitaliankitchen.com/
bokitfactory94.fr	Carribean Bokit Factory	restauration	Paris	75	1	https://bokitfactory94.fr/
bolinas.fr	Bolinas	restauration	Nice	6	1	https://www.bolinas.fr/
bolkiri.fr	Bolkiri	restauration	Paris	75	1	https://bolkiri.fr/
bollyfood-lyon.fr	Bolly Food	restauration	Lyon	69	1	https://bollyfood-lyon.fr
bollynan.com	Bollynan	restauration	Paris	75	1	https://www.bollynan.com/
bollywoodlollywood.fr	Bollywood Lollywood	restauration	Nice	6	1	https://www.bollywoodlollywood.fr/
bombaytacos.fr	Bombay Tacos	restauration	Bordeaux	33	1	https://bombaytacos.fr
bombora.fr	Bombora	restauration	Lille	59	1	https://bombora.fr/
bonhomme.com	Bonhomme	beaute_bienetre	Nantes	44	1	https://www.bonhomme.com/salon/nantes/
bonneauberge31.fr	La Bonne Auberge	restauration	Toulouse	31	1	https://www.bonneauberge31.fr/
bonopandas.com	Bonopandas	restauration	Toulouse	31	1	https://www.bonopandas.com/
booking.atelierdusourcil.com	L'atelier du sourcil	beaute_bienetre	Paris	75	1	https://booking.atelierdusourcil.com/ads783-poissy
bookings.zenchef.com	Kōyō Izakaya	restauration	Montpellier	34	1	https://bookings.zenchef.com/results?rid=362623
booksy.com	La Maison De Beauté	beaute_bienetre	Paris	75	1	https://booksy.com/fr-fr/23794_maison-de-beaute-jean-claude-biguine-antony_soins-de-la-peau_99140_antony
boonmi.sumupstore.com	Boon Mi Food	restauration	Marseille	13	1	https://boonmi.sumupstore.com/
bordeaux.danslenoir.com	Dans le Noir ?	restauration	Bordeaux	33	1	http://bordeaux.danslenoir.com/
bordeaux.intercontinental.com	Le Bordeaux	restauration	Bordeaux	33	1	https://bordeaux.intercontinental.com/le-bordeaux/
bordeauxplomberie.fr	BORDEAUX Plomberie	artisanat_btp	Bordeaux	33	1	https://www.bordeauxplomberie.fr/
borie-beaute.fr	Borie Beauté	beaute_bienetre	Paris	75	1	https://www.borie-beaute.fr
borisb.com	Boris B.	beaute_bienetre	Paris	75	1	https://borisb.com
borneoapp.com	Les Tontons Burger Lyon Montchat	restauration	Lyon	69	1	https://borneoapp.com/TontonBurgerMontchat
borrellyspa.fr	Borrelly Spa	beaute_bienetre	Lyon	69	1	https://www.borrellyspa.fr
boschcarservice.com	Bosch Car Service Garage Evolution	automobile	Lyon	69	3	https://www.boschcarservice.com/
boscolocollection.com	Angelo	restauration	Nice	6	1	https://boscolocollection.com/nice/en/angelo-terra-ditalia-restaurant/
botanicbarber.com	Botanic Barber	beaute_bienetre	Paris	75	1	https://botanicbarber.com
botch-cargobikes.fr	Botch Cargo Bikes	services_proximite	Toulouse	31	1	https://www.botch-cargobikes.fr/
boteca.fr	Botéca	beaute_bienetre	Nantes	44	1	https://www.boteca.fr
botna.fr	Botna	restauration	Toulouse	31	1	https://botna.fr/botna-beauzelle/
bouchon-bordelais.com	Le Bouchon Bordelais	restauration	Bordeaux	33	1	https://www.bouchon-bordelais.com/
boucleaboucle.com	Boucle à boucle	beaute_bienetre	Lyon	69	1	https://www.boucleaboucle.com/
bouclette.co	Bouclette	beaute_bienetre	Paris	75	1	https://bouclette.co
bouclettes-nantes.fr	Bouclettes	beaute_bienetre	Nantes	44	1	https://www.bouclettes-nantes.fr
boudier-metallerie.com	Sarl Boudier	artisanat_btp	Dijon	21	1	https://www.boudier-metallerie.com/
boudoirduregard.com	Le Boudoir du Regard	beaute_bienetre	Paris	75	1	https://www.boudoirduregard.com/
bouillonalcide.com	Petit Bouillon Alcide	restauration	Lille	59	1	https://www.bouillonalcide.com/fr/
bouilloncapitole.fr	Le Bouillon Capitole	restauration	Toulouse	31	1	https://www.bouilloncapitole.fr/fr/
bouillonlabege.com	Bouillon Labège	restauration	Toulouse	31	1	https://bouillonlabege.com/
bouillonmarguerite.fr	Bouillon Marguerite	restauration	Bordeaux	33	1	https://www.bouillonmarguerite.fr/
bouillonsaintjean.fr	Bouillon Saint-Jean	restauration	Bordeaux	33	1	https://www.bouillonsaintjean.fr/
boulangerie-ange.fr	Boulangerie Ange	restauration	Lyon	69	1	https://www.boulangerie-ange.fr/boulangerie/?id=27
boulangerie-cyprien.fr	Cyprien	restauration	Toulouse	31	1	https://www.boulangerie-cyprien.fr
boulangeries.marieblachere.com	Marie Blachère	restauration	Lyon	69	1	https://boulangeries.marieblachere.com/fr/france-FR/5450/marie-blachere-beynost/details
boulderline.fr	Boulder Café	restauration	Montpellier	34	1	https://boulderline.fr/boire-et-manger/
boulogne-billancourt.cyclable.com	Cyclable	services_proximite	Paris	75	1	https://boulogne-billancourt.cyclable.com/
boum-burger-colomiers.business.site	Boum Burger - Colomiers	restauration	Toulouse	31	1	https://boum-burger-colomiers.business.site/
boumburger.com	Boum Burger	restauration	Toulouse	31	1	http://boumburger.com/
bouranton.fr	Hubert peinture	artisanat_btp	Troyes	10	1	http://www.bouranton.fr/fr/information/58642/entreprises-artisans-commune
bourg-freres.fr	Bourg Frères	artisanat_btp	Pau	64	1	https://www.bourg-freres.fr
bouticycle.com	Bouticycle	services_proximite	Paris	75	1	https://bouticycle.com/-Chambourcy-
boutique.wefix.net	WeFix	services_proximite	Paris	75	1	https://boutique.wefix.net/62-wefix-taverny
boutiqueduvelo.com	La Boutique du Vélo	services_proximite	Montpellier	34	1	https://www.boutiqueduvelo.com/
boutiques-ateliers.repairandrun.com	Repair and run	services_proximite	Paris	75	1	https://boutiques-ateliers.repairandrun.com/paris-gare-de-lyon
boutiques.dreamsdonuts.com	Dreams Donuts	restauration	Montpellier	34	1	https://boutiques.dreamsdonuts.com/lattes
boutiques.sequoiapressing.fr	Sequoia Pressing	services_proximite	Paris	75	1	https://boutiques.sequoiapressing.fr/KOBO
bouvraispascal-couverture-poissy.fr	Bouvrais & Fils	artisanat_btp	Paris	75	1	https://www.bouvraispascal-couverture-poissy.fr/
bow-bordeaux.fr	Bow	restauration	Bordeaux	33	1	https://www.bow-bordeaux.fr/
bowleatrestaurant.fr	Bowl Eat	restauration	Bordeaux	33	1	https://www.bowleatrestaurant.fr/
bpa-debouchage.fr	B. Plomberie Aissainissement	artisanat_btp	Paris	75	1	https://bpa-debouchage.fr
bpibeynost.fr	La Boutique du Menuisier	artisanat_btp	Lyon	69	1	http://www.bpibeynost.fr/
bpinnov.com	BP Innov' Lorient	artisanat_btp	Lorient	56	1	https://www.bpinnov.com
bpmgroup.fr	Bpm Cars - Mercedes-Benz Nantes Sud - Rezé	automobile	Nantes	44	1	https://www.bpmgroup.fr/concessions/mercedes-benz-nantes-sud/
brasserie-arcades.com	Les Arcades	restauration	Toulouse	31	1	http://brasserie-arcades.com
brasserie-bordelaise.fr	La Brasserie Bordelaise	restauration	Bordeaux	33	1	https://www.brasserie-bordelaise.fr/
brasserie-delapaix.fr	Bouillon de la Paix	restauration	Lille	59	1	https://www.brasserie-delapaix.fr/
brasserie-des-fleurs.eatbu.com	Brasserie des Fleurs	restauration	Montpellier	34	1	https://brasserie-des-fleurs.eatbu.com/?lang=fr
brasserie-du-carre-vert.fr	La Brasserie du Carré Vert	restauration	Toulouse	31	1	https://www.brasserie-du-carre-vert.fr/
brasserie-dufour.fr	Brasserie Dufour	restauration	Lille	59	1	https://brasserie-dufour.fr/
brasserie-flandre-croix.fr	Le Flandre	restauration	Lille	59	1	https://www.brasserie-flandre-croix.fr/
brasserie-graindorge.net	Le Grain d'Orge	restauration	Lille	59	1	https://www.brasserie-graindorge.net/
brasserie-julien.com	Brasserie Julien	restauration	Nice	6	1	https://www.brasserie-julien.com/
brasserie-la-cloche.hubside.fr	La Cloche	restauration	Lille	59	1	https://brasserie-la-cloche.hubside.fr/
brasserie-lachicoree.fr	La Chicorée	restauration	Lille	59	1	https://www.brasserie-lachicoree.fr/
brasserie-lahoublonniere-lille.fr	La Houblonnière	restauration	Lille	59	1	https://www.brasserie-lahoublonniere-lille.fr/
brasserie-le-137.com	Brasserie Le 137	restauration	Lille	59	1	https://brasserie-le-137.com/
brasserie-le-tourny-bordeaux.fr	Brasserie Le Tourny	restauration	Bordeaux	33	1	http://brasserie-le-tourny-bordeaux.fr/
brasserie-lebidule.com	Le Bidule	restauration	Toulouse	31	1	https://brasserie-lebidule.com/
brasserie-o-mana.fr	Ô Mana	restauration	Toulouse	31	1	https://brasserie-o-mana.fr
brasserie-pompette.com	Brasserie Pompette	restauration	Montpellier	34	1	https://www.brasserie-pompette.com/
brasserie-quebec-nice.com	Le Québec	restauration	Nice	6	1	https://www.brasserie-quebec-nice.com/
brasserie-tandem.com	Tandem	restauration	Lille	59	1	https://www.brasserie-tandem.com
brasserieandre.fr	Brasserie André	restauration	Lille	59	1	https://brasserieandre.fr/
brasseriebasile.fr	Le Basile	restauration	Bordeaux	33	1	https://www.brasseriebasile.fr/
brasserieborriglione.fr	Brasserie Borriglione	restauration	Nice	6	1	https://brasserieborriglione.fr
brasseriedecastillon.com	Brasserie de Castillon	restauration	Nice	6	1	https://www.brasseriedecastillon.com
brasseriedusudouest.business.site	Brasserie du Sud-Ouest	restauration	Bordeaux	33	1	https://brasseriedusudouest.business.site/
brasseriedutheatre.fr	Brasserie du Théâtre	restauration	Montpellier	34	1	https://www.brasseriedutheatre.fr/
brasseriegusto.com	Gusto	restauration	Montpellier	34	3	https://www.brasseriegusto.com
brasserielecapucin.com	Le Capucin	restauration	Marseille	13	1	https://www.brasserielecapucin.com/
brasserielecessole.com	Le Cessole	restauration	Nice	6	1	https://www.brasserielecessole.com
brasserielegambetta.fr	Le Gambetta	restauration	Nice	6	1	https://brasserielegambetta.fr
brasserielembarcadere.fr	Brasserie L'Embarcadère	restauration	Marseille	13	1	http://www.brasserielembarcadere.fr/
brasserielerepublique.com	Le République	restauration	Bordeaux	33	1	https://brasserielerepublique.com/
brasserielesbeauxarts.fr	Brasserie des Beaux-Arts	restauration	Toulouse	31	1	https://brasserielesbeauxarts.fr/
brasserielesfrangins.fr	Brasserie Les Frangins	restauration	Toulouse	31	1	http://www.brasserielesfrangins.fr/
brasserielilleopera.com	Campion Brasserie	restauration	Lille	59	1	http://brasserielilleopera.com/
brasserieoparc.fr	Brasserie O' Parc	restauration	Marseille	13	1	https://www.brasserieoparc.fr/
bravolafabriquedepates.com	Bravo	restauration	Paris	75	1	https://bravolafabriquedepates.com/
brbshop26.fr	Barber Shop	beaute_bienetre	Paris	75	1	https://brbshop26.fr/
breakfast-in-america.com	Breakfast in America	restauration	Paris	75	1	https://breakfast-in-america.com/fr/breakfast-in-america-quartier-latin/
breal-automobiles.com	Bréal Automobiles	automobile	Rennes	35	1	https://www.breal-automobiles.com/
breceautomecanique.multimarque.fr	Brécé Auto Mécanique	automobile	Rennes	35	1	https://breceautomecanique.multimarque.fr/
breizauto.com	Breizh Auto	automobile	Rennes	35	1	https://www.breizauto.com/index.php
breizhcafe.com	Breizh Café	restauration	Bordeaux	33	1	https://www.breizhcafe.com/bordeaux-chartrons
breizhparebrise.fr	Breizh pare-brise	automobile	Rennes	35	1	https://breizhparebrise.fr/
bricohandymansas.wixsite.com	Brico Handyman	artisanat_btp	Paris	75	1	https://bricohandymansas.wixsite.com/bricohandyman
brijuline.jimdo.fr	Brijuline	beaute_bienetre	Lyon	69	1	https://brijuline.jimdo.fr
briochedoree.fr	Brioche Dorée	restauration	Paris	75	1	https://www.briochedoree.fr/
briochette.fr	Briochette	restauration	Paris	75	1	https://briochette.fr/
briquehouse.com	Brique House	restauration	Bordeaux	33	1	https://briquehouse.com/
britney-lille.fr	Britney	restauration	Lille	59	1	http://www.britney-lille.fr/
broccafemontpellier.fr	Broc' Café	restauration	Montpellier	34	1	https://broccafemontpellier.fr/
brooklyn-pizza92.fr	Brooklyn Pizza	restauration	Paris	75	1	https://brooklyn-pizza92.fr/
brossette.fr		artisanat_btp	Reims	51	1	https://www.brossette.fr/infos-agence/reims-brossette-2442
brothersburger.fr	Brother's Burger Bar	restauration	Nice	6	1	https://brothersburger.fr/
brothersisterlille.com	Brother & Sister	restauration	Lille	59	1	https://www.brothersisterlille.com/
broussartmusique.fr	Brouss'Art Musique	restauration	Bordeaux	33	1	https://broussartmusique.fr/
brunchandco.eatbu.com	Brunch&Co	restauration	Toulouse	31	1	https://brunchandco.eatbu.com
brunelli.fr	Brunelli	artisanat_btp	Nancy	54	1	http://www.brunelli.fr/
brunocrescenzii.fr	Bruno Crescenzii	beaute_bienetre	Paris	75	1	https://brunocrescenzii.fr/
brunodelahaye.fr	Menuiserie Bruno Delahaye	artisanat_btp	Rennes	35	1	https://www.brunodelahaye.fr/
brunoflaujac.com	Bruno Flaujac	beaute_bienetre	Toulouse	31	6	https://www.brunoflaujac.com/salon-de-coiffure/salon-de-coiffure-toulouse-carmes/
brunomelgani.com	mod's hair	beaute_bienetre	Paris	75	1	http://www.brunomelgani.com/
brutbutcher.com	Brut Butcher	restauration	Lyon	69	1	https://www.brutbutcher.com
brutrestaurant.com	Brut - cuisine a 1000°C	restauration	Bordeaux	33	1	https://www.brutrestaurant.com/
brutus-creperies.com	Brutus	restauration	Lille	59	1	https://www.brutus-creperies.com/
bryantburgers.com	Bryant Burgers	restauration	Marseille	13	1	https://www.bryantburgers.com
bsowell.com	B So Well	beaute_bienetre	Paris	75	1	https://www.bsowell.com/
btp-services.net	BTP Services	artisanat_btp	Paris	75	1	https://www.btp-services.net
bubblysoins.fr	Bubbly	beaute_bienetre	Lyon	69	1	https://www.bubblysoins.fr
bububurger.com	Bubu	restauration	Nice	6	1	https://bububurger.com/
buck.restaurant	Buck	restauration	Paris	75	1	https://buck.restaurant/
buddhabar.com	Buddha-Bar	restauration	Nice	6	1	https://www.buddhabar.com/
buddiesburger.fr	Buddie’s	restauration	Paris	75	1	https://buddiesburger.fr/
budsdeli.fr	Bud's Deli	restauration	Paris	75	1	https://www.budsdeli.fr/
bufalinobalma.eatbu.com	Pizzeria Bufalino	restauration	Toulouse	31	1	https://bufalinobalma.eatbu.com
buffalo-grill.fr	Buffalo Grill	restauration	Marseille	13	4	https://www.buffalo-grill.fr/nos-restaurants/marseille-cabries
buffasia-leers.eatbu.com	buff' asia	restauration	Lille	59	1	https://buffasia-leers.eatbu.com/
bulle-de-bien-etre.com	Bulle de Bien-Être	beaute_bienetre	Nantes	44	1	https://www.bulle-de-bien-etre.com
bulledeplaisir.com	Institut Bulle de Plaisir	beaute_bienetre	Paris	75	1	http://bulledeplaisir.com
bulledesereniteparis.fr	Bulle de Sérénité	beaute_bienetre	Paris	75	1	https://www.bulledesereniteparis.fr
bullesdebeaute.fr	Bulles de beauté	beaute_bienetre	Lyon	69	1	https://bullesdebeaute.fr/
bunami.fr	Bunami	restauration	Toulouse	31	1	https://www.bunami.fr/
bunelfreres.com	Bunel Frères	artisanat_btp	Caen	14	1	https://bunelfreres.com/
buns-france.com	Buns	restauration	Paris	75	1	https://buns-france.com/fr
bur-inox.fr	Bur-Inox	artisanat_btp	Nancy	54	1	http://www.bur-inox.fr/
burdigala.com	Madame B	restauration	Bordeaux	33	1	https://www.burdigala.com/restaurant
burger-24.fr	Burger 24	restauration	Lyon	69	1	https://www.burger-24.fr/
burger-club.fr	Burger Club	restauration	Strasbourg	67	1	https://www.burger-club.fr/
burger-fries.com	Burger & Fries	restauration	Paris	75	1	https://burger-fries.com/les-restaurants/boulogne-billancourt/
burger-s.fr	BurgerS	restauration	Lyon	69	1	https://www.burger-s.fr/
burger-streat.com	Str'eat Burger	restauration	Bordeaux	33	1	http://www.burger-streat.com/
burgeraddict.fr	Burger addict	restauration	Paris	75	1	https://burgeraddict.fr/
burgerandsaladbar.fr	Burger Salad Bar	restauration	Montpellier	34	1	https://burgerandsaladbar.fr/
burgerandwells.com	Bënnie	restauration	Lyon	69	1	http://www.burgerandwells.com
burgercrousti.eatbu.com	Burger Crousti	restauration	Lille	59	1	https://burgercrousti.eatbu.com/
burgerdecheznaelle.metro.biz	Burger de Chez Naëlle	restauration	Paris	75	1	https://burgerdecheznaelle.metro.biz/
burgerdream.fr	Francesca	restauration	Strasbourg	67	1	https://burgerdream.fr/
burgeretratatouille.com	Burger et Ratatouille	restauration	Montpellier	34	1	https://www.burgeretratatouille.com
burgerhousemauguio.fr	Burger House	restauration	Montpellier	34	1	https://www.burgerhousemauguio.fr
burgeriste.fr	Burgeriste	restauration	Paris	75	1	https://www.burgeriste.fr
burgerium.fr	Burgerium	restauration	Lyon	69	1	https://www.burgerium.fr/contact/
burgerking.fr	Burger King	restauration	Paris	75	18	https://www.burgerking.fr/restaurant/versailles-paroisse
burgernco.fr	Burger'n'Co St Aubin	restauration	Toulouse	31	2	https://www.burgernco.fr
burgeronomy.fr	BurgerOnomy	restauration	Lille	59	1	https://www.burgeronomy.fr/
burgerruntaverny.com	Burger Run	restauration	Paris	75	1	burgerruntaverny.com/
burgersetterroir.fr	Burgers & Terroir	restauration	Toulouse	31	1	https://www.burgersetterroir.fr/
burgertimes.shop	BurgerTime's	restauration	Bordeaux	33	1	https://www.burgertimes.shop
burgouzz.com	Burgouzz	restauration	Lille	59	1	https://burgouzz.com/
busabiclou.org	Busabiclou - atelier d'aide à la réparation de vélo	services_proximite	Lille	59	1	https://busabiclou.org
by-oliver.fr	La Fabrique by Oliver	restauration	Bordeaux	33	1	https://www.by-oliver.fr/fabrique/
by-s.fr	Le By S'	restauration	Lille	59	1	https://www.by-s.fr/
bydamien.com	By Damien	beaute_bienetre	Paris	75	1	https://www.bydamien.com/
bydaycontact.wixsite.com	By Day	restauration	Paris	75	1	https://bydaycontact.wixsite.com/byday/
byebyenits.com	Bye Bye Nits	beaute_bienetre	Paris	75	1	https://byebyenits.com/
bykatienat.com	By Katie Nat Coiffure	beaute_bienetre	Toulouse	31	1	https://www.bykatienat.com/
byketheway.fr	Byke the Way	services_proximite	Paris	75	1	https://byketheway.fr/
byroalle.com	Byro Allé	restauration	Nice	6	1	https://www.byroalle.com/
bzenthaiparis.com	B Zen Spa	beaute_bienetre	Paris	75	1	https://bzenthaiparis.com
ca-isol.fr	Ca Isol'	artisanat_btp	Paris	75	1	https://www.ca-isol.fr
cabb-64.fr	Chaîne des Artisans du Bâtiment du Béarn	artisanat_btp	Pau	64	1	http://www.cabb-64.fr
cabinet-laser-nation.fr	Dr Clélia Berteau-Cabinet Epilation Laser Nation	beaute_bienetre	Paris	75	1	https://cabinet-laser-nation.fr/
cachan.centreservices.fr	Centre Services Cachan - Ménage et Repassage	services_proximite	Paris	75	1	https://cachan.centreservices.fr
cacrousty.com	Ça Crousty	restauration	Paris	75	1	https://cacrousty.com
cae-recyclage.com	Bellonzi Côte d'Azur Environnement	artisanat_btp	Nice	6	1	https://www.cae-recyclage.com/
caepus.fr	Caepus	restauration	Paris	75	1	https://caepus.fr/
cafe-chouchou.fr	Café Chouchou	restauration	Toulouse	31	1	https://www.cafe-chouchou.fr/
cafe-de-paris-restaurant-nice.com	Café de Paris	restauration	Nice	6	1	https://www.cafe-de-paris-restaurant-nice.com/
cafe-esperance-bouliac.com	Café de l'Espérance	restauration	Bordeaux	33	1	https://www.cafe-esperance-bouliac.com
cafe-la-haut.fr	Là-haut	restauration	Paris	75	1	https://www.cafe-la-haut.fr/
cafe-oz.com	Café Oz	restauration	Toulouse	31	1	https://cafe-oz.com/toulouse.html
cafe-pop.fr	Café Pop'	restauration	Bordeaux	33	1	https://cafe-pop.fr/
cafe-velo.fr	Café Vélo Atelier	services_proximite	Grenoble	38	1	https://www.cafe-velo.fr/
cafe-yushu.com	Kitchenwok	restauration	Marseille	13	1	http://cafe-yushu.com/
cafealaune.fr	Café à la Une	restauration	Toulouse	31	1	https://www.cafealaune.fr/
cafecesar.fr	Café Cesar	restauration	Montpellier	34	1	www.cafecesar.fr
cafedeparis-lille.fr	Café de Paris – Chez Boubiers 1930	restauration	Lille	59	1	https://www.cafedeparis-lille.fr/
cafedeturin.fr	Café de Turin	restauration	Nice	6	1	https://www.cafedeturin.fr/
cafeducycliste.com	Café du Cycliste	services_proximite	Nice	6	1	https://www.cafeducycliste.com/
cafejaponais.free.fr	Café Japonais	restauration	Bordeaux	33	2	http://cafejaponais.free.fr/
cafemae.fr	mãe	restauration	Lyon	69	1	https://cafemae.fr/jus-smoothie
caffe-shop.fr	Caffé Shop	restauration	Paris	75	1	https://caffe-shop.fr/
caffemilano.mc	Caffè Milano	restauration	Nice	6	1	https://www.caffemilano.mc/
cageapoule.fr	Cage à Poules	restauration	Paris	75	1	https://cageapoule.fr/
cagnes-sur-mer.assietteauboeuf.fr	Léo Léa - Assiette au boeuf	restauration	Nice	6	1	https://www.cagnes-sur-mer.assietteauboeuf.fr/
caisseaclousbrest.wixsite.com	La caisse à clous	artisanat_btp	Brest	29	1	https://caisseaclousbrest.wixsite.com/caisseaclousbrest/nosactivites
cakepart.fr	CakePart	restauration	Paris	75	1	https://cakepart.fr/
cakroustille.com	Ça Kroustille !	restauration	Lyon	69	1	https://www.cakroustille.com/
calebasse-verte.com	À la Calebasse Verte	beaute_bienetre	Paris	75	1	http://www.calebasse-verte.com
calendly.com	Vélonord - Réparation de vélos	services_proximite	Lille	59	1	https://calendly.com/velonord-monsenbaroeul/rendez-vous-en-atelier
calfeutral.com	Calfeutral	artisanat_btp	Toulouse	31	1	https://www.calfeutral.com
calikitchen.fr	Cali Kitchen	restauration	Marseille	13	1	https://calikitchen.fr/
calinauto.com	Calinauto Faches Thumesnil-Lesquin	automobile	Lille	59	2	https://www.calinauto.com/
calix.fr	Calix	restauration	Bordeaux	33	1	https://calix.fr
calmaparis.com	Calma	beaute_bienetre	Paris	75	1	https://www.calmaparis.com
calms94.fr	Calm's	restauration	Paris	75	1	https://www.calms94.fr
calsarl.fr	C.A.L	automobile	Montpellier	34	2	https://www.calsarl.fr
camaor-restaurant.eatbu.com	Cama'Or	restauration	Toulouse	31	1	https://camaor-restaurant.eatbu.com/?lang=fr
camaradesrestaurant.fr	Camarades	restauration	Bordeaux	33	1	https://camaradesrestaurant.fr/
cambodgeat.fr	CambodgEat	restauration	Bordeaux	33	1	https://cambodgeat.fr/
cameleone-coiffure.business.site	Cameleone Coiffure	beaute_bienetre	Lyon	69	1	https://cameleone-coiffure.business.site/
camelia-jardinerie.fr	Camélia	beaute_bienetre	Lyon	69	1	https://camelia-jardinerie.fr/
camillealbane.com	Camille Albane	beaute_bienetre	Lyon	69	2	https://www.camillealbane.com
camillehedon.com	SD Coiffure	beaute_bienetre	Lyon	69	1	http://camillehedon.com/
caminito-toulouse.fr	Caminito	restauration	Toulouse	31	1	https://caminito-toulouse.fr/
campagnetoulouse.fr	Campagne	restauration	Toulouse	31	1	https://campagnetoulouse.fr/
campanile-lille-sud-chr.fr	Restaurant Campanile Lille Sud - CHR	restauration	Lille	59	1	http://www.campanile-lille-sud-chr.fr/fr/restaurant.aspx
camping-car-bouzige.com	Ets Olivier Bouzige	automobile	Avignon	84	1	https://www.camping-car-bouzige.com/
campodifiorinice.com	Campo di Fiori	restauration	Nice	6	1	https://campodifiorinice.com/
canard-street.fr	Canard Street	restauration	Paris	75	1	https://www.canard-street.fr/
canardsurletoit.com	Le Canard sur le Toit	restauration	Toulouse	31	1	https://www.canardsurletoit.com/
candelu-pizza.fr	Candelù	restauration	Toulouse	31	1	http://candelu-pizza.fr/
canorenovation.com	Cano Rénovation	artisanat_btp	Lyon	69	1	https://www.canorenovation.com/
cantinaroni.fr	La Cantina Roni	restauration	Bordeaux	33	1	https://www.cantinaroni.fr/
cantine-gamelle.fr	Cantine & Gamelle	restauration	Toulouse	31	1	https://cantine-gamelle.fr/cite-espace/
cantinedejo.com	La Cantine de Jo	restauration	Nice	6	1	https://www.cantinedejo.com/
cantinedumidi.enchantier.org	Cantine du Midi	restauration	Marseille	13	1	https://cantinedumidi.enchantier.org/
cantinettaantinori.mc	Cantinetta Antinori	restauration	Nice	6	1	https://www.cantinettaantinori.mc/
cantochemarseille.com	Cantoche	restauration	Marseille	13	1	https://www.cantochemarseille.com/
cantou.fr	Le Cantou	restauration	Toulouse	31	1	https://www.cantou.fr/
cap-groupe.fr	Isoplas	artisanat_btp	Le Havre	76	1	https://www.cap-groupe.fr/
capestel.com	La Table de Patrick Raingeard Eze	restauration	Nice	6	1	https://www.capestel.com/en/restaurant/
capo-rosso-restaurant.com	Capo Rosso	restauration	Marseille	13	1	http://www.capo-rosso-restaurant.com/
capoccitti-depannage-villeurbanne.fr	Fourrière - Dépannage Capoccitti	automobile	Lyon	69	1	http://www.capoccitti-depannage-villeurbanne.fr/
capon-paris.com	Capon Paris	beaute_bienetre	Paris	75	1	https://capon-paris.com
capoul.com	Brasserie Le Capoul	restauration	Toulouse	31	1	http://www.capoul.com/brasserie/
capperi.fr	Capperi Pizzaioli Italiani	restauration	Bordeaux	33	1	https://www.capperi.fr/
capresort.com	Edmond's	restauration	Nice	6	3	https://www.capresort.com/reservation-brasserie-edmonds/
caracas-toulouse.com	Caracas	restauration	Toulouse	31	1	https://caracas-toulouse.com/
caracteres-coiffure.fr	Salon Caractères	beaute_bienetre	Lyon	69	1	https://caracteres-coiffure.fr/
caracterre.org	Caracterre	artisanat_btp	Paris	75	1	https://www.caracterre.org/
caramel-amande-douce.com	Caramel et Amande Douce	beaute_bienetre	Paris	75	1	https://caramel-amande-douce.com/
carcenter.autofirst-france.fr	Car'Center	automobile	Metz	57	1	https://carcenter.autofirst-france.fr/
cardy.fr	Mondial Pare Brise	automobile	Toulouse	31	1	https://www.cardy.fr/stores-27.html
careco.fr	Caréco	automobile	Saint-Etienne	42	1	https://careco.fr/
caredemarre.com	Ça Redémarre	services_proximite	Paris	75	1	https://caredemarre.com/
carglass.fr	CARGLASS Pare-Brise Toulouse Purpan	automobile	Toulouse	31	9	https://www.carglass.fr/centre/31300-83551/toulouse-purpan
cargo-republik.fr	Cargo Republik	services_proximite	Grenoble	38	1	https://www.cargo-republik.fr/
cargoloc.fr	Cargoloc	services_proximite	Grenoble	38	1	https://cargoloc.fr/
cargomass.fr	Cargo Mass	services_proximite	Marseille	13	1	https://www.cargomass.fr/
carlance.fr	Carlance	beaute_bienetre	Paris	75	7	http://www.carlance.fr/
carmela-restaurant.com	Carmela	restauration	Nice	6	1	https://www.carmela-restaurant.com/
carocoiff.site-solocal.com	Caro Coiff	beaute_bienetre	Paris	75	1	https://carocoiff.site-solocal.com
carolealves78.wixsite.com	Le Toucher du Cœur	beaute_bienetre	Paris	75	1	https://carolealves78.wixsite.com/letoucherducur
carolinecantegrit.com	Caroline Cantegrit	beaute_bienetre	Paris	75	1	https://www.carolinecantegrit.com
carrelage-nancy.fr	Carrelage	artisanat_btp	Nancy	54	1	https://www.carrelage-nancy.fr/carrelage-a-domicile?doing_wp_cron=1600269265.6082019805908203125000&v=11aedd0e4327
carrementvelo.fr	Carrément Vélo	services_proximite	Paris	75	1	https://www.carrementvelo.fr
carrosserie-adamo.com	Carrosserie Adamo	automobile	Saint-Etienne	42	1	https://www.carrosserie-adamo.com/
carrosserie-autospro.fr	Auto Pro	automobile	Nantes	44	1	https://www.carrosserie-autospro.fr
carrosserie-barcelona.fr	Carrosserie Barcelona	automobile	Bayonne	64	1	https://www.carrosserie-barcelona.fr/
carrosserie-berganzoni-reims.fr	Garage Berganzoni	automobile	Reims	51	1	https://www.carrosserie-berganzoni-reims.fr/garage-automobile
carrosserie-cazauran-freres.fr	Carrosserie Cazauran Frères	automobile	Bayonne	64	2	https://www.carrosserie-cazauran-freres.fr
carrosserie-chateaurenard.fr	Carrosserie Teston Serge	automobile	Avignon	84	1	https://carrosserie-chateaurenard.fr/fr/
carrosserie-de-la-rize.fr	Carrosserie de la Rize	automobile	Lyon	69	1	https://www.carrosserie-de-la-rize.fr/
carrosserie-eureka.fr	Carrosserie Eureka	automobile	Montpellier	34	1	https://www.carrosserie-eureka.fr/
carrosserie-gauguet-colas-automobiles.fr	Carrosserie Colas	automobile	Rennes	35	1	https://www.carrosserie-gauguet-colas-automobiles.fr/
carrosserie-guillet.fr	Carrosserie Guillet	automobile	Rennes	35	1	https://www.carrosserie-guillet.fr/
carrosserie-hh.com	H.H. Services	automobile	Strasbourg	67	1	https://carrosserie-hh.com/
carrosserie-nachate.fr	Garage Nachate	automobile	Reims	51	1	https://www.carrosserie-nachate.fr/
carrosserie-tmauto.fr	TM Auto	automobile	Nancy	54	1	https://www.carrosserie-tmauto.fr/
carrosserie.five-star.fr	Carrosserie de l’Actipole	automobile	Reims	51	1	http://carrosserie.five-star.fr
carrosserie2000-reims.com	Carrosserie 2000	automobile	Reims	51	1	http://carrosserie2000-reims.com
carrosserieblin.com	Carrosserie Blin	automobile	Reims	51	1	http://www.carrosserieblin.com/
carrosseriedecourcelles.fr	Carrosserie de Courcelles	automobile	Reims	51	1	https://www.carrosseriedecourcelles.fr/
carrosseriedemaignon.com	Carrosserie de Maignon	automobile	Bayonne	64	1	https://www.carrosseriedemaignon.com/
carrosserieperez.fr	Carroserie Perez Axial	automobile	Toulouse	31	1	https://www.carrosserieperez.fr/
carrosserierossion.fr	Carrosserie Rossion	automobile	Nancy	54	1	https://www.carrosserierossion.fr/
carrosserievernoise.fr	Carrosserie Vernoise	automobile	Rennes	35	1	https://www.carrosserievernoise.fr/
carter-cash.com	Carter-Cash	automobile	Nantes	44	7	https://www.carter-cash.com/magasin/sainte-luce-sur-loire-44985-M030
carwash-sixfours.fr	My Car Wash	automobile	Toulon	83	1	https://www.carwash-sixfours.fr/
carwashdubizet.be	Car-Wash du Bizet	automobile	Lille	59	1	https://www.carwashdubizet.be/
casa-barbershop-lyon.com	Casa Barbershop	beaute_bienetre	Lyon	69	1	https://casa-barbershop-lyon.com/la-casa/
casa-ferretti.fr	Casa Feretti	restauration	Bordeaux	33	2	https://casa-ferretti.fr/casa-ferretti-barriere-de-pessac/
casa-nissa.com	Casa Nissa	restauration	Nice	6	1	https://www.casa-nissa.com/
casa-sudette.fr	Casa Sudette	restauration	Bordeaux	33	1	https://casa-sudette.fr/
casabomba.fr	Casa Bomba	restauration	Toulouse	31	1	https://www.casabomba.fr/
casaconsolat.org	Casa Consolat	restauration	Marseille	13	1	http://casaconsolat.org/
casadiagana-25.webself.net	CasaDiAgana	restauration	Paris	75	1	https://casadiagana-25.webself.net/
casafusco.fr	Casa Fusco	restauration	Bordeaux	33	1	https://casafusco.fr/
casagaia.fr	Casa Gaia	restauration	Bordeaux	33	1	https://www.casagaia.fr/
casainesa.com	Casa Inesa	restauration	Montpellier	34	1	https://www.casainesa.com
casaleya.com	CaSa Leya	restauration	Nice	6	1	https://www.casaleya.com/
casanatachoutoulouse.cafecityguide.website	Casa Natachou	restauration	Toulouse	31	1	https://casanatachoutoulouse.cafecityguide.website/
casapizzanice.fr	Casa Pizza	restauration	Nice	6	1	https://www.casapizzanice.fr/
casinosbarriere.com	Fouquet's	restauration	Toulouse	31	2	https://www.casinosbarriere.com/fr/toulouse/le-fouquets.html
cassardetbazin.fr	Cassard & Bazin	artisanat_btp	Lyon	69	1	https://www.cassardetbazin.fr
casseroleslilloises.com	Les Casseroles Lilloises	restauration	Lille	59	1	https://www.casseroleslilloises.com/
castelnau-le-lez.cyclable.com	Cyclable	services_proximite	Montpellier	34	1	https://castelnau-le-lez.cyclable.com/
castelplage.com	Castel	restauration	Nice	6	1	https://www.castelplage.com
catwalk-hairstudio.com	Catwalk	beaute_bienetre	Paris	75	1	http://www.catwalk-hairstudio.com/
catxo-restaurant.com	Catxo	restauration	Toulouse	31	1	https://www.catxo-restaurant.com/
caty-peinture.fr	Caty Peinture	artisanat_btp	Amiens	80	1	https://www.caty-peinture.fr/
caudalie.com	Caudalie	beaute_bienetre	Paris	75	1	https://www.caudalie.com
cava-smasher.fr	Ça va smasher !	restauration	Paris	75	1	https://cava-smasher.fr/
cave-hippolyte.com	La cave d’Hippolyte	restauration	Lille	59	1	https://www.cave-hippolyte.com/
cavedelatour.com	Cave de la Tour	restauration	Nice	6	1	https://cavedelatour.com
caverne-fils.fr	Caverne et Fils	artisanat_btp	Paris	75	1	https://www.caverne-fils.fr/
caviar-castillonne.com	Maison Castillonne	restauration	Montpellier	34	1	https://caviar-castillonne.com/pages/restaurant
cazet.fr	Stéphane Cazet	artisanat_btp	Pau	64	1	https://cazet.fr
cbmonaco.org	Restaurant du Club Bouliste	restauration	Nice	6	1	https://www.cbmonaco.org/index.php/restaurant
ccb.bzh	Crespel Construction Bois	artisanat_btp	Rennes	35	1	https://ccb.bzh/
ccs-repair.fr	CCS REPAIR	services_proximite	Paris	75	1	https://ccs-repair.fr/
cd-beaute.fr	CD Beauté	beaute_bienetre	Paris	75	1	https://cd-beaute.fr/contact/
cdr.fr	Centre De Réparation Automobiles	automobile	Montpellier	34	1	https://www.cdr.fr/le-groupe/
cdujardin.fr	C’ du jardin	restauration	Lille	59	1	http://www.cdujardin.fr/restaurant/wasquehal
cealac.com	Cealac	artisanat_btp	Marseille	13	1	https://cealac.com/
cecile-toulouse.fr	Cécile	restauration	Toulouse	31	1	https://cecile-toulouse.fr
cecilerobin.fr	Cecile Robin Construction	artisanat_btp	Lyon	69	1	https://www.cecilerobin.fr/
cedeo.fr	CEDEO	artisanat_btp	Toulouse	31	1	https://cedeo.fr/
cegib.fr	Cegib	artisanat_btp	Le Havre	76	1	https://www.cegib.fr/
celebrazioni.fr	Celebrazioni	restauration	Lille	59	1	http://www.celebrazioni.fr/
celinekebab.com	Celine Kebab	restauration	Lille	59	1	https://celinekebab.com/menu/celine-kebab-lille
cellier-auto.com	Cellier Auto	automobile	Saint-Etienne	42	1	https://www.cellier-auto.com/
celo-gaz.com	Celo gaz	artisanat_btp	Paris	75	1	https://www.celo-gaz.com/
cematech.fr	Cematech	artisanat_btp	Rouen	76	1	https://www.cematech.fr/
cent33.com	Le Cent 33	restauration	Bordeaux	33	1	https://cent33.com
center-laser.com	Centre laser HTM	beaute_bienetre	Nantes	44	1	https://www.center-laser.com/
centercyclesport.com	Center Cycle Sport	services_proximite	Rennes	35	2	https://www.centercyclesport.com/
centr-auto-plaine.fr	Centr'Auto Plaine	automobile	Saint-Etienne	42	2	https://centr-auto-plaine.fr/Saint-Chamond/
centralautos.fr	Groupe Central Autos Occasions Lyon Ouest	automobile	Lyon	69	1	https://www.centralautos.fr/concession-automobile/occasions/groupe-central-autos-occasions-lyon-ouest/
centrale-vo-auto-service-cassard.fr	Auto Service Cassard	automobile	Besancon	25	1	https://www.centrale-vo-auto-service-cassard.fr
centralpeinture.fr	Central Peinture	artisanat_btp	Paris	75	1	https://centralpeinture.fr/
centre-ananta.com	Centre Anata	beaute_bienetre	Lyon	69	1	https://centre-ananta.com/
centre-capillaire-aderans.com	Aderans Total Hair Solution	beaute_bienetre	Nantes	44	1	https://www.centre-capillaire-aderans.com
centre-commercial-carrefour-wasquehal.com	Tout Chaud	restauration	Lille	59	1	https://www.centre-commercial-carrefour-wasquehal.com/boutique/tout-chaud/
centre-icare.com	iCare	services_proximite	Paris	75	1	https://www.centre-icare.com
centre-minceur-oullins.com	Centre minceur	beaute_bienetre	Lyon	69	1	https://www.centre-minceur-oullins.com/
centre-ora.fr	Ora	beaute_bienetre	Nantes	44	1	https://centre-ora.fr
centre.contact	AS Auto Sécurité Contrôle technique	automobile	Lyon	69	1	https://centre.contact/69-rhone/tassin-la-demi-lune/centre-de-controle-technique/5799-as-auto-securite-controle-technique-tassin-avenue-charles-de-gaulle.html
centre.etape-auto.fr	Etape Auto Betton	automobile	Rennes	35	1	http://centre.etape-auto.fr/619419-centre-auto-bettonnais
centre.franceparebrise.fr	France Pare-Brise	automobile	Toulouse	31	6	https://centre.franceparebrise.fr/reparation-pare-brise/occitanie/haute-garonne/blagnac/blagnac
centreautoselection.fr	Centre Auto Sélection	automobile	Rennes	35	1	https://www.centreautoselection.fr/
centreb.fr	Centre B’	restauration	Bordeaux	33	1	https://www.centreb.fr/
centreeloha.fr	Centre Eloha	beaute_bienetre	Toulouse	31	1	https://www.centreeloha.fr/
centres-auto.speedy.fr	Speedy	automobile	Lyon	69	21	https://centres-auto.speedy.fr/garage/oullins-69600/7
centres.euromaster.fr	Euromaster	automobile	Toulouse	31	7	https://centres.euromaster.fr/419-le-pneu-l-union-entreprise-independante-franchisee-du-reseau-euromaster-centre-auto-et-vehicules-industriels-vl-vi
centres.firststop.fr	Côté Route	automobile	Metz	57	1	https://centres.firststop.fr/garage-pneus/ps001477/cote-route-metz-by-first-stop
centres.norauto.fr	Norauto	automobile	Lyon	69	16	https://centres.norauto.fr/rhone/venissieux/allee-des-savoies
cepagegourmand.fr	Cépage Gourmand	restauration	Toulouse	31	1	https://www.cepagegourmand.fr
cepeda-coiffure.com	Cepeda Coiffure	beaute_bienetre	Paris	75	1	https://cepeda-coiffure.com
cer-evolution.com	Autozabi	automobile	Lyon	69	1	https://www.cer-evolution.com/self-garage-villeurbanne/
ceramica.fr	Ceramica	artisanat_btp	Paris	75	1	https://ceramica.fr/fr/paris-x
cerbat.fr	Cer Bat	artisanat_btp	Paris	75	1	https://www.cerbat.fr/
cercledubienetre.fr	Le Cercle du Bien Être	beaute_bienetre	Paris	75	1	https://cercledubienetre.fr
cesaretpaul.fr	César & Paul	restauration	Paris	75	1	https://www.cesaretpaul.fr
cesfo.fr	CESFOOD	restauration	Paris	75	1	https://cesfo.fr/
cestbon-marseille.fr	C'est bon	restauration	Marseille	13	1	https://cestbon-marseille.fr/
cgreen.wtf	C'Green & co.	restauration	Nice	6	1	https://cgreen.wtf/
chada.fr	Chada	beaute_bienetre	Paris	75	1	https://www.chada.fr
chais-haussmann.com	Les Chais d'Haussmann	restauration	Bordeaux	33	1	https://www.chais-haussmann.com/
chamas-tacos.com	Chamas Tacos	restauration	Lyon	69	1	https://www.chamas-tacos.com/
champagne-au-mont-dor.cyclable.com	Cyclable	services_proximite	Lyon	69	1	https://champagne-au-mont-dor.cyclable.com/
champigny-sur-marne.cyclable.com	Cyclable	services_proximite	Paris	75	1	https://champigny-sur-marne.cyclable.com/
changedechaine.org	Atelier Vélo Change de Chaîne	services_proximite	Lyon	69	1	http://www.changedechaine.org/
changkhamthaispa.com	Chang Kham	beaute_bienetre	Paris	75	1	https://www.changkhamthaispa.com/
chapeau-the.fr	Au Chapeau Thé	restauration	Montpellier	34	1	https://www.chapeau-the.fr/
chapitre6.fr	Chapitre VI	restauration	Lille	59	1	https://www.chapitre6.fr
chapon-fin.com	Le Chapon Fin	restauration	Bordeaux	33	1	https://www.chapon-fin.com/fr/node/278
chapusyves.site-solocal.com	Chapus Multiservice	services_proximite	Lyon	69	1	https://chapusyves.site-solocal.com/
charier.fr	CHARIER Terrassement Déconstruction Désamiantage Bretagne	artisanat_btp	Rennes	35	1	https://www.charier.fr/
charlene-ramon-paris.fr	Charlene Ramon	beaute_bienetre	Paris	75	1	https://www.charlene-ramon-paris.fr/
charletycrepespizza.fr	Charlety Pizza	restauration	Paris	75	1	https://www.charletycrepespizza.fr
charlotted.fr	Charlotte D.	beaute_bienetre	Toulouse	31	1	https://www.charlotted.fr/
charly-maitre.com	Charly Maitre	beaute_bienetre	Lyon	69	1	https://charly-maitre.com/
charlycouphair.fr	Charly Coup'Hair	beaute_bienetre	Paris	75	1	http://charlycouphair.fr/
charmedorient.fr	Charme d'Orient	beaute_bienetre	Paris	75	1	https://www.charmedorient.fr/
charpente-de-freitas.fr	DG Charpente	artisanat_btp	Toulouse	31	1	http://www.charpente-de-freitas.fr/
charpente-hervouet.fr	Hervouet SAS	artisanat_btp	Paris	75	1	https://charpente-hervouet.fr
charpentes-constructions-bois.fr	AV.CO.BOIS	artisanat_btp	Toulouse	31	1	https://charpentes-constructions-bois.fr
chateau-dax.fr	Château d'Ax	beaute_bienetre	Marseille	13	1	https://www.chateau-dax.fr/magasins/chateau-dax-plan-de-campagne/
chateau-st-martin.com	Le Saint-Martin	restauration	Nice	6	1	https://www.chateau-st-martin.com/eng/gastronomy/le-saint-martin/
chateaudemaubreuil.com	SPA - Château de Maubreuil	beaute_bienetre	Nantes	44	1	https://www.chateaudemaubreuil.com/
chatenay-malabry.centreservices.fr	Centre Services Châtenay-Malabry - Ménage	services_proximite	Paris	75	1	https://chatenay-malabry.centreservices.fr
chatenay-malabry.cyclable.com	Cyclable	services_proximite	Paris	75	1	https://chatenay-malabry.cyclable.com/
chatperche.org	L'Atelier du Chat Perché	services_proximite	Lyon	69	1	https://www.chatperche.org/
chaudronnerie-josse.fr	Stéphane Josse Chaudronnerie	artisanat_btp	Rennes	35	1	https://chaudronnerie-josse.fr/
chauffage-foucher-78.com	Foucher et Fils	artisanat_btp	Paris	75	1	https://www.chauffage-foucher-78.com
chauffage-plomberie-espero.fr	A. Espero	artisanat_btp	Paris	75	1	https://www.chauffage-plomberie-espero.fr/
chauffagiste91.fr	MBP Chauffagiste 91	artisanat_btp	Paris	75	1	https://www.chauffagiste91.fr/
chb-officiel.fr	Chicken House Burger	restauration	Paris	75	1	https://www.chb-officiel.fr
chb-services.chauffagiste-viessmann.fr	CHB services	artisanat_btp	Nancy	54	1	https://chb-services.chauffagiste-viessmann.fr/
chefaji.fr	Chef Aji	restauration	Bordeaux	33	1	https://www.chefaji.fr/chef-aji-talence/
chefberliner.fr	Chëf	restauration	Lyon	69	1	https://www.chefberliner.fr/
chefchuan.fr	Chef Chuan	restauration	Toulouse	31	1	https://www.chefchuan.fr/
cheffenoona.com	Cheffe Noona	restauration	Lille	59	1	https://www.cheffenoona.com/
cher-monsieur.fr	Cher Monsieur	beaute_bienetre	Toulouse	31	6	https://www.cher-monsieur.fr/les-salons/
cheri-cheri.fr	Chéri Chéri	restauration	Toulouse	31	1	https://www.cheri-cheri.fr/
cheri-guapito.fr	Guapito	restauration	Toulouse	31	1	https://cheri-guapito.fr/
chevalgaz.fr	Cheval'gaz	artisanat_btp	Rouen	76	1	https://chevalgaz.fr/
chez-domi-nice-le-port.eatbu.com	Chez Domi	restauration	Nice	6	1	https://chez-domi-nice-le-port.eatbu.com
chez-dupont.com	Chez Dupont	restauration	Bordeaux	33	1	https://www.chez-dupont.com/fr/
chez-fonfon.com	Chez Fonfon	restauration	Marseille	13	1	https://www.chez-fonfon.com/
chez-lami.eatbu.com	Chez l'Ami	restauration	Paris	75	1	https://chez-lami.eatbu.com
chez-lez-amis.eatbu.com	Chez Lez Amis	restauration	Montpellier	34	1	https://chez-lez-amis.eatbu.com/?lang=fr
chez-lou.fr	Lou	restauration	Lille	59	1	https://chez-lou.fr
chez-moris.com	Chez Mori's	restauration	Nice	6	1	https://www.chez-moris.com
chez-navarre.fr	Chez Navarre	restauration	Toulouse	31	1	https://www.chez-navarre.fr/
chez-raoul-estaminet.fr	Chez Raoul	restauration	Lille	59	1	https://www.chez-raoul-estaminet.fr/
chez-soi-marseille.eatbu.com	Chez Soi	restauration	Marseille	13	1	https://chez-soi-marseille.eatbu.com/
chez-souad.com	Du côté de chez Souad	beaute_bienetre	Toulouse	31	1	http://chez-souad.com
chez-steph.com	Chez Steph	restauration	Paris	75	1	https://www.chez-steph.com/
chez-sylvain.com	Pizza Chez Sylvain	restauration	Toulouse	31	1	https://chez-sylvain.com/
chez-tamar.eatbu.com	Chez Tamar	restauration	Marseille	13	1	https://chez-tamar.eatbu.com/?lang=fr
chez-teta.com	Chez Teta	restauration	Toulouse	31	1	https://www.chez-teta.com/
chez-tonton-david-restaurant-nice.com	Chez Tonton David	restauration	Nice	6	1	https://www.chez-tonton-david-restaurant-nice.com/
chez-valou-les-souris-dansent.fr	Chez Valou, Les Souris Dansent	restauration	Montpellier	34	1	https://www.chez-valou-les-souris-dansent.fr/
chez-ze.com	Chez Ze	restauration	Marseille	13	1	https://www.chez-ze.com/
chezbobonne.fr	Chez Bobonne	restauration	Toulouse	31	1	https://www.chezbobonne.fr/
chezcane.com	Chez Cane	restauration	Nice	6	1	https://chezcane.com/
chezcarmen.fr	Chez Carmen	restauration	Toulouse	31	1	https://www.chezcarmen.fr/lerestaurant
chezcasi.fr	Chez Casi	restauration	Toulouse	31	1	https://www.chezcasi.fr/
chezcesar.fr	Chez César	restauration	Toulouse	31	1	https://chezcesar.fr/
chezcleopatre.fr	Chez Cléopâtre	restauration	Paris	75	1	https://www.chezcleopatre.fr/
chezcot.fr	Chez Cot	restauration	Marseille	13	1	https://www.chezcot.fr/
chezdavia.com	Chez Davia	restauration	Nice	6	1	https://www.chezdavia.com/
chezdiego.eatbu.com	Chez Diego	restauration	Marseille	13	1	https://chezdiego.eatbu.com
chezeva-restaurant.fr	Eva	restauration	Lille	59	1	https://chezeva-restaurant.fr/
chezflavien.com	Chez Flavien	restauration	Lille	59	1	https://www.chezflavien.com
chezfreddy.fr	Chez Freddy	restauration	Nice	6	1	https://chezfreddy.fr/
chezgardel.fr	Chez Gardel	restauration	Toulouse	31	1	https://chezgardel.fr/
chezgilbert.net	Chez Gilbert	restauration	Marseille	13	1	https://www.chezgilbert.net/
chezhaki.fr	Chez Haki	restauration	Paris	75	1	https://chezhaki.fr
chezhibou.com	Chez Hibou	restauration	Bordeaux	33	1	https://www.chezhibou.com/
chezjeanetgabi-restaurant.com	Chez Jean & Gabi	restauration	Toulouse	31	1	https://www.chezjeanetgabi-restaurant.com/
chezjeannot-restaurant.fr	Chez Jeannot	restauration	Toulouse	31	1	https://www.chezjeannot-restaurant.fr/
chezkoen.be	Chez Koen	restauration	Lille	59	1	https://www.chezkoen.be/
chezlancien.fr	Chez l'ancien	restauration	Paris	75	2	https://chezlancien.fr/
chezlena.fr	Les délices de Léna	restauration	Toulouse	31	1	https://www.chezlena.fr/
chezlesdeuxamis-express.fr	Chez les deux amis	restauration	Paris	75	1	https://chezlesdeuxamis-express.fr/
chezlesgarcons.fr	Chez Les Garçons	restauration	Nice	6	1	https://www.chezlesgarcons.fr/
chezlesploucs.fr	Chez les Ploucs	restauration	Bordeaux	33	1	https://chezlesploucs.fr/
chezlespotes.com	Chez les Potes	restauration	Toulouse	31	1	https://chezlespotes.com
chezmagda.fr	Chez Magda	restauration	Toulouse	31	1	https://www.chezmagda.fr/
chezmamaafricamarseille.fr	Chez Mama Africa	restauration	Marseille	13	1	https://chezmamaafricamarseille.fr/
chezmams.fr	Mam's	restauration	Lille	59	1	https://www.chezmams.fr/
chezmarcel.fr	Chez Marcel	restauration	Toulouse	31	1	https://www.chezmarcel.fr/
chezmario.fr	Chez Mario	restauration	Bordeaux	33	1	http://www.chezmario.fr
chezmarwan94.fr	Chez Marwan	restauration	Paris	75	1	https://www.chezmarwan94.fr/
chezmaxbistrotlillois.com	Chez Max	restauration	Lille	59	1	https://www.chezmaxbistrotlillois.com/
chezmemegameuse.com	Mémé gameuse	restauration	Lille	59	1	https://chezmemegameuse.com/
chezmichel.fr	Chez Michel	restauration	Nice	6	1	https://www.chezmichel.fr
chezmina.fr	Chez Mina	restauration	Bordeaux	33	1	http://www.chezmina.fr/
chezmolly.fr	Chez Molly	restauration	Toulouse	31	1	https://chezmolly.fr/
chezpapyandre.com	Chez Papy André	restauration	Nice	6	1	https://chezpapyandre.com/
chezpipo.fr	Chez Pipo	restauration	Nice	6	1	https://www.chezpipo.fr/fr/
chezrafi.fr	Chez Rafi	restauration	Strasbourg	67	1	https://www.chezrafi.fr/
chezriz-marseille.fr	Chez riz	restauration	Marseille	13	1	https://www.chezriz-marseille.fr/
chezsamrys.fr	Chez Samry's	restauration	Paris	75	1	https://www.chezsamrys.fr/
chezsauveur.fr	Chez Sauveur	restauration	Marseille	13	1	https://www.chezsauveur.fr/
chezsimone-lille.fr	Chez Simone	restauration	Lille	59	1	https://chezsimone-lille.fr/
cheztizote.fr	Chez Tizote	restauration	Lille	59	1	https://cheztizote.fr/
cheztong.fr	Chez Tong	restauration	Paris	75	1	https://cheztong.fr/
cheztran.com	Chez Tran	restauration	Toulouse	31	1	http://www.cheztran.com
chezyassine.com	Chez Yassine	restauration	Marseille	13	1	https://www.chezyassine.com/
chezyuki.fr	Chez Yuki	restauration	Lille	59	1	https://chezyuki.fr/
chiba-lille-59000.zenchef.com	Chiba	restauration	Lille	59	1	https://chiba-lille-59000.zenchef.com/
chic-n-burger.fr	Chic’n Burger	restauration	Paris	75	1	https://www.chic-n-burger.fr
chicagofactory75.com	Chicago Factory	restauration	Paris	75	1	https://chicagofactory75.com/
chicken-grill-tacos.fr	Chicken Grill & Tacos	restauration	Toulouse	31	1	https://chicken-grill-tacos.fr/
chicken-grill-toulouse-patte-doie.fr	Chicken Grill & Tacos	restauration	Toulouse	31	1	https://chicken-grill-toulouse-patte-doie.fr/
chicken-spot-vitry-sur-seine.fr	Chicken Spot	restauration	Paris	75	1	https://www.chicken-spot-vitry-sur-seine.fr/
chickenandchips.fr	Chic'n beef	restauration	Strasbourg	67	1	https://chickenandchips.fr/
chickenfactory.eatbu.com	Chicken Factory	restauration	Paris	75	1	https://chickenfactory.eatbu.com/
chickenfood67.fr	Chicken Food	restauration	Strasbourg	67	1	https://chickenfood67.fr/
chickenlilas.fr	Chicken Lilas	restauration	Paris	75	1	http://www.chickenlilas.fr/
chickenmurga.com	Murga	restauration	Nice	6	1	https://chickenmurga.com/
chickennchicken.com	Chicken N Chicken	restauration	Nice	6	1	http://www.chickennchicken.com/
chickenspot.com	Chicken Spot	restauration	Paris	75	1	https://chickenspot.com/
chickenstimefrance.fr	Chicken's Time	restauration	Paris	75	1	https://chickenstimefrance.fr/
chickenstreet.fr	Chicken Street	restauration	Paris	75	1	https://www.chickenstreet.fr
chickenwizz.fr	ChickenWizz	restauration	Toulouse	31	1	https://www.chickenwizz.fr
chicknbeef.fr	Chick N Beef	restauration	Lille	59	1	https://chicknbeef.fr/
chicknbeeflille.fr	Chick’n Beef	restauration	Lille	59	1	https://www.chicknbeeflille.fr
chickngonice.com	Chick'n Grill	restauration	Nice	6	1	https://chickngonice.com/
chickos.fr	Chicko's	restauration	Bordeaux	33	2	https://www.chickos.fr
chikinbang.com	Chikin Bang	restauration	Marseille	13	1	https://chikinbang.com/restaurant/plan-de-campagne
childebert.lunaongle.com	Luna Ongle	beaute_bienetre	Lyon	69	1	https://childebert.lunaongle.com/
chinaexpress.fr	China Express	restauration	Marseille	13	1	https://chinaexpress.fr/
chinawok.fr	China Wok	restauration	Bordeaux	33	1	https://www.chinawok.fr/
chipotle.fr	Chipotle	restauration	Paris	75	1	http://chipotle.fr/
chiquita-bacana.com	Chiquita Bacana Brasil	restauration	Lille	59	1	http://www.chiquita-bacana.com
chivathai.com	Chi-va Thaï	beaute_bienetre	Paris	75	1	http://www.chivathai.com/
chivkoy.com	CHIV’S KOY - PARIS 13ÈME - GOBELINS	restauration	Paris	75	1	https://www.chivkoy.com/
chiyoda59.com	Chiyoda	restauration	Lille	59	1	https://www.chiyoda59.com/
chochai.com	Chô Chaï	restauration	Paris	75	1	https://www.chochai.com
chouettevelodeville.fr	Chouette vélo de ville	services_proximite	Paris	75	1	https://www.chouettevelodeville.fr/magasins
choviahe.fr	Chợ Vỉa Hè	restauration	Toulouse	31	1	https://www.choviahe.fr/
chrissbarber.com	Chrissbarber	beaute_bienetre	Lyon	69	1	https://chrissbarber.com/lyon-2
christianbondiscoiffure.com		beaute_bienetre	Lyon	69	1	https://www.christianbondiscoiffure.com/
christiangilles.fr	Christian Gilles	beaute_bienetre	Paris	75	1	https://www.christiangilles.fr/
christophe-fermetures.net	Christophe Fermetures	artisanat_btp	Paris	75	1	https://www.christophe-fermetures.net/
christophenicolasbiot.com	Christophe-Nicolas Biot	beaute_bienetre	Paris	75	1	https://christophenicolasbiot.com
christopherfranck.fr	Christopher Franck	beaute_bienetre	Lyon	69	1	https://www.christopherfranck.fr/
christopheversolato.com	Christophe Versolato	beaute_bienetre	Toulouse	31	1	https://www.christopheversolato.com/
chrysalide-beaute.com	Chrysalide	beaute_bienetre	Rouen	76	1	https://chrysalide-beaute.com
chticharivari.eu	Ch'ti Charivari	restauration	Lille	59	1	http://chticharivari.eu/
chtitebrigitte.com	Chtite Brigitte	restauration	Lille	59	1	https://www.chtitebrigitte.com
chungchun.fr	Chung Chun	restauration	Paris	75	1	https://chungchun.fr
chutguinguettetoulouse.fr	Chut Guinguette	restauration	Toulouse	31	1	https://www.chutguinguettetoulouse.fr/
ciao-ragazzi-restaurant-lille.fr	Ciao Ragazzi	restauration	Lille	59	1	https://www.ciao-ragazzi-restaurant-lille.fr/
ciaopizzabella.fr	Pizza Bella	restauration	Marseille	13	1	https://ciaopizzabella.fr/
ciel-a-table.fr	Ciel à Table	restauration	Toulouse	31	1	https://www.ciel-a-table.fr/fr/
ciel-rooftop.com	Ciel - rooftop	restauration	Marseille	13	1	https://www.ciel-rooftop.com/marseille
cielobronzage.com	Cielo Bronzage	beaute_bienetre	Lyon	69	1	https://www.cielobronzage.com/
cigalon-latreille.fr	Le Cigalon	restauration	Marseille	13	1	https://www.cigalon-latreille.fr/
cigkoftem-lyon.fr	Cigkoftem	restauration	Lyon	69	1	https://cigkoftem-lyon.fr/fr
cigkoftem.com	Çiğköftem	restauration	Strasbourg	67	2	https://cigkoftem.com/
cimco.fr	Cimco	artisanat_btp	Lyon	69	1	https://www.cimco.fr/
cinar.eatbu.com	Cinar	restauration	Paris	75	1	https://cinar.eatbu.com
cinqmondes-marseille.com	Cinq Mondes	beaute_bienetre	Marseille	13	1	https://www.cinqmondes-marseille.com
cinqmondes.com	Cinq Mōndes	beaute_bienetre	Nantes	44	1	https://www.cinqmondes.com
ciprianimontecarlo.com	Cipriani Monte Carlo	restauration	Nice	6	1	https://ciprianimontecarlo.com/
circus.primafamily.fr	Prima Circus	restauration	Toulouse	31	1	https://circus.primafamily.fr/
cirm-math.com		restauration	Marseille	13	1	https://www.cirm-math.com/restaurant.html
cissorosola.com	Cissor O'sola	beaute_bienetre	Paris	75	1	https://cissorosola.com
cite2roues.fr	Cité 2 roues	services_proximite	Toulouse	31	1	https://cite2roues.fr/
citeos.fr	Citeos	artisanat_btp	Orleans	45	1	https://www.citeos.fr/
citibike.fr	CitiBike	services_proximite	Paris	75	1	https://www.citibike.fr/fr/magasin/18
citroenbeauzelle.com	Beauzelle Automobiles	automobile	Toulouse	31	1	https://www.citroenbeauzelle.com/
citron-vert.fr	Citron Vert Frères Lumière	beaute_bienetre	Lyon	69	5	https://citron-vert.fr/store/citron-vert-lyon-freres-lumieres-institut-de-beaute/
city-food-restaurant-lyon.eatbu.com	City Food	restauration	Lyon	69	1	https://city-food-restaurant-lyon.eatbu.com/
city-wok.fr	City Wok	restauration	Lille	59	1	https://city-wok.fr
cityasie.com	Aux Gourmets d'Asie	restauration	Bordeaux	33	1	https://cityasie.com
citymobility.fr	City Mobility Grenoble	services_proximite	Grenoble	38	1	www.citymobility.fr
citysoleil.fr	City Soleil	beaute_bienetre	Rouen	76	1	https://www.citysoleil.fr/
cizors.fr	Cizor's	beaute_bienetre	Paris	75	1	https://www.cizors.fr/
ckebab.fr	C Kebab	restauration	Paris	75	1	https://ckebab.fr/restaurants/
cl-coiffure-nantes.fr	CL Coiffure	beaute_bienetre	Nantes	44	1	https://cl-coiffure-nantes.fr
clapcycle.fr		services_proximite	Montpellier	34	1	https://clapcycle.fr/
clarancehotel.com	La table du Clarance	restauration	Lille	59	1	https://www.clarancehotel.com/
classcroute.com	Class'croute	restauration	Paris	75	6	https://www.classcroute.com
classic-lib.eatbu.com	Classic Lib	restauration	Nice	6	1	https://classic-lib.eatbu.com/
claude-coiffure-marseille.fr	Claude coiffure	beaute_bienetre	Marseille	13	1	https://www.claude-coiffure-marseille.fr/
claudine-slowdwich.com	Claudine	restauration	Paris	75	1	https://claudine-slowdwich.com
clavette-grenoble.heureux-cyclage.org	Les Ongles en Deuil	services_proximite	Grenoble	38	1	https://clavette-grenoble.heureux-cyclage.org/
clcstudio.fr	CLC Studio	beaute_bienetre	Lyon	69	1	https://www.clcstudio.fr/
cle-electricite.fr	Clé Électricité	artisanat_btp	Paris	75	1	https://www.cle-electricite.fr
cleankong.fr	Clean Kong	services_proximite	Paris	75	1	https://www.cleankong.fr
cleplombier.com	C’ le plombier	artisanat_btp	Paris	75	1	https://www.cleplombier.com/
client.hairdv.com	LPH	beaute_bienetre	Paris	75	1	https://client.hairdv.com/LPH
climadane.fr	Climadane	artisanat_btp	Paris	75	1	https://climadane.fr/
climecolo.fr	Clim’Ecolo	artisanat_btp	Paris	75	1	https://www.climecolo.fr/
climenergie.com	ClimEnergie	artisanat_btp	Pau	64	1	https://www.climenergie.com
cliniquebeautebyvitoria.fr		beaute_bienetre	Paris	75	1	https://www.cliniquebeautebyvitoria.fr/
cliniqueducheveu.fr	Clinique du Cheveu	beaute_bienetre	Rouen	76	1	https://www.cliniqueducheveu.fr/
cloturesdeseine.fr	Clôtures de Seine	artisanat_btp	Le Havre	76	1	https://cloturesdeseine.fr/
club-house-tchanque.com	Club House Tchanqué	restauration	Bordeaux	33	1	https://club-house-tchanque.com/
clubbbbb.com	Clubbbbb	restauration	Toulouse	31	1	https://www.clubbbbb.com/
clubcafe.fr	Le Club Café	restauration	Lyon	69	1	https://www.clubcafe.fr/
clubcoiffure69002.blogspot.com	Club Coiffure Charlemagne	beaute_bienetre	Lyon	69	1	http://clubcoiffure69002.blogspot.com/
clubmarot.fr	Club Marot	restauration	Lille	59	1	https://www.clubmarot.fr/
clubnautique-restaurant.com	Restaurant du Club Nautique de Nice	restauration	Nice	6	1	https://clubnautique-restaurant.com/
clubtrotter.fr	Clubtrotter	restauration	Lille	59	1	https://clubtrotter.fr/
cmdfrance.jour.fr	Jour Haussmann	restauration	Paris	75	1	https://cmdfrance.jour.fr/fr/shops/healthy/paris-haussmann
cmeslyon.fr	Vip Body - Cmes	beaute_bienetre	Lyon	69	1	https://cmeslyon.fr/
cmpclim.fr	CMP France	artisanat_btp	Paris	75	1	https://cmpclim.fr/
cobredia.fr	FPA	automobile	Brest	29	2	https://www.cobredia.fr/vente-pieces-detachees/
cockpittoulouse.com	Cockpit	restauration	Toulouse	31	1	https://www.cockpittoulouse.com/
cocodasie.fr	Coco d'asie	restauration	Montpellier	34	1	https://www.cocodasie.fr/contact
cocoinstitut.fr	La Vie en Rose	beaute_bienetre	Paris	75	1	http://www.cocoinstitut.fr/
cocoonin-paris.fr	Cocoonin Paris	beaute_bienetre	Paris	75	1	https://www.cocoonin-paris.fr/
cocooning-services.fr	Cocooning Services	services_proximite	Lille	59	1	https://cocooning-services.fr/
cocooninginstitut-paris.fr	Cocooning Institut	beaute_bienetre	Paris	75	1	http://www.cocooninginstitut-paris.fr/
cocothai.fr		restauration	Paris	75	1	https://www.cocothai.fr
codelec.fr	Codelec	artisanat_btp	Paris	75	1	https://codelec.fr/contact/
codesa-plombier-rennes.fr	CO.DE.SA	artisanat_btp	Rennes	35	1	https://www.codesa-plombier-rennes.fr/
codohue.fr	Cố đô Huế	restauration	Lille	59	1	https://www.codohue.fr/
codysbagels.com	Cody's	restauration	Paris	75	1	https://codysbagels.com
coeur-damande.com	Cœur d'Amande	restauration	Toulouse	31	1	https://www.coeur-damande.com/
coeurdecachan.fr	Ravi Pressing & Retoucherie	services_proximite	Paris	75	1	https://coeurdecachan.fr/
coffeetimecreteil.com	Coffee Time	restauration	Paris	75	1	https://coffeetimecreteil.com/
coifbeaute.com	Renaissance	beaute_bienetre	Marseille	13	1	https://www.coifbeaute.com/
coiff1rst.com	Coiffirst	beaute_bienetre	Paris	75	1	http://www.coiff1rst.com/
coiffandco.com	Coiff&Co	beaute_bienetre	Paris	75	3	https://www.coiffandco.com/salon-4503/coiffeur/avenue-jean-monnet-7680-roissy-en-brie
coiffeur-a-paris15eme.com	Allure	beaute_bienetre	Paris	75	1	https://www.coiffeur-a-paris15eme.com
coiffeur-ab-barbier.business.site	AB Coiffeur Barbier	beaute_bienetre	Paris	75	1	https://coiffeur-ab-barbier.business.site
coiffeur-bio-marseille.fr	Green Loft	beaute_bienetre	Marseille	13	1	https://coiffeur-bio-marseille.fr/
coiffeur-chatou.fr	Les Ciseaux d'Auré	beaute_bienetre	Paris	75	1	https://www.coiffeur-chatou.fr/
coiffeur-couleur-nantes.fr	Fleane Coiffure	beaute_bienetre	Nantes	44	1	https://www.coiffeur-couleur-nantes.fr/
coiffeur-homme-barber-cut-and-cheap.business.site	Barber and Cut Cheap	beaute_bienetre	Paris	75	1	https://coiffeur-homme-barber-cut-and-cheap.business.site/
coiffeur-incitif-69.com	Em'ma	beaute_bienetre	Lyon	69	1	http://coiffeur-incitif-69.com/
coiffeur-lianlais-conflanssaintehonorine.fr	Lian Laïs	beaute_bienetre	Paris	75	1	https://www.coiffeur-lianlais-conflanssaintehonorine.fr
coiffeur-olivierzayan.com	Olivier Zayan	beaute_bienetre	Paris	75	1	https://www.coiffeur-olivierzayan.com/
coiffeur-paris11.fr	Greg Antoine	beaute_bienetre	Paris	75	1	http://coiffeur-paris11.fr
coiffeur-sautron.fr	Harmonie	beaute_bienetre	Nantes	44	1	https://www.coiffeur-sautron.fr/
coiffeur-visagiste-lyon.fr	Les Germaines	beaute_bienetre	Lyon	69	1	https://www.coiffeur-visagiste-lyon.fr
coiffeurchristined.fr	Christine D. Coiffure	beaute_bienetre	Rouen	76	1	https://coiffeurchristined.fr/7-2/
coiffeurhomme.com	Salon Lumière - Coiffure Hommes	beaute_bienetre	Lyon	69	1	https://www.coiffeurhomme.com/
coiffeurhommelyon.fr	Les Hommes d'Abord	beaute_bienetre	Lyon	69	1	https://www.coiffeurhommelyon.fr
coiffeursdetalent.fr	Tendances coiffure	beaute_bienetre	Toulouse	31	1	https://coiffeursdetalent.fr/place/tendances-coiffure/
coiffhair.com	Coiff'Hair	beaute_bienetre	Paris	75	1	https://www.coiffhair.com/
coiffirst.com	Coiffirst Marais	beaute_bienetre	Paris	75	1	https://coiffirst.com
coiffrine.com		beaute_bienetre	Toulouse	31	1	https://www.coiffrine.com/
coiffure-du-monde.fr	Coiffure du Monde	beaute_bienetre	Toulouse	31	1	https://coiffure-du-monde.fr/
coiffure-eric-78.com	Eric Coiffure	beaute_bienetre	Paris	75	1	https://www.coiffure-eric-78.com/
coiffure-esthetique-raimbault.com	Corinne Raimbault	beaute_bienetre	Paris	75	1	https://www.coiffure-esthetique-raimbault.com/
coiffure-evasion.fr	Coiffure Évasion	beaute_bienetre	Lyon	69	1	https://coiffure-evasion.fr/
coiffure-jacques-diffusion.fr	Jacques diffusion	beaute_bienetre	Nantes	44	1	https://www.coiffure-jacques-diffusion.fr/
coiffure-lazorthes.fr	Lazorthes	beaute_bienetre	Toulouse	31	1	http://www.coiffure-lazorthes.fr/
coiffure-mick-a-elle.business.site	Coiffure Mick À Elle	beaute_bienetre	Lyon	69	1	https://coiffure-mick-a-elle.business.site/
coiffure-ongles-tournefeuille.fr	Hair Feeling	beaute_bienetre	Toulouse	31	1	https://www.coiffure-ongles-tournefeuille.fr
coiffure-spa-paris.fr	Coiffure Spa by Christian Lacout	beaute_bienetre	Paris	75	1	http://coiffure-spa-paris.fr/
coiffure-thierry-laine.fr	Thierry Lainé	beaute_bienetre	Toulouse	31	1	https://www.coiffure-thierry-laine.fr/
coiffuredesarts.fr	Coiffure des Arts	beaute_bienetre	Lyon	69	1	https://www.coiffuredesarts.fr/
coiffurehommelyon.fr	Daniel C Barbier	beaute_bienetre	Lyon	69	1	http://www.coiffurehommelyon.fr
coiffurejacquesduboeuf.com	Salon Jacques Duboeuf	beaute_bienetre	Lyon	69	1	https://www.coiffurejacquesduboeuf.com/
coiffurelyon-romanyck.fr	Jérôme Romanyck	beaute_bienetre	Lyon	69	1	https://coiffurelyon-romanyck.fr
coiffurelyon.com	Coiffure du Parc	beaute_bienetre	Lyon	69	1	https://www.coiffurelyon.com/
coiffureparis11.fr	Daniel Coiffure Esthetique Paris 11	beaute_bienetre	Paris	75	1	http://www.coiffureparis11.fr/
coiffurewallace.site-solocal.com	Coiffure Wallace	beaute_bienetre	Paris	75	1	https://coiffurewallace.site-solocal.com/
coiftop.business.site	Barbershop	beaute_bienetre	Paris	75	1	https://coiftop.business.site/
cojean.fr	Cojean	restauration	Paris	75	1	https://www.cojean.fr/
colette-burger.webflow.io	Les burgers de Colette	restauration	Bordeaux	33	1	https://colette-burger.webflow.io/restaurants/bordeaux-chartrons
colliersdailleurs.com	Maine Coiffure	beaute_bienetre	Paris	75	1	https://www.colliersdailleurs.com
colombes-cycles.fr	Colombes cycles	services_proximite	Paris	75	1	https://www.colombes-cycles.fr
colomiers.veocinemas.fr	Bistrot Véo	restauration	Toulouse	31	1	https://colomiers.veocinemas.fr/bistrot-veo/
colorforever.com	Color Forever	beaute_bienetre	Paris	75	1	https://www.colorforever.com
colorfulblack.com	Colorful Black	beaute_bienetre	Paris	75	1	https://www.colorfulblack.com/
colorhairparis.fr	Color Hair	beaute_bienetre	Paris	75	1	https://www.colorhairparis.fr
columbushotels.com	Tavolo	restauration	Nice	6	1	https://www.columbushotels.com/restaurant-monaco/
comat.fr	Comat Nord-Est	artisanat_btp	Nancy	54	1	https://www.comat.fr/comat-nord-est/
combarieumassonfenetre.com	Grosfillex Combarieu Masson	artisanat_btp	Perpignan	66	1	https://combarieumassonfenetre.com/
comeacasa-pizza.fr	Come a Casa	restauration	Bordeaux	33	1	https://comeacasa-pizza.fr
comebike.fr	Come Bike	services_proximite	Montpellier	34	1	https://www.comebike.fr
comeprimalille.com	Come Prima	restauration	Lille	59	1	https://www.comeprimalille.com/
commande-burgeraddict.fr	Burger Addict	restauration	Paris	75	1	https://www.commande-burgeraddict.fr/cesarweb/PAGE_MULTI_BOUTIQUE/YE0AAAn5UL5IAIIHpQdtfJOl180
commande-en-ligne.laddition.com	La Pecora Nera	restauration	Toulouse	31	1	https://commande-en-ligne.laddition.com/commande-en-ligne/lapecoranera-click-and-collect
commande.dominos.fr	Domino's	restauration	Toulouse	31	1	https://commande.dominos.fr/
commande.lachichoumeille.com	ITrucks La Chichoumeille	restauration	Montpellier	34	1	https://commande.lachichoumeille.com/
commande.lettuceandco.fr	Lettuce & co	restauration	Nice	6	1	https://commande.lettuceandco.fr/home/places
commande.planetsushi.com	Planet Sushi	restauration	Lille	59	1	https://commande.planetsushi.com/shop/planetsushi-lillebettignies/
commande.pngo.fr	Fast-food L'Amphi	restauration	Lille	59	1	https://commande.pngo.fr/lamphi
commande.taobento.com	Taobento	restauration	Lille	59	1	https://commande.taobento.com/restaurants/taobento-hallennes
commande.taobento.fr	Taobento	restauration	Lille	59	1	https://commande.taobento.fr/restaurants/taobento-carvin
commandes.bocadios.fr	Boca Dios	restauration	Paris	75	1	https://commandes.bocadios.fr/order
commealamaisonivry.fr	Comme à la Maison	restauration	Paris	75	1	https://commealamaisonivry.fr/
commechezlui.com	Comme Chez Lui	beaute_bienetre	Toulouse	31	1	https://www.commechezlui.com/
commeneuf-nettoyage.fr	Comme Neuf	services_proximite	Paris	75	1	https://www.commeneuf-nettoyage.fr/
commeundimanche-nice.com	Comme un dimanche	restauration	Nice	6	1	https://www.commeundimanche-nice.com
compagnons-peintres.fr	Les Compagnons Peintres Champenois	artisanat_btp	Reims	51	1	https://www.compagnons-peintres.fr/
complexe101.fr	Le 101	restauration	Toulouse	31	1	https://www.complexe101.fr/
composeparis.fr	Compose	restauration	Paris	75	1	https://composeparis.fr/compose-boulogne/
compozeat.fr	CompoZeat	restauration	Paris	75	1	https://www.compozeat.fr/
comptoir-henneron.fr	Comptoir Henneron	restauration	Lille	59	1	https://comptoir-henneron.fr/
comptoir-menuiserie.com	Comptoir de la Menuiserie	artisanat_btp	Toulouse	31	1	https://www.comptoir-menuiserie.com
comptoir44-lille.fr	Comptoir 44	restauration	Lille	59	1	https://www.comptoir44-lille.fr/
comptoirapizzas.com	Le Comptoir à Pizzas	restauration	Toulouse	31	1	https://www.comptoirapizzas.com/
comptoirceviche.com	Comptoir Ceviche	restauration	Bordeaux	33	1	https://www.comptoirceviche.com
comptoirchristoly.fr	Comptoir Christoly	restauration	Bordeaux	33	1	https://www.comptoirchristoly.fr/
comptoircuisine.com	Comptoir Cuisine	restauration	Bordeaux	33	1	https://comptoircuisine.com
comptoirdecayac.fr	Le comptoir de Cayac	restauration	Bordeaux	33	1	https://comptoirdecayac.fr/
comptoirdesremparts.fr	Comptoir des Remparts	restauration	Bordeaux	33	1	http://www.comptoirdesremparts.fr/
comptoirdugommier.fr	Le Comptoir Dugommier	restauration	Marseille	13	1	http://comptoirdugommier.fr
comptoirdumarche.fr	Comptoir du Marché	restauration	Nice	6	1	https://www.comptoirdumarche.fr/
comptoirdupneu34.com	Comptoir du Pneu Occasion et Neuf	automobile	Montpellier	34	1	https://www.comptoirdupneu34.com
comptoirvolant.fr	Le comptoir volant	restauration	Lille	59	1	https://comptoirvolant.fr/
concept-isolation-fenetres.com	Concept Isolation Fenêtres	artisanat_btp	Paris	75	1	https://www.concept-isolation-fenetres.com/
conceptcars64.fr	Concept'Cars 64 - Self Garage	automobile	Bayonne	64	1	https://www.conceptcars64.fr/
conceptchefbbq.com	Concept Chef	restauration	Paris	75	1	http://www.conceptchefbbq.com
conceptcoiffureuniverselle.com	Concept Coiffure Universelle	beaute_bienetre	Paris	75	1	https://www.conceptcoiffureuniverselle.com
conceptsandwich.fr	Concept Sandwich	restauration	Lyon	69	1	https://conceptsandwich.fr/
concessionnaire.renault.fr	Renault	automobile	Toulouse	31	7	https://concessionnaire.renault.fr/garage-brefeil-toulouse.html
concessions.peugeot.fr	Garage des Gratte-Ciel	automobile	Lyon	69	35	https://concessions.peugeot.fr/josserand-villeurbanne
conector.fr	Conector	services_proximite	Paris	75	1	https://www.conector.fr
confidences-coiffure-lyon6.fr	Confidences	beaute_bienetre	Lyon	69	1	https://www.confidences-coiffure-lyon6.fr/
confidences-coiffure-part-dieu.fr	Confidences	beaute_bienetre	Lyon	69	1	https://www.confidences-coiffure-part-dieu.fr/
confidences-lesalon.com	Confidences	beaute_bienetre	Lyon	69	3	https://www.confidences-lesalon.com/salon-de-coiffure-lyon-8/
confidences-prestige-coiffure-lyon6.fr	Confidences Prestige International	beaute_bienetre	Lyon	69	1	https://www.confidences-prestige-coiffure-lyon6.fr/
confort-chauffage-clim.com	Confort Chauffage Climatisation	artisanat_btp	Nice	6	1	https://www.confort-chauffage-clim.com/
confortadomicile.com	Confort à domicile	services_proximite	Paris	75	1	https://www.confortadomicile.com
construction-maison-fl3c.com	FL3C	artisanat_btp	Paris	75	1	https://www.construction-maison-fl3c.com
contact45464.wixsite.com	Steak‘n Shake	restauration	Marseille	13	1	https://contact45464.wixsite.com/steaknshakepdc/menu
control-cana.fr	Control Cana	artisanat_btp	Paris	75	1	https://control-cana.fr
controle-technique.autosur.fr	Autosur Contrôle Technique La Crau	automobile	Toulon	83	1	https://controle-technique.autosur.fr/903-autosur-la-crau
coolfit.fr	Cool Fit	beaute_bienetre	Lyon	69	1	https://coolfit.fr/
cooperativebaraka.fr	Baraka	restauration	Lille	59	1	https://www.cooperativebaraka.fr/
copa-pieces-auto.fr	Copa	automobile	Nantes	44	1	http://www.copa-pieces-auto.fr/
coprianncoiffure.fr	Copri Ann	beaute_bienetre	Paris	75	1	https://www.coprianncoiffure.fr/
coprover.fr	Coprover Toulouse	artisanat_btp	Toulouse	31	1	https://www.coprover.fr/
coq-hardi.fr	Coq Hardi	restauration	Lille	59	1	https://coq-hardi.fr/
coquillagesbouchetnice.fr	Bouchet	restauration	Nice	6	1	https://coquillagesbouchetnice.fr/
coralieaumaitre.fr	The Hair Academy	beaute_bienetre	Lyon	69	1	https://www.coralieaumaitre.fr
corbe-peinture.com	Corbe & Fils	artisanat_btp	Rennes	35	1	https://www.corbe-peinture.com/
cordoba-restaurant.fr	Cordoba	restauration	Lille	59	1	https://www.cordoba-restaurant.fr/
cordonnerie-atelierdulanguedoc.fr	Cordonnerie L'atelier du Languedoc	services_proximite	Toulouse	31	1	https://cordonnerie-atelierdulanguedoc.fr/
cordonnerie-botterie-rennes.sitew.fr	Anne & Cédric	services_proximite	Rennes	35	1	https://cordonnerie-botterie-rennes.sitew.fr/
cordonnerie-fred-rolland.business.site	Cordonnerie Fred Rolland	services_proximite	Rennes	35	1	https://cordonnerie-fred-rolland.business.site/
cordonnerie-latelier-du-sixieme.business.site	L'Atelier du Sixième	services_proximite	Lyon	69	1	https://cordonnerie-latelier-du-sixieme.business.site/
cordonneriedelapoterie.site-solocal.com	Cordonnerie Pressing de la Poterie	services_proximite	Rennes	35	1	https://cordonneriedelapoterie.site-solocal.com/
cordonneriedesbuclos.com	Cordonnerie des Buclos	services_proximite	Grenoble	38	1	https://cordonneriedesbuclos.com/
cordonneriedesplatanes.fr	Cordonnerie des Platanes	services_proximite	Rennes	35	1	http://cordonneriedesplatanes.fr/
cordonneriegsand.wixsite.com	Cordonnerie	services_proximite	Paris	75	1	http://cordonneriegsand.wixsite.com
cordonnerieham.free.fr	Cordonnerie Ham	services_proximite	Paris	75	1	http://cordonnerieham.free.fr/
cordonneriestrasbourg.fr	Cordonnerie Strasbourg	services_proximite	Grenoble	38	1	https://cordonneriestrasbourg.fr/
cordonnier-haute-couture-chausseur-sur-mesure.com	Atelier Cattelan	services_proximite	Paris	75	1	https://cordonnier-haute-couture-chausseur-sur-mesure.com/
corencalternatif.wixsite.com	Corenc Alternatif	services_proximite	Grenoble	38	1	https://corencalternatif.wixsite.com/corenc-alternatif
corinne.esthetique.free.fr	Corinne Esthétique	beaute_bienetre	Paris	75	1	https://corinne.esthetique.free.fr
cornerburger.fr	Corner Burger	restauration	Marseille	13	1	https://www.cornerburger.fr/
corps-et-hommes.fr	Corps et Hommes	beaute_bienetre	Lyon	69	1	https://www.corps-et-hommes.fr/
correiamanuelcoiffeurcreateur.site-solocal.com	Mannuel Correia	beaute_bienetre	Lyon	69	1	https://correiamanuelcoiffeurcreateur.site-solocal.com
cortonbeachcortonkayakcassis.com	Corton Beach	restauration	Marseille	13	1	https://www.cortonbeachcortonkayakcassis.com/
cosybeaute.fr	Cosy Beauté	beaute_bienetre	Paris	75	1	https://cosybeaute.fr/
cosytacos.fr	Cosy Tacos	restauration	Bordeaux	33	1	https://cosytacos.fr/
cosytraiteur.eatbu.com	Cosy	restauration	Paris	75	1	http://cosytraiteur.eatbu.com
cot-cot.com	Cot Cot	restauration	Paris	75	1	http://cot-cot.com
cote-barcelone.rosa-negra.fr	La Rosa Negra "Côté Barcelone"	restauration	Toulouse	31	1	https://cote-barcelone.rosa-negra.fr/la-rosa-cote-barcelone
cote-lounge-restaurant-nice.com	Côté Lounge	restauration	Nice	6	1	https://www.cote-lounge-restaurant-nice.com/
cote-maison-isolation.fr	Coté Maison	artisanat_btp	Caen	14	1	https://www.cote-maison-isolation.fr/
coteafrique.fr	Côté Afrique	beaute_bienetre	Nantes	44	1	https://www.coteafrique.fr/
cotecomptoir.eatbu.com	Côté Comptoir	restauration	Lille	59	1	https://cotecomptoir.eatbu.com/
cotefenetres.fr	Côté Fenêtres	artisanat_btp	Rennes	35	1	https://www.cotefenetres.fr/
cotegaronne-toulouse.fr	Côté Garonne	restauration	Toulouse	31	1	https://cotegaronne-toulouse.fr/
cotejardin.fr	Côté Jardin	restauration	Montpellier	34	1	https://cotejardin.fr/
cotesushi.com	Côté Sushi	restauration	Paris	75	4	https://cotesushi.com/restaurants/5998-poissy
cotezinc.fr	Côté Zinc	restauration	Bordeaux	33	1	https://www.cotezinc.fr/
cotierefermetures.fr	Côtière Fermetures	artisanat_btp	Lyon	69	1	https://www.cotierefermetures.fr/
couleurcoiffure.fr	Couleur Coiffure	beaute_bienetre	Paris	75	1	https://couleurcoiffure.fr/
couleurs-roussillon.fr	Couleurs Roussillon	artisanat_btp	Perpignan	66	1	http://www.couleurs-roussillon.fr/
couleursdici-restaurant.com	Couleurs d'ici	restauration	Montpellier	34	1	https://www.couleursdici-restaurant.com/
coulondrines.com	Les Coulondrines	restauration	Montpellier	34	1	https://www.coulondrines.com/
coupdemain-lille.fr	Coup de main	restauration	Lille	59	1	https://www.coupdemain-lille.fr/
coupescouleurs-salons.fr	Coupes Couleurs	beaute_bienetre	Toulouse	31	1	https://www.coupescouleurs-salons.fr/
coupibar.fr	Coupi Street Kitchen	restauration	Paris	75	1	https://www.coupibar.fr/
courcyclette.org	La Cour Cyclette	services_proximite	Paris	75	1	https://www.courcyclette.org/
courdelachtitebrigitte.com	La cour de la ch’tite brigitte	restauration	Lille	59	1	https://www.courdelachtitebrigitte.com/
courtepaille.com	Courtepaille	restauration	Bordeaux	33	2	https://www.courtepaille.com/restaurant/courtepaille-bordeaux-le-lac/
courtrypizza.fr	Courtry Pizza	restauration	Paris	75	1	https://www.courtrypizza.fr/
couscoussimo.com	Couscoussimo	restauration	Bordeaux	33	1	https://couscoussimo.com/
couverture-desamiantage-dijon.fr	Collin-Burdy	artisanat_btp	Dijon	21	1	https://www.couverture-desamiantage-dijon.fr/
couverture-dg-92.fr	Entreprise DG	artisanat_btp	Paris	75	1	https://www.couverture-dg-92.fr
couverture-hoffman-coucardon.fr	Couverture Hoffman Coucardon.	artisanat_btp	Paris	75	1	https://www.couverture-hoffman-coucardon.fr/
couvertureartisanal.fr	Couverture Artisanale	artisanat_btp	Paris	75	1	https://www.couvertureartisanal.fr/
couvreur-antony-horn.com	Cap Couverture Horn	artisanat_btp	Paris	75	1	https://couvreur-antony-horn.com/
couvreur-charles.fr	Couvreur Charles	artisanat_btp	Paris	75	1	https://www.couvreur-charles.fr/
couvreur-le-pecq-bonnard.com	Ets Toiture Bonnard	artisanat_btp	Paris	75	1	https://couvreur-le-pecq-bonnard.com/
couvreur92.com	Les Couvreurs de Garches	artisanat_btp	Paris	75	1	https://couvreur92.com
couvreurcachan.fr	Les Toitures Frédéric	artisanat_btp	Paris	75	1	https://www.couvreurcachan.fr
cowash.fr	Saint-Charles	services_proximite	Paris	75	1	https://www.cowash.fr/pressing/pressing-place-saint-charles-57-rue-saint-charles-75015-paris/111
coyarestaurant.com	COYA Monte-Carlo	restauration	Nice	6	1	https://coyarestaurant.com/restaurants/monte-carlo/
coyoteburgers.fr	Le Coyote-Burgers	restauration	Toulouse	31	1	https://coyoteburgers.fr/
cozypoke.ojscafe.com	Cozy Poke	restauration	Paris	75	1	https://cozypoke.ojscafe.com/
cozza.mc	Cozza	restauration	Nice	6	1	https://www.cozza.mc/
cp-lille.com	Le Plaza Restaurant	restauration	Lille	59	1	http://www.cp-lille.com/restaurant-lille/
cpc33.fr	CPC 33	artisanat_btp	Bordeaux	33	1	https://www.cpc33.fr/
cpcs-plomberie-chauffage.fr	CPCS	artisanat_btp	Rennes	35	1	https://www.cpcs-plomberie-chauffage.fr
crazy-wok.com	Crazy Wok	restauration	Nice	6	1	http://crazy-wok.com
crazypizza.fr	Crazy Pizza	restauration	Nice	6	1	http://www.crazypizza.fr/
crc-cycles.com	CRC Cycles	services_proximite	Paris	75	1	http://www.crc-cycles.com/
cre-actifs.fr	Cre'actifs	services_proximite	Saint-Etienne	42	1	http://www.cre-actifs.fr/
creacoiffure.com	Créa Coiffure	beaute_bienetre	Lyon	69	1	https://creacoiffure.com/
creatifstd.fr	Cristèle Audinet	beaute_bienetre	Paris	75	1	https://creatifstd.fr/
creationmg.fr	Creation M.G	beaute_bienetre	Nantes	44	1	https://creationmg.fr
cremebordeaux.fr	Crème	restauration	Bordeaux	33	1	https://cremebordeaux.fr/
crepeat.com	Crêp'eat	restauration	Toulouse	31	1	https://crepeat.com/restaurant/crepeat-toulouse-portet/
creperie-elo.fr	Crêperie Elo	restauration	Paris	75	1	https://www.creperie-elo.fr/
creperie-espritlibre.fr	Esprit libre	restauration	Toulouse	31	1	https://www.creperie-espritlibre.fr
creperie-lalbizia.fr	L'Albizia	restauration	Marseille	13	1	http://www.creperie-lalbizia.fr
creperie-le-menhir-31.com	Le Menhir	restauration	Toulouse	31	1	https://www.creperie-le-menhir-31.com
creperie-le-renard-et-la-belette.com	Le Renard et la Belette	restauration	Lille	59	1	https://creperie-le-renard-et-la-belette.com/fr
creperie-lille.fr	La Crêperie du Sébasto	restauration	Lille	59	1	https://www.creperie-lille.fr/
creperie-pessac.com	La Crêperie	restauration	Bordeaux	33	1	http://www.creperie-pessac.com/
creperie-saintgeorges.com	Crêperie Saint-Georges,	restauration	Lille	59	1	https://www.creperie-saintgeorges.com/
creperie-seletsucre.fr	Sel et Sucre	restauration	Bordeaux	33	1	http://www.creperie-seletsucre.fr/
creperiealmatyleognan.fr	Crêperie Almaty	restauration	Bordeaux	33	1	https://www.creperiealmatyleognan.fr/
creperiebeaurepaire.com	Crêperie Beaurepaire	restauration	Lille	59	1	https://www.creperiebeaurepaire.com/
creperiefleurdesel.com	Fleur de sel	restauration	Lille	59	1	https://creperiefleurdesel.com/
creperielekreisker.com	Crêprie Le Kreisker	restauration	Montpellier	34	1	https://www.creperielekreisker.com/
creperieletrimarannice.eatbu.com	Le Trimaran	restauration	Nice	6	1	https://creperieletrimarannice.eatbu.com/
crepetouch.com	Crepe Touch	restauration	Marseille	13	1	https://www.crepetouch.com/
crepy-villeurbanne.com	Crêpy	restauration	Lyon	69	1	https://crepy-villeurbanne.com
crescendo-restauration.fr	Cafétéria Crescendo	restauration	Montpellier	34	1	https://www.crescendo-restauration.fr/restaurant-montpellier-le-cres-17.html
creteil-soleil.klepierre.fr	The Men’s Club	beaute_bienetre	Paris	75	1	https://creteil-soleil.klepierre.fr/boutiques-restaurants/men-s-club
crispysoul.fr	Crispy Soul	restauration	Paris	75	1	https://crispysoul.fr
cristalburger.fr	Cristal	restauration	Paris	75	1	http://cristalburger.fr/
crlc.fr	CRLC	artisanat_btp	Rennes	35	1	http://www.crlc.fr/
crocknpizz.fr	C'rock n'pizz	restauration	Lyon	69	1	https://www.crocknpizz.fr/
crocojet.com	Crocojet	automobile	Nantes	44	1	https://crocojet.com/#agence
cros-services.fr	Cros Services	artisanat_btp	Paris	75	1	https://cros-services.fr
crous-aix-marseille.fr	Restaurant Universitaire École Centrale	restauration	Marseille	13	1	https://www.crous-aix-marseille.fr/restaurant/ru-ecole-centrale-3/
crous-bordeaux.fr	La Soucoupe	restauration	Bordeaux	33	8	https://www.crous-bordeaux.fr/restaurant/crous-market-la-soucoupe/
crous-creteil.fr	Restaurant univesitaire Crous Club	restauration	Paris	75	1	https://www.crous-creteil.fr/restaurant/ru-crous-club/
crous-grenoble.fr	Laverie Berlioz	services_proximite	Grenoble	38	2	https://www.crous-grenoble.fr/logement/residence-berlioz/
crous-lille.fr	La Pastella	restauration	Lille	59	1	https://www.crous-lille.fr/restaurant/la-pastella-lille-iii/
crous-lyon.fr	Cafet’ U La Grignote	restauration	Lyon	69	1	https://www.crous-lyon.fr/restaurant/cafeteria-la-grignote/
crous-montpellier.fr	Cafet' St Charles	restauration	Montpellier	34	12	https://www.crous-montpellier.fr/restaurant/cafet-st-charles/
crous-nice.fr	Resto U Montebello	restauration	Nice	6	1	https://www.crous-nice.fr/restaurant/resto-u-montebello/
crous-paris.fr	Caféteria Condorcet	restauration	Paris	75	1	https://www.crous-paris.fr/restaurant/libre-service-cafeteria-condorcet/
crous-toulouse.fr	La Cantine	restauration	Toulouse	31	1	https://www.crous-toulouse.fr/restaurant/crous-go-la-cantine/
crous-versailles.fr	Cafétéria Soft Rock – Vauban	restauration	Paris	75	1	https://www.crous-versailles.fr/restaurant/cafeteria-soft-rock-vauban-2/
crousty-chicken.eatbu.com	Crousty Chicken	restauration	Strasbourg	67	1	https://crousty-chicken.eatbu.com/
croustygame.com	Krousty Game	restauration	Lyon	69	1	https://www.croustygame.com
cryobar.fr	Cryobar	beaute_bienetre	Paris	75	1	https://cryobar.fr/
cryobusca.com	Cryo Busca	beaute_bienetre	Toulouse	31	1	https://www.cryobusca.com/
crystalecopressing.com	Chrystal Eco Pressing	services_proximite	Montpellier	34	1	https://crystalecopressing.com
cs2m.fr	Laurent Mazoyer	services_proximite	Toulouse	31	1	https://www.cs2m.fr/
cshp.fr	Centre de soins hautes performances	beaute_bienetre	Paris	75	1	https://www.cshp.fr
ctcarr.com	CT Carr	automobile	Montpellier	34	1	https://ctcarr.com/
ctfc-bruz.fr	CTFC Centre Technique Froid Chaud	artisanat_btp	Rennes	35	1	http://www.ctfc-bruz.fr/
ctrlz.com	CtrlZ	beaute_bienetre	Saint-Etienne	42	1	https://www.ctrlz.com/centres/saint-etienne/
ctropbun.fr	C' Trop Bún	restauration	Paris	75	1	https://www.ctropbun.fr
cucinasemplice.fr	Cucina Semplice	restauration	Toulouse	31	1	https://www.cucinasemplice.fr/
cuisineadlc.com	Point B	restauration	Paris	75	1	http://cuisineadlc.com/
culdecochon.com	Cul de Cochon	restauration	Paris	75	1	https://culdecochon.com/
culturecrepes.fr	Culture Crêpes	restauration	Paris	75	1	https://www.culturecrepes.fr
culturevelo-chatillon.com	Culture Vélo	services_proximite	Paris	75	1	https://www.culturevelo-chatillon.com/
culturevelo.com	Culture Vélo Cycleland	services_proximite	Paris	75	10	https://www.culturevelo.com/-Villebon-
cuminetcannelle.com	Cumin et Cannelle	restauration	Nice	6	1	https://www.cuminetcannelle.com/fr
cuoricino.top	Cuoricino Pizza & CO.	restauration	Strasbourg	67	1	https://www.cuoricino.top/
curlin-coiffure-artistique.com	Curl'In	beaute_bienetre	Nantes	44	1	https://www.curlin-coiffure-artistique.com
curlsalon.fr	Curl Salon	beaute_bienetre	Lyon	69	1	https://www.curlsalon.fr
currycafetoulouse.com	Curry Café	restauration	Toulouse	31	1	https://currycafetoulouse.com/
cut-streetfood.com	CUT Street food	restauration	Paris	75	1	https://www.cut-streetfood.com/
cyber-jay.fr	Cyber Jay	services_proximite	Paris	75	1	https://www.cyber-jay.fr
cyckles.com	Cyckles	services_proximite	Paris	75	1	https://cyckles.com
cycl-up.fr	Cycle'Up	services_proximite	Paris	75	1	https://cycl-up.fr/
cyclable.com	Cyclable	services_proximite	Paris	75	2	https://cyclable.com
cyclarium.fr	Cyclarium	services_proximite	Toulouse	31	1	https://www.cyclarium.fr/
cycle-in.fr	Cycle'In	services_proximite	Paris	75	1	https://www.cycle-in.fr
cycle-naturel.com	Cycle Naturel	services_proximite	Paris	75	1	http://www.cycle-naturel.com
cyclemouv.fr	Cycl'emouv	services_proximite	Paris	75	1	https://www.cyclemouv.fr/
cycler.fr	ATELIER CYCLER	services_proximite	Paris	75	1	https://www.cycler.fr/atelier-paris-14
cycles-bicloune.com	Bicloune	services_proximite	Paris	75	1	https://www.cycles-bicloune.com/
cycles-blain.com	Cycles Blain - Manudany	services_proximite	Lyon	69	4	https://www.cycles-blain.com/
cycles-boisselier-42.com	Cycles Boisselier	services_proximite	Saint-Etienne	42	1	http://www.cycles-boisselier-42.com
cycles-bruno-sancassiani.com	Cycles Bruno Sancassiani	services_proximite	Lyon	69	1	https://www.cycles-bruno-sancassiani.com/
cycles-fayah-vente-et-reparation-velo.business.site	Cycles Fayah	services_proximite	Marseille	13	1	https://cycles-fayah-vente-et-reparation-velo.business.site/
cycles-fevrier.com	Cycles Fevrier	services_proximite	Lille	59	1	http://www.cycles-fevrier.com/
cycles-go.com	Cycles & Go	services_proximite	Grenoble	38	1	https://www.cycles-go.com/
cycles-guedard.com	Guédard Cycles	services_proximite	Rennes	35	1	http://cycles-guedard.com
cycles-panache.fr	Panache	services_proximite	Paris	75	1	http://cycles-panache.fr/
cycles-saveuil.fr	Cycles Saveuil	services_proximite	Grenoble	38	1	https://cycles-saveuil.fr/
cycles-vertigo.com	Cycles Vertigo	services_proximite	Grenoble	38	1	https://cycles-vertigo.com/
cycles-victor.fr	Cycles Victor - Danton	services_proximite	Paris	75	1	https://www.cycles-victor.fr/
cycles-vidarelli.fr	Cycles Vidarelli	services_proximite	Paris	75	1	http://www.cycles-vidarelli.fr/
cycles.peugeot.fr	Peugeot Cycles	services_proximite	Lyon	69	1	https://cycles.peugeot.fr
cyclesainthonore.fr	Cycles Saint-Honoré	services_proximite	Paris	75	1	http://cyclesainthonore.fr/
cyclesbob.fr	Cycles Bob	services_proximite	Lyon	69	1	https://www.cyclesbob.fr
cyclescamellini.com	Cycles Camellini	services_proximite	Nice	6	1	https://www.cyclescamellini.com/
cyclescattin.fr	Cycles Cattin	services_proximite	Grenoble	38	1	https://www.cyclescattin.fr
cyclesdemotion.com	Mobicity	services_proximite	Paris	75	1	https://cyclesdemotion.com/nos-magasins/
cycleservice.fr	Cycle Service	services_proximite	Lyon	69	1	https://www.cycleservice.fr/
cyclesfiftynine.com	Cycles Fifty Nine	services_proximite	Lille	59	1	http://www.cyclesfiftynine.com
cyclesghidini.fr	Cycles Ghidini	services_proximite	Paris	75	1	https://www.cyclesghidini.fr/
cyclesguillaume.fr	Cycles Guillaume	services_proximite	Paris	75	1	https://cyclesguillaume.fr/
cycleslabarquette.com	La Barquette	services_proximite	Grenoble	38	1	https://cycleslabarquette.com/
cycleslaurent.com	Paris Cycles Laurent	services_proximite	Paris	75	1	http://www.cycleslaurent.com/
cycleslecolier.fr	Cycle Lecolier Ets leger	services_proximite	Lille	59	1	https://cycleslecolier.fr
cycleslegreves.fr	Cycles Le Grevès	services_proximite	Paris	75	1	https://www.cycleslegreves.fr
cyclesmarcel.fr	Cycles Marcel	services_proximite	Paris	75	1	https://cyclesmarcel.fr/
cyclesmenet.com	Cycles Menet	services_proximite	Lille	59	1	http://www.cyclesmenet.com/
cyclesminutes.fr	Cocyclo	services_proximite	Paris	75	1	http://www.cyclesminutes.fr/
cyclestreize.com	Cycles Treize	services_proximite	Paris	75	1	https://www.cyclestreize.com/
cyclesveran.fr	Véran des Villes	services_proximite	Lyon	69	3	https://www.cyclesveran.fr/
cycletic.fr	Cycletic Café-Vélo	services_proximite	Lyon	69	1	https://www.cycletic.fr/
cyclexpert92.com	Cyclexpert	services_proximite	Paris	75	1	https://www.cyclexpert92.com/
cyclexperts-ecity.com	Cyclexperts E-City	services_proximite	Rennes	35	1	https://www.cyclexperts-ecity.com/fr/accueil
cyclin-saint-etienne.fr	Cycl'in	services_proximite	Saint-Etienne	42	1	https://www.cyclin-saint-etienne.fr/
cyclobike.fr	CyclObike	services_proximite	Paris	75	1	https://cyclobike.fr/
cyclocaf.wixsite.com	L'Atelier du Cycle	services_proximite	Paris	75	1	https://cyclocaf.wixsite.com/latelierducycle
cyclociel.com	CycloCiel	services_proximite	Lyon	69	1	https://www.cyclociel.com/
cyclocoop.org	Cyclofficine d'Ivry	services_proximite	Paris	75	1	https://cyclocoop.org/
cyclocube.org	Cyclocube La Bricothèque	services_proximite	Paris	75	1	https://cyclocube.org/prochain-atelier-velo/
cyclodeville.fr	Cyclo de Ville	services_proximite	Paris	75	1	https://cyclodeville.fr/
cyclolife.fr	Cyclo life	services_proximite	Paris	75	1	https://www.cyclolife.fr/
cyclolivine.fr	Cyclolivine	services_proximite	Grenoble	38	1	http://www.cyclolivine.fr/
cyclomane.fr	Cyclomane	services_proximite	Toulouse	31	1	https://www.cyclomane.fr
cyclomecane.fr	Cyclomécane	services_proximite	Paris	75	1	https://www.cyclomecane.fr/
cycloparis15.fr	Cyclo Paris 15	services_proximite	Paris	75	1	https://www.cycloparis15.fr/
cycloptitssoins.fr	Cyclo P'tits Soins	services_proximite	Saint-Etienne	42	1	https://www.cycloptitssoins.fr/
cyclopvelos.fr	Cyclop velos	services_proximite	Paris	75	1	https://cyclopvelos.fr
cyclosports34.fr	Cyclo Sport 34	services_proximite	Paris	75	1	https://www.cyclosports34.fr/
cyril-bazin.com	Cyril Bazin	beaute_bienetre	Nantes	44	3	https://www.cyril-bazin.com/
cyusha.com	C'Yusha	restauration	Bordeaux	33	1	http://www.cyusha.com/index.php
dababeauty.fr	Daba	beaute_bienetre	Paris	75	1	https://dababeauty.fr/
dacia-saint-chamond.autothivolle.com	Auto Thivolle - Dacia Saint-Chamond	automobile	Saint-Etienne	42	1	https://dacia-saint-chamond.autothivolle.com/
daehan-lille.com	Daehan	restauration	Lille	59	1	https://www.daehan-lille.com/
dafy-moto.com	Dafy moto	automobile	Lyon	69	1	https://www.dafy-moto.com/magasin/dafy-moto-saint-priest.html
daikanyamalille.com	Daikanyama	restauration	Lille	59	1	https://www.daikanyamalille.com/
daimant.co	Plan D - Dwich & Glace	restauration	Paris	75	1	https://www.daimant.co/plan-d.html
daisy-phone.fr	Daisy Phone	services_proximite	Paris	75	1	https://www.daisy-phone.fr
dalipizza.fr	Dali	restauration	Paris	75	1	https://dalipizza.fr
dameyo.fr	Dameyo	restauration	Paris	75	1	https://www.dameyo.fr/
dangerousburger.com	Dangerous Burger	restauration	Bordeaux	33	1	https://www.dangerousburger.com/
daniel-moquet.com	Daniel Moquet	artisanat_btp	Lorient	56	1	https://www.daniel-moquet.com/createur-allees/creation_allees_prendre_rdv_56-lorient.phtml
daniel-stephan.fr	Daniel Stephan	beaute_bienetre	Paris	75	1	https://www.daniel-stephan.fr/
danohys.fr	Danohys	beaute_bienetre	Rouen	76	1	https://www.danohys.fr/
danslebocal.fr	Dans le Bocal	beaute_bienetre	Paris	75	1	http://www.danslebocal.fr/
dapaolo.fr	Da Paolo	restauration	Marseille	13	1	http://www.dapaolo.fr/
dardiaf.fr	Dar Diaf	restauration	Toulouse	31	1	https://www.dardiaf.fr/
darelsiam.com	Dar El Siam	restauration	Lille	59	1	https://www.darelsiam.com/
darkoom.fr	Darkoom	restauration	Paris	75	1	https://www.darkoom.fr/
dartbnets.fr	D'Art Bnet's	restauration	Nice	6	1	https://www.dartbnets.fr
daruma33700.sushidaruma.fr	Daruma Sushi	restauration	Bordeaux	33	1	https://daruma33700.sushidaruma.fr/
darwin.camp	Restaurant du Magasin Général	restauration	Bordeaux	33	1	https://darwin.camp/c/les-activites/manger-a-darwin/
dattoma.fr	d'attoma	automobile	Lyon	69	1	https://www.dattoma.fr/
datvietbordeaux.fr	Dat Viet	restauration	Bordeaux	33	1	https://www.datvietbordeaux.fr/
david-couverture.fr	Inglese Couvreur 77 Père et Fils	artisanat_btp	Paris	75	1	https://david-couverture.fr/
david-valere.com	Coiffeur David Valère	beaute_bienetre	Paris	75	1	http://david-valere.com/
davidetson.com	David & Son	beaute_bienetre	Lyon	69	1	https://www.davidetson.com/
davisto.net	Davisto	restauration	Nice	6	1	https://www.davisto.net/
davonn.com	Davonn	restauration	Lille	59	1	https://www.davonn.com/boutique/haute-borne/
dawelo.com	Dawélo	services_proximite	Grenoble	38	1	https://www.dawelo.com/
dds-automobiles.fr	DDS Automobiles	automobile	Rouen	76	1	http://dds-automobiles.fr/
de.cdn-website.com	DEC Denis et Croisier	artisanat_btp	Rouen	76	1	https://de.cdn-website.com/e01a5874693549358dcd06a2a65e9b62/files/uploaded/tarifs.pdf
debongres.fr	Debongrès	artisanat_btp	Paris	75	1	https://www.debongres.fr/
debord.fr	Debord	artisanat_btp	Paris	75	1	http://debord.fr
deciphone.fr	Déciphone	services_proximite	Lyon	69	1	deciphone.fr
declic-parebrise-angers.fr	Déclic Pare Brise	automobile	Angers	49	1	https://www.declic-parebrise-angers.fr
decobois.fr	Deco Bois	artisanat_btp	Lorient	56	1	https://decobois.fr/
decompressing.fr	Decompressing	services_proximite	Paris	75	1	https://decompressing.fr
dedietrich-thermique.fr	Service Plus	artisanat_btp	Paris	75	1	https://www.dedietrich-thermique.fr/
deedeethaisushi.metro.bar	Dee Dee Thai Sushi	restauration	Toulouse	31	1	https://deedeethaisushi.metro.bar/
defietsplekke.be		services_proximite	Lille	59	1	https://www.defietsplekke.be/
defim.biz	Defim	artisanat_btp	Paris	75	1	https://defim.biz
definitifcoiffure.free.fr	Défini'tif	beaute_bienetre	Paris	75	1	http://definitifcoiffure.free.fr/
deforges.fr	Déforges	beaute_bienetre	Paris	75	1	https://deforges.fr
degaullepressing.fr	De Gaulle Pressing	services_proximite	Paris	75	1	https://degaullepressing.fr/
degriff-auto.fr	Dégriff Auto	automobile	Toulouse	31	1	https://www.degriff-auto.fr/plan-toulouse-route-de-labege.php
deguillien.fr	Établissement Deguillien	automobile	Lyon	69	1	http://www.deguillien.fr/
deguisezmoi.com	Néréide	beaute_bienetre	Paris	75	1	https://www.deguisezmoi.com/
dejopresto.com		restauration	Bordeaux	33	1	https://dejopresto.com/
dekastaar.be	De kastaar	restauration	Lille	59	1	https://www.dekastaar.be/
dekchauffage.fr	Dek Chauffage	artisanat_btp	Nancy	54	1	http://dekchauffage.fr
dekra-norisko.fr	DEKRA	automobile	Nancy	54	2	https://www.dekra-norisko.fr/centres-controle-technique/frouard,54390/sarl,s054d009
del-vera.business.site	Pizzeria Del Vera	restauration	Lille	59	1	https://del-vera.business.site
delarte.fr	Ristorante Del Arte	restauration	Marseille	13	7	https://www.delarte.fr/restaurant-italien-pizzeria-marseille-vieux-port.html
delclim.com	Delclim	artisanat_btp	Rennes	35	1	https://delclim.com/
delecto-montpellier.fr	Delecto	restauration	Montpellier	34	1	https://delecto-montpellier.fr/
delhi-belhi.com	Delhi Belhi	restauration	Nice	6	1	https://delhi-belhi.com/
delicedumolinel.com	Délice du Molinel	restauration	Lille	59	1	https://delicedumolinel.com/
delicepizza78.fr	Delice Pizza	restauration	Paris	75	1	https://www.delicepizza78.fr/
delices-dasie.com	Délices d'Asie	restauration	Lille	59	1	https://www.delices-dasie.com/
delices-de-chine.business.site	Délices de Chine（味之家）	restauration	Toulouse	31	1	https://delices-de-chine.business.site/
delices-univers-restaurant-lille.fr	Délices Univers	restauration	Lille	59	1	https://www.delices-univers-restaurant-lille.fr/
delicesdedamas.com	Délices de Damas	restauration	Bordeaux	33	1	https://delicesdedamas.com/
delicesorient.com	Les Délices d'Orient	restauration	Marseille	13	1	https://www.delicesorient.com/
deliciapizza75.fr	Delicia	restauration	Paris	75	1	https://deliciapizza75.fr/
deliciapizza94.com	Delicia Pizza	restauration	Paris	75	1	http://www.deliciapizza94.com/
delicity.com	Nanri	restauration	Bordeaux	33	3	https://delicity.com/nanri-bordeaux
delidelyon.com	Déli de Lyon	restauration	Lyon	69	1	http://www.delidelyon.com
delipat.com	Franquette	restauration	Lyon	69	1	https://www.delipat.com/
deliss-coiffure.com	Déliss'Coiffure	beaute_bienetre	Nantes	44	1	https://www.deliss-coiffure.com
delisspizza.fr	Deliss'Pizza	restauration	Lyon	69	1	https://delisspizza.fr/
delizidalpozzo.fr	Delizi	restauration	Nice	6	1	https://delizidalpozzo.fr/
deliziopizza.fr	Pizza Delizio	restauration	Lille	59	1	https://www.deliziopizza.fr/
delko.fr	Delko	automobile	Lyon	69	16	https://delko.fr/garage/delko/saint-bonnet-de-mure/117
delphinecreationcoiffure.wordpress.com	Delphine Création	beaute_bienetre	Saint-Etienne	42	1	https://delphinecreationcoiffure.wordpress.com/
delta-du-strauss.fr	Le Delta du Strauss	restauration	Lyon	69	1	http://www.delta-du-strauss.fr/
delysnaan.fr	Dely's Naan	restauration	Paris	75	1	https://delysnaan.fr/
demeurance-valdeseine.com	Maisons Demeurance	artisanat_btp	Rouen	76	1	https://www.demeurance-valdeseine.com/
demeures-cote-dargent.com	Demeures Côte D'argent (Dca) Bordeaux-Lac 33	artisanat_btp	Bordeaux	33	2	https://www.demeures-cote-dargent.com/agence/bordeaux-33300/
demeuresduroussillon.fr	Demeures du Roussillon	artisanat_btp	Perpignan	66	1	https://www.demeuresduroussillon.fr
deniseetfernand-coiffure-nantes.fr	Denise et Fernand	beaute_bienetre	Nantes	44	1	https://www.deniseetfernand-coiffure-nantes.fr
depann-rapide21.fr	Dépann'Rapide 21	artisanat_btp	Dijon	21	1	https://depann-rapide21.fr/
depannage-installation-bordeaux.fr	Dépannages Installations Services	artisanat_btp	Bordeaux	33	1	https://www.depannage-installation-bordeaux.fr/
depanoto17.com	Depanauto	automobile	La Rochelle	17	1	https://www.depanoto17.com/
depilaz.fr	Depilaz	beaute_bienetre	Paris	75	1	https://depilaz.fr
depiltech.com	Dépil Tech	beaute_bienetre	Lyon	69	4	https://www.depiltech.com/fr/epilation-definitive/lyon/332
depuy.free.fr	SAV Depuy	services_proximite	Paris	75	1	http://depuy.free.fr
derfuchsgehtrum.de	Der Fuchs geht rum, BURGERWERKSTATT	restauration	Strasbourg	67	1	https://www.derfuchsgehtrum.de/
derichebourg-environnement.com	AFM Recyclage - Derichebourg Environnement	artisanat_btp	Rennes	35	1	https://www.derichebourg-environnement.com/fr/accueil
dermelia.fr	Dermelia	beaute_bienetre	Marseille	13	1	https://dermelia.fr/
dermlaser.fr	Derm Laser	beaute_bienetre	Paris	75	1	https://dermlaser.fr/
dermolinecarole.com	Dermoline Carole	beaute_bienetre	Paris	75	1	https://dermolinecarole.com
derodekoe.fr	De Rode Koe	restauration	Lille	59	1	https://www.derodekoe.fr/
deshira.fr	Deshira	beaute_bienetre	Lyon	69	1	https://www.deshira.fr
desjoursetdesongles.wixsite.com	Des Jours et des Ongles	beaute_bienetre	Saint-Etienne	42	1	https://desjoursetdesongles.wixsite.com/desjoursetdesongles
dessange.com	Dessange	beaute_bienetre	Lyon	69	2	https://www.dessange.com/fr/
dessymoulie-chauffage.fr	Bruno Dessymoulie	artisanat_btp	Paris	75	1	https://www.dessymoulie-chauffage.fr/
dessymoulie-couverture-bourg-la-reine.fr	Patrick Dessymoulie Couverture	artisanat_btp	Paris	75	1	https://www.dessymoulie-couverture-bourg-la-reine.fr/
destia.fr	Destia	services_proximite	Paris	75	1	https://www.destia.fr
destineebeaute.fr	Destinée Beauté	beaute_bienetre	Lyon	69	1	https://www.destineebeaute.fr/
detentedorient.com	Détente d'Orient	beaute_bienetre	Rouen	76	1	http://detentedorient.com
dev21.fr	Dev21	artisanat_btp	Paris	75	1	https://www.dev21.fr/
devor.me	DĒVOR	restauration	Nice	6	1	https://www.devor.me/
dfchicken.fr	DFC	restauration	Paris	75	1	https://dfchicken.fr/index.php
dgpnettoyage.fr	DG Pereira Nettoyage	services_proximite	Paris	75	1	https://dgpnettoyage.fr
di-lovali.fr	Di Lovali	restauration	Bordeaux	33	1	https://di-lovali.fr/
diabateba-restaurant-toulouse.eatbu.com	Le Diabatéba	restauration	Toulouse	31	1	https://diabateba-restaurant-toulouse.eatbu.com/?lang=fr#
diagnosticautolyon.fr	Diagnostic'Auto	automobile	Lyon	69	1	https://diagnosticautolyon.fr/
diamond-idb.fr	Diamond	beaute_bienetre	Paris	75	1	https://www.diamond-idb.fr
diamondbeautylyon.fr	Diamond Beauty	beaute_bienetre	Lyon	69	1	https://diamondbeautylyon.fr/
diamondfive.fr	Diamond Five	restauration	Paris	75	1	https://diamondfive.fr
dicapo.fr	Dicapo	restauration	Toulouse	31	1	https://dicapo.fr/
dicepokeshapers.com	Dice Poké Shapers	restauration	Paris	75	1	https://www.dicepokeshapers.com/
dici-etdailleurs.eatbu.com	D'ici et d'ailleurs	restauration	Paris	75	1	https://dici-etdailleurs.eatbu.com
dicisept.fr	DiCi SEPT	restauration	Lyon	69	1	https://dicisept.fr
didact-hair-building.com	Didact	beaute_bienetre	Paris	75	1	https://www.didact-hair-building.com
didiercommincas.com	Didier Commincas	beaute_bienetre	Toulouse	31	1	http://www.didiercommincas.com/Coiffeur_Didier_Commincas/coiffeur_didier_commincas.html
diffapizza92.com	Diffa Pizza	restauration	Paris	75	1	https://www.diffapizza92.com
diffrenov.fr	Diffrenov	artisanat_btp	Nice	6	1	https://diffrenov.fr/
digitalsmoker.fr	Atelier Cybele	beaute_bienetre	Paris	75	1	https://digitalsmoker.fr/
diipizzaburger.com	Dii	restauration	Nice	6	1	https://diipizzaburger.com/
diloys.fr	Diloy's	beaute_bienetre	Toulouse	31	4	https://www.diloys.fr/
diminutif-91.fr	Diminutif	beaute_bienetre	Paris	75	1	https://www.diminutif-91.fr/
diminutif-coiffure.fr	Diminu'tifs Coiffure	beaute_bienetre	Toulouse	31	1	https://www.diminutif-coiffure.fr
dina-patesfraiches.fr	Dina	restauration	Lille	59	1	https://www.dina-patesfraiches.fr/
dinapolipizza.fr	Di Napoli Pizza	restauration	Paris	75	1	https://www.dinapolipizza.fr/
dinetteparis.com	Dinette	restauration	Paris	75	1	https://www.dinetteparis.com/dinette-cafe
dio-ristorante.fr	Dio Ristorante - Lille	restauration	Lille	59	1	https://dio-ristorante.fr/dio-lille/
diogene1919.fr	Diogène 1919	beaute_bienetre	Paris	75	1	https://diogene1919.fr/
dipiu.fr	Di Piu	restauration	Nice	6	1	https://dipiu.fr/
direct-batteries.fr	Direct Batteries	automobile	Nantes	44	1	https://www.direct-batteries.fr/
diruy.fr	Diruy	artisanat_btp	Paris	75	1	https://diruy.fr
discovolante.fr	Disco Volante	restauration	Lille	59	1	https://www.discovolante.fr/
distributeur.groupauto.fr	Groupauto	automobile	Nantes	44	5	https://distributeur.groupauto.fr/fr/france-FR/CUST-006780/steima-plsn/details
districash.com	Distri Cash Accessoires	automobile	Bayonne	64	1	https://www.districash.com/
diwanlyon.com	Diwan	restauration	Lyon	69	1	https://www.diwanlyon.com
diyagoldenhair.com	Diya Golden	beaute_bienetre	Paris	75	1	https://diyagoldenhair.com
djaam.fr	Djaam	restauration	Montpellier	34	1	https://djaam.fr/
djawa.fr	Kiwa	restauration	Paris	75	1	http://djawa.fr
djcreation.fr	DJ Création	artisanat_btp	Rennes	35	1	https://www.djcreation.fr/
djelani-maachi.com	Djelani Maachi	beaute_bienetre	Paris	75	1	http://www.djelani-maachi.com/
dma-peugeot.fr	Peugeot	automobile	Montpellier	34	1	https://www.dma-peugeot.fr
dmerveilles.com	Des Merveilles dans la Théière	restauration	Lille	59	1	http://dmerveilles.com/
doc-velos.fr	Doc'vélos	services_proximite	Paris	75	1	http://www.doc-velos.fr/
docteurauguste.com	Dr. Auguste	restauration	Paris	75	1	https://www.docteurauguste.com/
docteursneaker.com	Docteur Sneaker	services_proximite	Toulouse	31	1	https://docteursneaker.com/
doctibike.com	Doctibike	services_proximite	Lyon	69	1	https://doctibike.com/
doctochauffage.com	Docto Chauffage	artisanat_btp	Brest	29	1	https://www.doctochauffage.com/
doctorbikemarseille.business.site	DoctorBike	services_proximite	Marseille	13	1	https://doctorbikemarseille.business.site/?utm_source=gmb&utm_medium=referral
doctorchicken.fr	Doctor chicken	restauration	Lille	59	1	https://doctorchicken.fr/
doener-mann-kehl.de	Döner Mann	restauration	Strasbourg	67	1	https://www.doener-mann-kehl.de/
dog-sandwich-lille.eatbu.com	Dog Sandwich	restauration	Lille	59	1	https://dog-sandwich-lille.eatbu.com/?lang=fr
dolcemexico.fr	Dolce Mexico	restauration	Paris	75	1	https://www.dolcemexico.fr/
dolcevita-villenave.eatbu.com	Dolce Vita Villenave d'Ornon	restauration	Bordeaux	33	1	https://dolcevita-villenave.eatbu.com
domaine-laperriere.fr	Domaine de la Perrière	restauration	Bordeaux	33	1	https://domaine-laperriere.fr/
domainedeverchant.com	Domaine de Verchant	restauration	Montpellier	34	1	https://www.domainedeverchant.com/
domainedo.fr	Bistrot D'O	restauration	Montpellier	34	1	https://www.domainedo.fr/lieux-de-spectacle/bistrot-do-0
domethic.com	Dom'Ethic	artisanat_btp	Nancy	54	1	https://domethic.com
domicibleservices.com	domicible services	services_proximite	Paris	75	1	www.domicibleservices.com
domicile-clean.fr	Domicile Clean Poissy	services_proximite	Paris	75	1	https://www.domicile-clean.fr/
dominos.fr	Domino's	restauration	Paris	75	19	https://www.dominos.fr/
domone.net	Domone Coiffure	beaute_bienetre	Paris	75	1	http://www.domone.net
domycycles.com	Domy Cycles	services_proximite	Toulouse	31	1	http://www.domycycles.com/
doner-de-strasbourg-kusadasi.business.site	Snack Kuşadasi 2	restauration	Strasbourg	67	1	https://doner-de-strasbourg-kusadasi.business.site/
doners.fr	Doner's	restauration	Paris	75	1	doners.fr
doniberliner.fr	Dôni	restauration	Paris	75	1	https://doniberliner.fr/
donnie-nycpizza.com	Donnie	restauration	Paris	75	1	https://donnie-nycpizza.com/
donostia.fr	Donostia	restauration	Bordeaux	33	1	https://www.donostia.fr/
donpancho.fr	Don Pancho	restauration	Toulouse	31	1	http://www.donpancho.fr/
donutsanddonuts.com	Donuts & Donuts	restauration	Lille	59	1	https://www.donutsanddonuts.com/
donutscorp.com	Donuts corp.	restauration	Montpellier	34	1	https://donutscorp.com/
dose-jus-fooding.fr	Dose Podologie Addictive	restauration	Bordeaux	33	1	https://dose-jus-fooding.fr
double-tranche-paris.fr	Double Tranche	restauration	Paris	75	1	https://www.double-tranche-paris.fr/
doublesixbarber.com	Double Six	beaute_bienetre	Paris	75	1	https://www.doublesixbarber.com/
doublevvelo.wixsite.com	Double V	services_proximite	Montpellier	34	2	https://doublevvelo.wixsite.com/villeetvelo
douce-pizza.fr	Douce Pizza	restauration	Marseille	13	1	https://www.douce-pizza.fr/
douch-auto.fr	Douch'Auto	automobile	Rennes	35	1	https://www.douch-auto.fr/
douchauto.com	Douch'Auto	automobile	Rennes	35	1	http://douchauto.com/nos-stations/za-bordage/
doussot.fr	Doussot Service Énergie	artisanat_btp	Dijon	21	1	https://www.doussot.fr/
dowl.fr	Dowl	restauration	Lille	59	1	https://dowl.fr/
downtowncorporate.com	Downtown	beaute_bienetre	Rouen	76	1	https://www.downtowncorporate.com/
dprenov.com	DecoPassy Rénovation	artisanat_btp	Paris	75	1	https://www.dprenov.com/
dragonimperial.eu	Dragon Impérial	restauration	Marseille	13	1	https://www.dragonimperial.eu/
drdmenuiserie.fr	SARL DRD	artisanat_btp	Caen	14	1	https://www.drdmenuiserie.fr/
dreamsdonuts.be	Dreams Donuts Poissy	restauration	Paris	75	1	https://www.dreamsdonuts.be/store-locator/dreams-donuts-poissy/
dreamsdonuts.com	Dreams Donuts	restauration	Paris	75	1	https://dreamsdonuts.com/
dreamvirginhair.com	Dream Virgin Hair	beaute_bienetre	Paris	75	1	https://www.dreamvirginhair.com
drean-couverture.com	Drean Laurent Couverture	artisanat_btp	Lorient	56	1	https://www.drean-couverture.com/
drjc-les3soeurs.com	DRJC Les 3 Soeurs	beaute_bienetre	Paris	75	1	https://www.drjc-les3soeurs.com
drmrenovation.fr	DRM rénovation	artisanat_btp	Le Havre	76	1	https://www.drmrenovation.fr/
droitauvelo.org	Bicyclethique	services_proximite	Lille	59	2	https://droitauvelo.org/Halluin-Atelier-Bicyclethique
drozelec.com	Droz Électricité	artisanat_btp	Dijon	21	1	https://drozelec.com
dryrestaurant.com	Dry	restauration	Nice	6	1	https://www.dryrestaurant.com
dubble-food.com	Dubble	restauration	Marseille	13	1	https://www.dubble-food.com/3-43-37-restauration-dubble-food-dubble_marseille_rond-point.html
ducetpreneuf.com	Duc et Préneuf	artisanat_btp	Lyon	69	2	https://www.ducetpreneuf.com/
dumbo-toulouse.com	DUMBO	restauration	Toulouse	31	1	https://www.dumbo-toulouse.com/
dumboparis.com	Dumbo	restauration	Paris	75	1	https://www.dumboparis.com/oberkampf
dumont-paris.com	Dumont	beaute_bienetre	Paris	75	1	https://www.dumont-paris.com/nos-salons/salon-paris-20-eme-gambetta
dunkinfrance.fr	Dunkin'	restauration	Paris	75	1	https://www.dunkinfrance.fr/
duplaisiralatoque.fr	Du Plaisir à la toque	restauration	Toulouse	31	1	https://www.duplaisiralatoque.fr/
dupontcouvertureidf.fr	Dupont Couverture et fils	artisanat_btp	Paris	75	1	https://dupontcouvertureidf.fr/
duprat-collongesaumontdor.site-solocal.com	Hyper Bike	services_proximite	Lyon	69	1	https://duprat-collongesaumontdor.site-solocal.com/
durvil-couverture.fr	Durvil couverture	artisanat_btp	Paris	75	1	https://www.durvil-couverture.fr/
duvivierpeinture.wixsite.com	Duvivier Peinture	artisanat_btp	Caen	14	1	https://duvivierpeinture.wixsite.com/duvivier-peinture
dvdtonio21.wixsite.com	Studio Hair’s	beaute_bienetre	Paris	75	1	https://dvdtonio21.wixsite.com/monsite
dwichyourself-lille.fr	Dwich Yourself	restauration	Lille	59	1	https://www.dwichyourself-lille.fr
dwitch.fr	DWITCH	restauration	Strasbourg	67	1	https://dwitch.fr
dynamo-malakoff.org		services_proximite	Paris	75	1	https://www.dynamo-malakoff.org
e-grim-store.com	E Grim	services_proximite	Montpellier	34	1	https://www.e-grim-store.com
e-leclerc.com	L'auto E. Leclerc	automobile	Toulouse	31	1	http://www.e-leclerc.com/blagnac/magasins-specialises/auto/info-auto
e.leclerc	E.leclerc Auto Le Loroux Bottereau	automobile	Nantes	44	1	https://e.leclerc/mag/e-leclerc-basse-goulaine
eananaturalbeauty.fr	EANA natural beauty	beaute_bienetre	Marseille	13	1	https://www.eananaturalbeauty.fr/
easymove.fr	Easymove	services_proximite	Marseille	13	1	https://www.easymove.fr/
easyrepass.com	Easy Repass	services_proximite	Nice	6	1	http://www.easyrepass.com/
easysushi.fr	Easy Sushi	restauration	Marseille	13	1	https://www.easysushi.fr
eat-chicken.fr	Eat Chicken	restauration	Paris	75	1	https://eat-chicken.fr/eat-chicken-ivry-sur-seine/
eatalybudget.fr	Eataly Budget	restauration	Nice	6	1	https://www.eatalybudget.fr/
eater.space	Miya Fondue	restauration	Toulouse	31	1	https://eater.space/miya-fondue
eatkalimera.com	Kalimera	restauration	Bordeaux	33	1	https://www.eatkalimera.com/kalimera-bordeaux
eatsa.fr	Eatsa	restauration	Nice	6	1	https://eatsa.fr/
eatsalad.com	EatSalad	restauration	Lyon	69	4	https://eatsalad.com
eatsalad.fr	Eat salad	restauration	Toulouse	31	2	https://www.eatsalad.fr/
eatsushi.fr	Eat Sushi	restauration	Lille	59	2	https://www.eatsushi.fr/nos-restaurants/Lille
ebeniste-sainte-marthe.jimdofree.com	Ebénisterie Sainte-Marthe	artisanat_btp	Paris	75	1	https://ebeniste-sainte-marthe.jimdofree.com/
ebenisteriedelfino.fr	Ébénisterie T. Delfino	artisanat_btp	Marseille	13	1	https://ebenisteriedelfino.fr/
ebike-riviera.com	EBike Riviera	services_proximite	Nice	6	1	https://ebike-riviera.com/
ebikepremium.com	EbikePremium - Vélos électriques	services_proximite	Montpellier	34	1	http://www.ebikepremium.com
ebony-beauty.edan.io	La Beauté d'Ébène	beaute_bienetre	Nantes	44	1	https://ebony-beauty.edan.io/
ece-photovoltaique.fr	Electro-Concept-Energie	artisanat_btp	Mulhouse	68	1	https://www.ece-photovoltaique.fr/
echappeebelle-coiffure.fr	Échapées belle	beaute_bienetre	Toulouse	31	1	https://echappeebelle-coiffure.fr/
echo-toulouse.fr	Echo	restauration	Toulouse	31	1	https://echo-toulouse.fr/
echocaveamanger.myportfolio.com	ECHO	restauration	Bordeaux	33	1	https://echocaveamanger.myportfolio.com
eclair-elec.fr	Éclair elec	artisanat_btp	Bordeaux	33	1	https://eclair-elec.fr/
eco-isolation.fr	D’Eco Ouest (Solabaie)	artisanat_btp	Paris	75	1	https://eco-isolation.fr
eco-laverie-toulouse.fr	ECO Laverie	services_proximite	Toulouse	31	1	https://www.eco-laverie-toulouse.fr/
eco-reno-normandie.fr	Eco Reno Normandie	artisanat_btp	Rouen	76	1	https://eco-reno-normandie.fr/
eco-triporteur.com	Eco-triporteur Delano	services_proximite	Lyon	69	1	https://www.eco-triporteur.com
ecoecovelo.com	Eco Eco Vélo	services_proximite	Montpellier	34	1	https://ecoecovelo.com
ecoflammes21.fr	Eco Flammes	artisanat_btp	Dijon	21	1	https://www.ecoflammes21.fr/
ecorepair.fr	Eco Repair - Captain Repair	services_proximite	Lyon	69	2	https://ecorepair.fr/
ecosolidaire.org	Bâtiment second-œuvre	artisanat_btp	Paris	75	1	https://ecosolidaire.org/nos-activites/activite-batiment/
ecox.fr	Ecox	services_proximite	Paris	75	4	https://www.ecox.fr/nos-magasins/rivoli
edelbikes2.wordpress.com	EdelBikes	services_proximite	Grenoble	38	1	https://edelbikes2.wordpress.com
eden-art-coiffure.com	Eden Art	beaute_bienetre	Paris	75	1	https://www.eden-art-coiffure.com/home
eden-garden-bar.business.site	Eden Garden	restauration	Nice	6	1	https://eden-garden-bar.business.site/
edena-antony.fr	Edena	beaute_bienetre	Paris	75	1	https://www.edena-antony.fr
edenbrows.fr	Eden Brows	beaute_bienetre	Paris	75	1	https://edenbrows.fr
edenplagelamala.com	Eden plage Mala	restauration	Nice	6	1	http://www.edenplagelamala.com/
edentik-beauty-club.com	Edentik Beauty Club	beaute_bienetre	Toulouse	31	1	https://www.edentik-beauty-club.com/
edgarburger.com	Edgar	restauration	Nice	6	1	http://www.edgarburger.com/
edgeparis.fr	Edge	beaute_bienetre	Paris	75	1	http://www.edgeparis.fr/
edmond-burger.fr	Edmond Burger	restauration	Bordeaux	33	1	https://edmond-burger.fr/
effetmer-bordeaux.business.site	L'Effet Mer	restauration	Bordeaux	33	1	https://effetmer-bordeaux.business.site/
effiscience.paris	Effiscience	beaute_bienetre	Paris	75	1	https://www.effiscience.paris
egocentrik.fr	Egocentrik	beaute_bienetre	Paris	75	1	https://www.egocentrik.fr
egs-energies.fr	EGS Energies	artisanat_btp	Nice	6	1	https://www.egs-energies.fr
eidfbat.wordpress.com	Célestine	beaute_bienetre	Paris	75	1	https://eidfbat.wordpress.com/
eiffageenergiesystemes.com	Eiffage Énergie Systèmes	artisanat_btp	Dijon	21	1	https://www.eiffageenergiesystemes.com/
ekstere.eco	Ekstere	services_proximite	Grenoble	38	1	https://ekstere.eco/atelier-velo-grenoble-saint-egreve
ekylibre-toulouse.fr	Ekylibre	restauration	Toulouse	31	1	https://www.ekylibre-toulouse.fr/
el-almacen-empanadas.fr	El Almacén	restauration	Toulouse	31	1	https://www.el-almacen-empanadas.fr/
el-montuno.fr	El Montuno	restauration	Lille	59	1	http://www.el-montuno.fr/
el-pacha.business.site	El Pacha	restauration	Lille	59	1	https://el-pacha.business.site/
el-riadh-junior.fr	El Riadh	restauration	Lille	59	1	https://www.el-riadh-junior.fr/
elanbatisseur.coop	Elan bâtisseur	artisanat_btp	Rennes	35	1	https://www.elanbatisseur.coop/
elcagette-roubaix.org	Atelier vélo solidaire El'Cagette	services_proximite	Lille	59	1	https://elcagette-roubaix.org/
elcanaille.wordpress.com	El Canaille	restauration	Toulouse	31	1	https://elcanaille.wordpress.com/
elcarteldeltaco.fr	El Cártel del Taco	restauration	Paris	75	1	https://www.elcarteldeltaco.fr/
elchalten.fr	El Chaltén	restauration	Paris	75	1	https://elchalten.fr/
elchivito.fr	El Chivito	restauration	Toulouse	31	1	https://elchivito.fr/
eldayaa-toulouse.fr	El Dayaa	restauration	Toulouse	31	1	https://eldayaa-toulouse.fr/
elecpinheiro.com	Elec Pinheiro & Fils	artisanat_btp	Paris	75	1	https://www.elecpinheiro.com/
electori.fr	Electori	artisanat_btp	Lyon	69	1	https://electori.fr/
electricien-croix-rousse.fr	Courant Porteur	artisanat_btp	Lyon	69	1	https://electricien-croix-rousse.fr/
electricite-marque.fr	Électricité Générale	artisanat_btp	Lyon	69	1	https://www.electricite-marque.fr/
electricite-stpe.com		artisanat_btp	Paris	75	1	http://electricite-stpe.com/
elegance-academie-coiffure.fr	Élégance	beaute_bienetre	Toulouse	31	1	https://elegance-academie-coiffure.fr/
elegancecoiffure77.fr	Elegance Coiffure	beaute_bienetre	Paris	75	1	https://www.elegancecoiffure77.fr/
elephantbleu.com	Eléphant Bleu	automobile	Strasbourg	67	1	https://www.elephantbleu.com/ma-station-de-lavage/centre-elephant-bleu-strasbourg-hautepierre/
elephantbleu.fr	Eléphant Bleu	automobile	Toulouse	31	7	https://www.elephantbleu.fr/2760-toulouse-atlanta.html
elevia-construction.fr	Elevia Construction	artisanat_btp	Caen	14	1	http://www.elevia-construction.fr/
elguacamoletaqueria.fr	El Guacamole	restauration	Paris	75	1	https://www.elguacamoletaqueria.fr
elielenzoparis.com	Elie l’Enzo	beaute_bienetre	Paris	75	1	https://elielenzoparis.com/
eliothec.com	Eliotec	artisanat_btp	Marseille	13	1	http://eliothec.com/
elisabeth.lehe.free.fr	Elisabeth le Hé	beaute_bienetre	Paris	75	1	http://elisabeth.lehe.free.fr/accueil/index.html
elistyl-lyon8.fr	Elistyl'	beaute_bienetre	Lyon	69	1	http://www.elistyl-lyon8.fr/
elite-elec.fr	Elite-Elec	artisanat_btp	Paris	75	1	https://www.elite-elec.fr/
elitycar.fr	Elity Car	automobile	Lyon	69	1	https://www.elitycar.fr/
ellabache.com	Ella Baché	beaute_bienetre	Paris	75	1	https://www.ellabache.com/
elmleblanc.fr	elm.leblanc	artisanat_btp	Paris	75	1	https://www.elmleblanc.fr/
elnacional.fr	El Nacional	restauration	Bordeaux	33	1	https://www.elnacional.fr/
elnopalparis.com	El Nopal	restauration	Paris	75	1	https://elnopalparis.com/
elriadh.com	El Riadh	restauration	Lille	59	1	https://www.elriadh.com/
elyssa-restaurant.fr	Elyssa	restauration	Marseille	13	1	https://www.elyssa-restaurant.fr/
embarcadere-bordeaux.fr	L'Embarcadère	restauration	Bordeaux	33	1	http://embarcadere-bordeaux.fr/
emi-services.fr	EMI Électricité Générale	artisanat_btp	Lyon	69	1	https://www.emi-services.fr/
emiliag-coiffure.fr	Emilia G	beaute_bienetre	Lyon	69	1	http://www.emiliag-coiffure.fr/
emioli.fr	Emioli Institut Brésilien	beaute_bienetre	Paris	75	1	https://emioli.fr/
emiratescoffee.fr	Emirates Coffee	restauration	Paris	75	1	https://www.emiratescoffee.fr/
empiresteakbuilding.fr	Empire Steak Building	restauration	Strasbourg	67	1	http://www.empiresteakbuilding.fr
empreinte-metal.com	Empreinte Métal	artisanat_btp	Toulouse	31	1	http://empreinte-metal.com/
emroad.com	Emroad	automobile	Rennes	35	1	https://emroad.com/
emulation-nautique.com	L'Emulation Nautique	restauration	Toulouse	31	1	https://www.emulation-nautique.com/
en-aparte-toulouse.fr	En Aparté	beaute_bienetre	Toulouse	31	1	https://www.en-aparte-toulouse.fr/
en-k.fr	En'K	restauration	Lille	59	1	https://www.en-k.fr/
en-pleine-nature.com	En pleine nature	restauration	Toulouse	31	1	https://www.en-pleine-nature.com/
en-spa.fr	En	beaute_bienetre	Paris	75	1	https://en-spa.fr
en.cala-carwash.com	CalaCarWash	automobile	Strasbourg	67	1	https://en.cala-carwash.com/
enapartegenas.fr	En Aparté	beaute_bienetre	Lyon	69	1	https://www.enapartegenas.fr/
enea-institut.com	Enéa	beaute_bienetre	Nantes	44	1	https://www.enea-institut.com/
enedis.fr	Enedis	artisanat_btp	Brest	29	1	enedis.fr
energeticien-paris.com	Ma Ressource Minérale	beaute_bienetre	Paris	75	1	https://energeticien-paris.com
energiefenetres.fr	Energie Fenetres	artisanat_btp	Lyon	69	1	https://www.energiefenetres.fr/
energybikes.fr	EnergyBike	services_proximite	Grenoble	38	1	https://energybikes.fr/
enkor.fr	Enkor	restauration	Paris	75	1	https://www.enkor.fr/
enrouelibrelille-59.com	En Roue Libre	services_proximite	Lille	59	1	https://www.enrouelibrelille-59.com/
enselledeniers.bike	En Selle Deniers	services_proximite	Toulouse	31	1	https://enselledeniers.bike/
entracte-coiffure.fr	Entracte Coiffure	beaute_bienetre	Paris	75	1	https://www.entracte-coiffure.fr/
entrecote.fr	L'Entrecôte	restauration	Toulouse	31	1	https://www.entrecote.fr/
entrecotesetvins.orderonline.fr	Entre côtes et vins	restauration	Toulouse	31	1	https://entrecotesetvins.orderonline.fr/
entreprise-caudron.fr	Caudron	services_proximite	Paris	75	1	https://www.entreprise-caudron.fr
entreprise-martel.fr	Entreprise Martel	artisanat_btp	Paris	75	1	https://entreprise-martel.fr
entreprise-munier21.com	Munier	artisanat_btp	Dijon	21	1	https://www.entreprise-munier21.com/
entreprise-reinhardt.com	Entreprise Reinhardt	artisanat_btp	Paris	75	1	https://entreprise-reinhardt.com
entreprise-ruiz.fr		artisanat_btp	Bordeaux	33	1	https://www.entreprise-ruiz.fr/
entrepriserenegardsarl.site-solocal.com	Gard René SARL	artisanat_btp	Dijon	21	1	https://entrepriserenegardsarl.site-solocal.com/
entretien-chaudiere-95.com	CJC Val d'Oise	artisanat_btp	Paris	75	1	https://www.entretien-chaudiere-95.com/
envelosimone.fr	En vélo Simone	services_proximite	Paris	75	1	https://www.envelosimone.fr/
envie.org	Envie Rhône-Alpes - Envie Sud-Est	services_proximite	Lyon	69	1	https://www.envie.org/magasin-reseau-envie/envie-2e-villeurbanne/
enviedeplaire.fr	Envie de Plaire	beaute_bienetre	Paris	75	1	https://www.enviedeplaire.fr
enviedezen.fr	Envie de Zen	beaute_bienetre	Lyon	69	1	https://www.enviedezen.fr/
enzo-pizza.com	Pizza Enzo	restauration	Lille	59	1	https://www.enzo-pizza.com/
eolevmc.fr	Eole VMC	artisanat_btp	Paris	75	1	http://eolevmc.fr
epa-peinture.com	Epa	artisanat_btp	Rouen	76	1	https://www.epa-peinture.com/
epaps.fr	Foodtruck	restauration	Paris	75	1	https://www.epaps.fr/de-nouveaux-food-trucks-arrivee-campus-de-paris-saclay/
epc-rouen.fr	Europe Plomberie Chauffage	artisanat_btp	Rouen	76	1	https://epc-rouen.fr/
epiccycles.fr	Bicycle Store	services_proximite	Montpellier	34	1	https://www.epiccycles.fr/
epicerie-du-coin.edan.io	Épicerie du coin	restauration	Strasbourg	67	1	https://epicerie-du-coin.edan.io/
epiceriejeanne.fr	L'épicerie Jeanne	restauration	Paris	75	1	https://www.epiceriejeanne.fr/
epicuriapizza.fr	Epicuria Pizza	restauration	Toulouse	31	1	https://epicuriapizza.fr/
epil.fr	Glow House	beaute_bienetre	Paris	75	1	https://www.epil.fr/
epilation-laser-marseille.fr	Estitix - Centre d'épilation laser Marseille	beaute_bienetre	Marseille	13	1	https://epilation-laser-marseille.fr/
epilhouse.fr	Epil House	beaute_bienetre	Paris	75	1	https://epilhouse.fr/centre-seine/
epiliance.fr	Epiliance	beaute_bienetre	Marseille	13	1	https://epiliance.fr
epilnet.fr	Epil'Net	beaute_bienetre	Lyon	69	1	https://www.epilnet.fr
episolpessac.org	Epi'cez Tout	restauration	Bordeaux	33	1	https://www.episolpessac.org/restaurant-solidaire
epitem.paris	Epitem	beaute_bienetre	Paris	75	1	https://www.epitem.paris/
eps-m-alfort.fr	EPS	services_proximite	Paris	75	1	https://eps-m-alfort.fr/
epsilon-bikes.com	Epsilon Bikes	services_proximite	Lyon	69	1	https://www.epsilon-bikes.com/
epsm-al.fr	L’autre cycle	services_proximite	Lille	59	1	https://www.epsm-al.fr/article/atelier-therapeutique-velo-lautre-cycle
equip-auto83.fr	EA Performance	automobile	Toulon	83	1	https://www.equip-auto83.fr/
erepar.fr	Érépar	automobile	Angers	49	1	https://erepar.fr
eresdepan.fr	Eres Depan'	artisanat_btp	Paris	75	1	www.eresdepan.fr
eresto.net	Le Caruso	restauration	Nice	6	1	https://eresto.net/
ericson-laboratoire.com	Institut Ericson	beaute_bienetre	Paris	75	1	http://ericson-laboratoire.com
ericstipa.com	Eric Stipa	beaute_bienetre	Paris	75	1	http://ericstipa.com
ermontbienetre.fr	Esthétique et Massage de Bien-Être	beaute_bienetre	Paris	75	1	http://www.ermontbienetre.fr
erscaplot.fr	Caplot couverture	artisanat_btp	Paris	75	1	https://www.erscaplot.fr
erviti.fr	Erviti L'atelier Porsche	automobile	Bayonne	64	1	https://erviti.fr/
escale-restaurant.com	Restaurant L'Escale	restauration	Lille	59	1	https://escale-restaurant.com/le-restaurant/
escalebeaute-genas.fr	Escale Beauté	beaute_bienetre	Lyon	69	1	https://www.escalebeaute-genas.fr/
escaledasie.eatbu.com	Escale d'Asie	restauration	Toulouse	31	1	https://escaledasie.eatbu.com/?lang=fr
escalinada.fr	L'Escalinada	restauration	Nice	6	1	https://www.escalinada.fr/
escapadecycles.com	Escapade Cycles	services_proximite	Montpellier	34	1	https://escapadecycles.com
esenciamontpellier.com	Esencia	restauration	Montpellier	34	1	https://www.esenciamontpellier.com/
espace-beaute-valerie.com	Espace Beauté Valérie	beaute_bienetre	Lyon	69	1	http://www.espace-beaute-valerie.com
espace-capillaire.fr	Espace capillaire nature et douceur	beaute_bienetre	Nantes	44	1	https://espace-capillaire.fr/
espace-concept-bois.com	Espace Concept Bois	artisanat_btp	Lyon	69	1	https://www.espace-concept-bois.com/
espace-extensions.com	Espace Extensions	beaute_bienetre	Toulouse	31	1	https://www.espace-extensions.com
espace-yume.com	Espace Yumé	beaute_bienetre	Nantes	44	1	https://www.espace-yume.com
espacebeautebienetre.fr	Espace bien-être Guinot	beaute_bienetre	Paris	75	1	https://www.espacebeautebienetre.fr/
espacebellouis.com	Espace Bellouis - Cyclepro	services_proximite	Paris	75	1	https://espacebellouis.com/
espacecoiffureparis.com	Espace Coiffure Paris	beaute_bienetre	Paris	75	1	https://www.espacecoiffureparis.com/
espaceevasioncoiffure.fr	Espace Evasion	beaute_bienetre	Paris	75	1	https://www.espaceevasioncoiffure.fr/
espacegramont.com	Pitaya	restauration	Toulouse	31	1	https://www.espacegramont.com/restaurants/pitaya
espacepiscine66.com	Espace Piscine	artisanat_btp	Perpignan	66	1	https://www.espacepiscine66.com/
espacepizza.fr	Allo Espace Pizza	restauration	Paris	75	1	https://www.espacepizza.fr/
espacetuina.com	Espace Tuina	beaute_bienetre	Lyon	69	1	http://www.espacetuina.com
espacevelo.fr	Espace Vélo	services_proximite	Grenoble	38	1	http://espacevelo.fr
espargiliere.fr	SCE Espargiliere	artisanat_btp	Paris	75	1	https://www.espargiliere.fr/
espritbasora.com	Esprit Basora	beaute_bienetre	Paris	75	1	https://www.espritbasora.com
espritcoiffure.e-monsite.com	Esprit Coiffure	beaute_bienetre	Nantes	44	1	https://espritcoiffure.e-monsite.com/
espritvelo.fr	Esprit Vélo	services_proximite	Paris	75	1	https://www.espritvelo.fr/
espritvelos.fr	L'Esprit des Vélos	services_proximite	Grenoble	38	1	http://espritvelos.fr/
essenti-elle.fr	Essent'ielle	beaute_bienetre	Paris	75	1	https://www.essenti-elle.fr/
essorauto.com	Essor Automobile	automobile	Reims	51	1	https://www.essorauto.com/
est-depannage.fr	EST DEPANNAGE	automobile	Strasbourg	67	1	https://est-depannage.fr/
estacade-restaurant.com	L'Estacade	restauration	Bordeaux	33	1	https://www.estacade-restaurant.com/
estaminet-abbaye-genech.fr	L'Estaminet de l'Abbaye	restauration	Lille	59	1	http://www.estaminet-abbaye-genech.fr/
estaminet-al-fameuse-franquette.fr	Al'Fameuse Franquette	restauration	Lille	59	1	https://www.estaminet-al-fameuse-franquette.fr/
estaminet-laconnivence.fr	La Connivence	restauration	Lille	59	1	https://www.estaminet-laconnivence.fr/
estaminet-leterrier.fr	Estaminet le Terrier	restauration	Lille	59	1	https://www.estaminet-leterrier.fr/
estaminetducheminvert.fr	Estaminet du Chemin Vert	restauration	Lille	59	1	https://www.estaminetducheminvert.fr/
estaminetlille.fr	Au Vieux de la Vieille	restauration	Lille	59	1	https://estaminetlille.fr/nos-estaminets/estaminet-au-vieux-de-la-vieille
estaminetrijsel.fr	Estaminet Rijsel	restauration	Lille	59	1	https://www.estaminetrijsel.fr/
esth-atika.fr	Esth Atika	beaute_bienetre	Toulouse	31	1	https://www.esth-atika.fr/
estheclinic.fr	Estheclinic	beaute_bienetre	Paris	75	1	https://www.estheclinic.fr/
esthetic-center-expert-minceur.com	Esthetic Center Expert Minceur	beaute_bienetre	Paris	75	1	https://www.esthetic-center-expert-minceur.com
esthetic-center-toulouse-minimes.com	Esthetic Center	beaute_bienetre	Toulouse	31	1	https://www.esthetic-center-toulouse-minimes.com/
esthetic-center.com	Esthetic Center	beaute_bienetre	Paris	75	4	https://www.esthetic-center.com/institut/paris-205/
estheticmedicarecenter.fr	Esthetic Medicare Center	beaute_bienetre	Paris	75	1	https://estheticmedicarecenter.fr/
esthetique-esthesia.fr	Esthésia	beaute_bienetre	Toulouse	31	1	https://www.esthetique-esthesia.fr/
esthetiqueminceurbeauchamp.fr	ESTHETIQUE MINCEUR	beaute_bienetre	Paris	75	1	https://www.esthetiqueminceurbeauchamp.fr/
estteam-lavage-auto.fr	Est Team Auto	automobile	Strasbourg	67	1	https://www.estteam-lavage-auto.fr/
etablicyclette.fr	Etablicyclette	services_proximite	Lyon	69	1	https://www.etablicyclette.fr/
etablissements-laroche.fr	Ets Laroche	artisanat_btp	Paris	75	1	https://www.etablissements-laroche.fr/
etancheite-69-rhone.fr	Étanchéité du Rhône	artisanat_btp	Lyon	69	1	https://www.etancheite-69-rhone.fr/
etanel.fr	Étanel	artisanat_btp	Rouen	76	1	https://www.etanel.fr/
etape-d-asie.fr	Étape d'Asie	restauration	Toulouse	31	1	http://etape-d-asie.fr/
ethnika-coiffure-afro.business.site	Ethni'Ka Coiffure Afro	beaute_bienetre	Paris	75	1	https://ethnika-coiffure-afro.business.site/
etinselle.fr	Étinselle	services_proximite	Paris	75	1	https://www.etinselle.fr/
etiopathe-lyon6.com	Thai Mâanee	beaute_bienetre	Lyon	69	1	https://www.etiopathe-lyon6.com/
etpatati.fr	Et patati !	restauration	Lille	59	1	https://www.etpatati.fr/
ets-fontaine-yvelines.fr	Ets Fontaine Père et Fils	artisanat_btp	Paris	75	1	https://www.ets-fontaine-yvelines.fr/
ets-gerard.com	Etablissement Gérard	artisanat_btp	Paris	75	1	https://www.ets-gerard.com
ets-leroy-pere-et-fils.com	Leroy Père & Fils	artisanat_btp	Paris	75	1	https://ets-leroy-pere-et-fils.com/ville/saint-cyr-l-ecole/
ets-richez.fr	Établissement Richez	artisanat_btp	Lyon	69	1	https://www.ets-richez.fr/
ets-ulrich.point-conseil-bubendorff.fr	Ets Ulrich	artisanat_btp	Nancy	54	1	https://ets-ulrich.point-conseil-bubendorff.fr/
etsbarrier.com	Etablissements Barrier	artisanat_btp	Amiens	80	1	https://www.etsbarrier.com/
etsgokelaere.fr	Plomberie Gokelaere	artisanat_btp	Paris	75	1	https://etsgokelaere.fr
etsloiseau.fr	Établissements Loiseau	artisanat_btp	Paris	75	1	https://www.etsloiseau.fr/
etspiat13.wixsite.com	Électricité Piat	artisanat_btp	Paris	75	1	https://etspiat13.wixsite.com/ets-piat
eu.orveda.com	Orveda	beaute_bienetre	Paris	75	1	https://eu.orveda.com
eugene-jeep-parts.fr	Garage Eugène Jeep Parts	automobile	Reims	51	1	https://www.eugene-jeep-parts.fr/fr/
euro-decor.fr	Euro Decor	artisanat_btp	Paris	75	1	https://www.euro-decor.fr
eurochauffage.fr	Euro Chauffage	artisanat_btp	Lyon	69	1	https://www.eurochauffage.fr/
euromaster.fr	Euromaster Lyon Vénissieux	automobile	Lyon	69	18	https://www.euromaster.fr/centres/auvergne-rhone-alpes/venissieux/euromaster-venissieux
europ-climatisation.com	Europ Climatisation	artisanat_btp	Nancy	54	1	https://www.europ-climatisation.com/
europe-radiateurs.fr	Europe Radiateurs	automobile	Saint-Etienne	42	1	https://www.europe-radiateurs.fr/
eurorepar.fr	Garage Bonny	automobile	Lyon	69	5	https://www.eurorepar.fr/garage-bonny-sainte-foy-les-lyon-10387.html
eurotechnique.eu	Euro-Technique	artisanat_btp	Nice	6	1	https://www.eurotechnique.eu/
eurovia.fr	Eurovia	artisanat_btp	Lorient	56	1	https://www.eurovia.fr/agences/5897-eurovia-bretagne-lorient
euskadi-r-cool.fr	Euskadi R cool	automobile	Bayonne	64	1	https://euskadi-r-cool.fr/
evangelineb.fr	Évangéline B	beaute_bienetre	Paris	75	1	https://evangelineb.fr
evashair.fr	Evas Hair	beaute_bienetre	Paris	75	1	https://evashair.fr
evasionbeaute.com	Évasion Beauté	beaute_bienetre	Paris	75	1	https://www.evasionbeaute.com
eveonair-coiffure.com	Eve on Air	beaute_bienetre	Paris	75	1	https://www.eveonair-coiffure.com
evievane.com	Evi Evane	restauration	Paris	75	1	https://www.evievane.com/
evtt-provence.com	Evtt Provence	services_proximite	Marseille	13	1	https://evtt-provence.com/
excelonepizza.fr	Excel One Pizza	restauration	Paris	75	1	https://www.excelonepizza.fr/
exki.com	Exki	restauration	Paris	75	1	https://www.exki.com/fr/
expertise-menuiseries.fr		artisanat_btp	Lyon	69	1	https://www.expertise-menuiseries.fr
extradoner.eatbu.com	Extra Doner	restauration	Paris	75	1	https://extradoner.eatbu.com
extreme-bikes.fr	Extreme Bikes	services_proximite	Marseille	13	1	https://www.extreme-bikes.fr/
exxtensions.fr	Exxtensions	beaute_bienetre	Saint-Etienne	42	1	https://www.exxtensions.fr/
eyelashparis.com	Eye Lash	beaute_bienetre	Paris	75	1	https://eyelashparis.com
f6batiment.fr	F6 Bâtiment	artisanat_btp	Paris	75	1	https://f6batiment.fr/
fabianipirio-plomberie-chauffage.com	SARL Fabiani-Pirio	artisanat_btp	Rennes	35	1	https://www.fabianipirio-plomberie-chauffage.com
fabiosalsa.com	Fabio Salsa	beaute_bienetre	Paris	75	1	https://www.fabiosalsa.com/salon-3310/salon/32-rue-saint-denis-92700-colombes
fabre-lebeau.fr	Fabre & Lebeau	artisanat_btp	Paris	75	1	https://www.fabre-lebeau.fr/infos-agence/champigny-f-l-5908
fabricereveilhac.com	Fabrice Reveilhac	beaute_bienetre	Paris	75	1	https://fabricereveilhac.com
fabrikburger.vercel.app	Fabrik Burger	restauration	Lille	59	1	https://fabrikburger.vercel.app/
fabriqduburger.com	La Fabriq du Burger	restauration	Toulouse	31	1	https://fabriqduburger.com/
fabrique-emploi.fr	Atelier vélo de La Fabrique de l'Emploi	services_proximite	Lille	59	1	https://fabrique-emploi.fr/
faciesrouen.fr	Faciès	beaute_bienetre	Rouen	76	1	https://www.faciesrouen.fr/
facilityhabitat.fr	Facility Habitat	artisanat_btp	Paris	75	1	https://www.facilityhabitat.fr/
facior.jp	Facior	beaute_bienetre	Paris	75	1	https://www.facior.jp/fr
factory-pizza.fr	Pizza Factory	restauration	Strasbourg	67	1	https://factory-pizza.fr/
faimdeloup.eatbu.com	Faim de loup	restauration	Lyon	69	1	https://faimdeloup.eatbu.com/?lang=fr
fairemescourses.fr	Guo Fa	restauration	Paris	75	1	https://fairemescourses.fr/saint-maur-des-fosses/guofa-2-traiteur-asiatique
fairesens-restaurant.com	Faire Sens	restauration	Toulouse	31	1	https://fairesens-restaurant.com/
fairmont-montecarlo.com	Nobu	restauration	Nice	6	1	https://www.fairmont-montecarlo.com/dining/restaurant-monaco-nobu/
fais-ci-fais-ca.com	Fais ci Fais ça	artisanat_btp	Paris	75	1	http://www.fais-ci-fais-ca.com/
falafel-sahara.com	Sahara	restauration	Nice	6	1	https://falafel-sahara.com
falizeblondel.fr	Falize-Blondel	artisanat_btp	Amiens	80	1	https://falizeblondel.fr/
falliero.fr	Falliero	artisanat_btp	Pau	64	1	https://falliero.fr
familia-brasserie.fr	Le Familia	restauration	Bordeaux	33	1	https://www.familia-brasserie.fr/
family-cycles.fr	Family-cycles	services_proximite	Toulouse	31	1	https://www.family-cycles.fr/
familypizza-acheres78.com	Family Pizza	restauration	Paris	75	1	https://familypizza-acheres78.com/
fanfare-lambersart.eatbu.com	Fanfare	restauration	Lille	59	1	https://fanfare-lambersart.eatbu.com/
fantastyk75.fr	Fantastyk	restauration	Paris	75	1	https://fantastyk75.fr
faragoontheroof.com	Farago on the Roof	restauration	Nice	6	1	https://www.faragoontheroof.com/
faridab.com	Farida B. - L’univers du cheveu frisé	beaute_bienetre	Paris	75	1	https://faridab.com
fast-fried-chicken-indian.business.site	Fast Fried Chicken	restauration	Paris	75	1	https://fast-fried-chicken-indian.business.site/
fast-park.fr	Parking Low-cost Le Clos des Crillones	automobile	Avignon	84	1	http://Fast-Park.fr
fast-pizza-lille.fr	Fast Pizza	restauration	Lille	59	1	http://www.fast-pizza-lille.fr
fastandpizza.fr	Fast and Pizza	restauration	Toulouse	31	1	http://www.fastandpizza.fr/
faste-restaurant.fr	Faste	restauration	Paris	75	1	https://www.faste-restaurant.fr/
fastfood-246.fr	246 Factory	restauration	Paris	75	1	https://www.fastfood-246.fr/
fastfoodrepublique.com	Fast food République	restauration	Nice	6	1	https://fastfoodrepublique.com/
fatburger-france.com	Fatburger France	restauration	Paris	75	1	https://www.fatburger-france.com/
fattiretours.com	Fat Tire Bike Tours	services_proximite	Paris	75	1	https://www.fattiretours.com/paris/
fatto-qui.com	Fatto Qui !	restauration	Paris	75	1	http://www.fatto-qui.com
fauche.com	Fauché	artisanat_btp	Rennes	35	1	https://www.fauche.com/
faunemoco.com	Faune	restauration	Montpellier	34	1	https://faunemoco.com
fayscoiffure.fr	Fay's Barber	beaute_bienetre	Paris	75	1	https://www.fayscoiffure.fr/
fbcoiffure.com	FB Coiffure	beaute_bienetre	Lyon	69	1	https://fbcoiffure.com
fbs-verandas.fr	FBS Vérandas	artisanat_btp	Nancy	54	1	https://www.fbs-verandas.fr/veranda-menuiserie-nancy
fc-performance.fr	NC Autos	automobile	Strasbourg	67	1	fc-performance.fr
fecamp-services.com	Fécamp services	artisanat_btp	Paris	75	1	https://fecamp-services.com/
fee-maison-bordeaux.eatbu.com	Fée Maison	restauration	Bordeaux	33	1	https://fee-maison-bordeaux.eatbu.com/
feedme.taster.com	Taster	restauration	Paris	75	1	https://feedme.taster.com
feelinabeautyparis.fr	Fée Lina	beaute_bienetre	Paris	75	1	https://www.feelinabeautyparis.fr
feelmyskin.fr	Feel My Skin	beaute_bienetre	Paris	75	1	https://feelmyskin.fr/
feemaison.com	Fée maison	restauration	Lille	59	1	https://www.feemaison.com/
felicie-restaurant.com	Félicie	restauration	Lille	59	1	https://felicie-restaurant.com/
fenet-metallerie-serrurerie.fr	Fenet	artisanat_btp	Rouen	76	1	https://www.fenet-metallerie-serrurerie.fr/
fenetre-et-porte.com	H.m.f. - Partenaire Arcades Et Baies	artisanat_btp	Paris	75	1	https://www.fenetre-et-porte.com/
fenetres-isolation-lestore.com	Le Store	artisanat_btp	Rennes	35	1	https://www.fenetres-isolation-lestore.com/
fenetres-lorenove.fr	Lorenove Herblay	artisanat_btp	Paris	75	1	https://www.fenetres-lorenove.fr/
fenetresinstallation.com	FD Fenetres SDBP Services	artisanat_btp	Paris	75	1	https://fenetresinstallation.com/
fenetresurletoit.fr	Quelqu'un sur le Toit	artisanat_btp	Rennes	35	1	https://www.fenetresurletoit.fr/
fenetrier-atout-fermeture.fr		artisanat_btp	Dijon	21	1	https://www.fenetrier-atout-fermeture.fr/
fenetrierveka.fr	Fenétrier VEKA	artisanat_btp	Toulouse	31	1	https://www.fenetrierveka.fr/
feretchiffons.fr	Fer & chiffons	services_proximite	Rennes	35	1	http://www.feretchiffons.fr/
fermatic.fr	Fermatic	artisanat_btp	Le Havre	76	1	https://www.fermatic.fr/
fermeblanche.fr	La Ferme blanche	restauration	Lille	59	1	https://www.fermeblanche.fr
fermedelanoyelle.fr	Ferme de la Noyelle	restauration	Lille	59	1	http://www.fermedelanoyelle.fr
fermetures-isolation-fenetres.fr	FIF Fermetures Isolation Fenêtres	artisanat_btp	Toulouse	31	1	https://www.fermetures-isolation-fenetres.fr/
fernandesdecor.fr	Fernandes Décor	artisanat_btp	Paris	75	1	https://fernandesdecor.fr/
ferronnerie-abelard.fr	Ferronnerie Abélard	artisanat_btp	Bordeaux	33	1	https://ferronnerie-abelard.fr
feteacrepe-78.fr	Fête à Crêpe	restauration	Paris	75	1	https://www.feteacrepe-78.fr/
feteacrepe.fr	Fête à Crêpes	restauration	Paris	75	1	https://www.feteacrepe.fr/
feuvert.fr	Feu Vert Rillieux La Pape	automobile	Lyon	69	24	https://www.feuvert.fr/centres-auto/rillieux-la-pape/feu-vert-rillieux/5.html?setcenter=5
ffdesigncoiffure.fr	F & F Design Coiffure	beaute_bienetre	Paris	75	1	https://www.ffdesigncoiffure.fr/
fg-global-services.com	FG Services	services_proximite	Paris	75	1	https://www.fg-global-services.com/
fgauto54.com	FG Auto 54	automobile	Nancy	54	1	http://fgauto54.com
fgbservicesandco.fr	FGB Services & Co	services_proximite	Nice	6	1	https://www.fgbservicesandco.fr/
fhccosmetics.com	FH Cosmetics	beaute_bienetre	Paris	75	1	https://fhccosmetics.com/
fidele-restaurant-marseille.fr	Fidèle	restauration	Marseille	13	1	https://fidele-restaurant-marseille.fr/
fil-me-in.fr	Fil'me in	beaute_bienetre	Paris	75	1	https://fil-me-in.fr/
findelmundoempanadas.com	Fin del Mundo - Empanadas	restauration	Toulouse	31	1	https://www.findelmundoempanadas.com/
finegueule.fr	Fine Geule	restauration	Nice	6	1	https://finegueule.fr/
firenze-pizza.fr	Firenze!	restauration	Paris	75	1	https://www.firenze-pizza.fr/
firststop.fr	First Stop	automobile	Lyon	69	2	https://www.firststop.fr/garage-pneus/garage.html/600.html
fitness-serenite.fr	Sérénité	beaute_bienetre	Paris	75	1	www.fitness-serenite.fr
five-star.fr	Carrosserie Costes	automobile	Toulouse	31	2	https://five-star.fr/carrosseries/536-carrosserie-costes
fivechicken.fr	Five Chicken	restauration	Paris	75	1	https://www.fivechicken.fr
fivepizzaoriginal.com	Five Pizza original	restauration	Paris	75	1	https://www.fivepizzaoriginal.com/five-pizza-original-antony/
fivesthai.fr	Xiong Mao Food	restauration	Lille	59	1	https://www.fivesthai.fr/
fivestreet-burger.fr	Five Street Burger	restauration	Paris	75	1	http://fivestreet-burger.fr/
fixallit.business.site	Fix All It	services_proximite	Paris	75	1	https://fixallit.business.site/
fixandmove.fr	Fix&Move	services_proximite	Lyon	69	1	https://fixandmove.fr/
fixauto.com	Carrosserie Fix Auto	automobile	Nancy	54	1	https://fixauto.com/nancy/fr/
fixncover.fr	Fix n Cover	services_proximite	Paris	75	1	https://fixncover.fr/
fjdm.fr	F.J.D.M.	artisanat_btp	Paris	75	1	https://fjdm.fr
fjord.fr	Fjord	restauration	Nice	6	1	https://www.fjord.fr/
flams.fr	Flam's	restauration	Lille	59	2	https://www.flams.fr/restaurant_roubaix.html
flash-energies.fr	Flash Energies	artisanat_btp	Dunkerque	59	1	https://flash-energies.fr/
flashburgerlille.fr	Flash Burger	restauration	Lille	59	1	https://www.flashburgerlille.fr/
flashtaville.com	l'Arôme	restauration	Marseille	13	1	http://www.flashtaville.com/restaurants/marseille06/l-arome.html#_=_
flatmyburger.fr	Flat my burger	restauration	Paris	75	1	https://www.flatmyburger.fr/adresse
flaubert-automobile.fr	Flaubert Automobile	automobile	Rouen	76	1	https://flaubert-automobile.fr
flaugergues.com	Folia	restauration	Montpellier	34	1	https://www.flaugergues.com/restaurant-flaugergues.html
fleurancenature.fr	Fleurance Nature	beaute_bienetre	Paris	75	1	https://www.fleurancenature.fr/
fleurdejade.com	Fleur de Jade	restauration	Nice	6	1	https://fleurdejade.com
fleurdesel-carnon.fr	Fleur de sel	restauration	Montpellier	34	1	https://fleurdesel-carnon.fr/
fleurdethymcontes.fr	La Fleur de Thym	restauration	Nice	6	1	http://www.fleurdethymcontes.fr
fleuriayecoiffeurs-carquefou.fr	Fleuriaye Coiffeurs	beaute_bienetre	Nantes	44	1	https://www.fleuriayecoiffeurs-carquefou.fr
fleursdecerisier.fr	Fleurs de Cerisier	beaute_bienetre	Lyon	69	1	https://www.fleursdecerisier.fr/Institut-de-beaute-Lyon7.htm
flocon-de-nail.fr	Flocon de Nail	beaute_bienetre	Paris	75	1	https://www.flocon-de-nail.fr
florencebcoiffurem.wixsite.com	Florence B Coiffure	beaute_bienetre	Lyon	69	1	https://florencebcoiffurem.wixsite.com/salon
florentina-linea.fr	Florentina	beaute_bienetre	Nantes	44	1	http://www.florentina-linea.fr
floriansbikes.com	Florian's Bikes	services_proximite	Toulouse	31	1	https://www.floriansbikes.com
flowhouse.fr	Flow House	restauration	Toulouse	31	1	https://flowhouse.fr/
fluideconfortenergie.fr	Fluide Confort Energie	artisanat_btp	Lorient	56	1	http://www.fluideconfortenergie.fr/
flunch.fr	Flunch	restauration	Lille	59	3	https://www.flunch.fr/restaurant/roncq/flunch-roncq
fmbat-menuiserie-idf.fr	FM Bat	artisanat_btp	Paris	75	1	https://fmbat-menuiserie-idf.fr
fndsa.org	Bric à Bike	services_proximite	Lyon	69	1	https://www.fndsa.org/bric-a-brac/atelier-v%C3%A9lo.html
fo-pizza.com	FØ Pizza	restauration	Paris	75	1	https://www.fo-pizza.com
focafoca.fr	Foca Foca	restauration	Toulouse	31	1	https://focafoca.fr
fochcoiffure.fr	Foch Coiffure & Beauté	beaute_bienetre	Lyon	69	1	https://www.fochcoiffure.fr/
fogo-toulouse.fr	Fogo	restauration	Toulouse	31	1	https://fogo-toulouse.fr/
fondation-ajd.com	Véloterie Fondation AJD	services_proximite	Lyon	69	1	https://www.fondation-ajd.com/categorie-produit/veloterie/
fontenayvelo.org	Atelier Fontenay Vélo	services_proximite	Paris	75	1	https://www.fontenayvelo.org
food-station.fr	Food Station	restauration	Paris	75	1	https://www.food-station.fr/
food-truck-bordeaux-theforks.fr	The Forks	restauration	Bordeaux	33	1	http://food-truck-bordeaux-theforks.fr/
foodelice.fr	Foodelice	restauration	Paris	75	1	https://foodelice.fr/
foodeliceparis.fr	Foodélice	restauration	Paris	75	1	https://foodeliceparis.fr
foodies-pizza-bordeaux.eatbu.com	Foodies Pizza	restauration	Bordeaux	33	1	https://foodies-pizza-bordeaux.eatbu.com/
foodlab-france.com	Food'Lab	restauration	Lyon	69	1	https://www.foodlab-france.com/
fordgrenard.fr	Ford	automobile	Besancon	25	1	https://www.fordgrenard.fr
forgismontecarlo.com	Forgi’s	restauration	Nice	6	1	https://forgismontecarlo.com/
formauto-rennes.fr	Formauto	automobile	Rennes	35	1	https://www.formauto-rennes.fr/
fornogusto.com	Forno Gusto	restauration	Toulouse	31	1	https://www.fornogusto.com/
fossetta.fr	La Fossetta	restauration	Lille	59	1	https://fossetta.fr/lafossetta-lille/
fost-restaurant.fr	Fost	restauration	Lille	59	1	https://fost-restaurant.fr
foudie.fr	Foudie	restauration	Toulouse	31	1	https://www.foudie.fr/
fourapizzas.fr	Le four à pizza	restauration	Lyon	69	1	https://fourapizzas.fr/
fourchetteettirebouchon.com	Fourchette et Tirebouchon	restauration	Montpellier	34	1	https://www.fourchetteettirebouchon.com
fourseasons.com	La Veranda	restauration	Nice	6	3	https://www.fourseasons.com/capferrat/dining/restaurants/la_veranda/
fp-auto.com	Fournitures Pièces Auto	automobile	Metz	57	1	https://fp-auto.com
fr-energies.fr	FR Energies	artisanat_btp	Paris	75	1	https://fr-energies.fr
fr.caudalie.com	Caudalie	beaute_bienetre	Toulouse	31	1	https://fr.caudalie.com/boutique-caudalie-toulouse
fr.restaurantguru.com	Ichiban	restauration	Marseille	13	1	https://fr.restaurantguru.com/Ichiban-Les-Pennes-Mirabeau
fracoiff.site-solocal.com	Julie Coiffure	beaute_bienetre	Paris	75	1	https://fracoiff.site-solocal.com/
frais.fr	Frais	services_proximite	Paris	75	1	https://www.frais.fr/
framenails.fr	Frame Nails	beaute_bienetre	Marseille	13	1	https://www.framenails.fr/fr/
france-beaute-institut.fr	France Beauté Institut	beaute_bienetre	Saint-Etienne	42	1	https://www.france-beaute-institut.fr
francecoiffurediffusion.com	France coiffure diffusion	beaute_bienetre	Paris	75	1	https://www.francecoiffurediffusion.com/
francefenetres-stcyrlecole.fr	France Fenêtres	artisanat_btp	Paris	75	1	https://www.francefenetres-stcyrlecole.fr
francehygieneventilation.fr	France Hygiène Ventilation	artisanat_btp	Paris	75	3	https://francehygieneventilation.fr/agences/paris-fhv-75/
franceparebrise.fr	France Pare-Brise	automobile	Lyon	69	3	https://www.franceparebrise.fr/reparation-pare-brise/lyon-venissieux
franceparebrise.org	France Pare-Brise	automobile	Rennes	35	3	http://www.franceparebrise.org
franceplaques.fr	France Plaques	automobile	Lyon	69	1	https://www.franceplaques.fr/
francesca.com	Francesca	restauration	Toulouse	31	1	https://francesca.com/fr/restaurants/francesca-toulouse
franchin.net	Franchin	restauration	Nice	6	1	https://www.franchin.net/
franciskurkdjian.com	Maison Francis Kurkdjian	beaute_bienetre	Paris	75	1	http://franciskurkdjian.com
franck-brevi-coiffure.fr	Coiffeur Franck Brévi	beaute_bienetre	Lyon	69	1	http://www.franck-brevi-coiffure.fr
franckprovost-ladefense.com	Franck Provost	beaute_bienetre	Paris	75	1	http://www.franckprovost-ladefense.com/
franckprovost.com	Franck Provost	beaute_bienetre	Paris	75	7	https://www.franckprovost.com/
francois-nature.fr	François Nature	beaute_bienetre	Lyon	69	1	https://www.francois-nature.fr/
frankprovost.com	Franck Provost	beaute_bienetre	Paris	75	1	http://www.frankprovost.com
franscoop.fr	Franscoop	services_proximite	Paris	75	1	http://www.franscoop.fr/
fratelli-pizzeria.eatbu.com	Fratelli Pizzeria	restauration	Lyon	69	1	https://fratelli-pizzeria.eatbu.com/
fratellirizzo.fr	La Romantica	restauration	Toulouse	31	1	https://www.fratellirizzo.fr
fraukebab.com	Frau	restauration	Lyon	69	1	https://www.fraukebab.com
fred-auto-sport.fr	MecaRProg by Fred Auto Sport	automobile	La Rochelle	17	1	https://www.fred-auto-sport.fr/le-reseau/centre-fred-auto-sport-la-rochelle
frederic-coiffe.com	Bar de la Marine	restauration	Bordeaux	33	1	https://www.frederic-coiffe.com/
fredericdutertre.fr	Frédéric Dutertre	beaute_bienetre	Paris	75	1	https://www.fredericdutertre.fr
freepersephone.com	Free Persephone	beaute_bienetre	Paris	75	1	https://freepersephone.com
freeresto.com	Le Siècle Royal	restauration	Nice	6	1	https://freeresto.com/lesiecleroyal
french-burger.com	FrenchBurger	restauration	Marseille	13	1	https://www.french-burger.com/
french-house.com	french.house	restauration	Bordeaux	33	1	https://french-house.com
frenchkiss.fr	French Kiss Restaurant Bordeaux	restauration	Bordeaux	33	2	https://www.frenchkiss.fr/nos-adresses/bordeaux
frequencebeautecoiffure.fr	Fréquence Beauté	beaute_bienetre	Paris	75	1	https://www.frequencebeautecoiffure.fr/salon-versailles-rive-gauche.html
freresz.com	Frères Z	restauration	Bordeaux	33	1	https://www.freresz.com/
fresh-cube.fr	Fresh & Cube	restauration	Paris	75	1	https://www.fresh-cube.fr
fresha.com	Frange Radicale	beaute_bienetre	Paris	75	1	https://www.fresha.com/lvp/frange-radicale-rue-carducci-paris-Bo41Pk
freshandcocoon.fr	Fresh & Cocoon	beaute_bienetre	Lyon	69	1	https://freshandcocoon.fr/
freshburritos.fr	Fresh Buritos	restauration	Paris	75	1	https://freshburritos.fr/
freshcooking.fr	Fresh Cooking	restauration	Toulouse	31	1	https://freshcooking.fr/
freshcut-barbershop.com	Freshcut	beaute_bienetre	Nantes	44	1	https://www.freshcut-barbershop.com
freshnanburger.com	Fresh Nan & Burger	restauration	Toulouse	31	1	https://freshnanburger.com/
freshouse.fr	Fresh House	restauration	Toulouse	31	1	http://freshouse.fr/
fresnes94.fr	Atelier vélo d'autoréparation	services_proximite	Paris	75	1	https://www.fresnes94.fr/association/fresnescyclette/
friedchicken.fr	Fried Chicken	restauration	Paris	75	1	https://friedchicken.fr
friendsauberge.com	Friendly Auberge	restauration	Toulouse	31	1	http://friendsauberge.com/friendlyauberge2.html
friendsburger.fr	O'Massena Food	restauration	Lille	59	1	https://www.friendsburger.fr
frieteriewernerandco.com	Friterie Werner & Co	restauration	Marseille	13	1	http://www.frieteriewernerandco.com
frigout.com	Frigout Poncelet	artisanat_btp	Reims	51	1	https://frigout.com/
friterie-meunier.fr	Friterie Meunier	restauration	Lille	59	1	https://friterie-meunier.fr
friteriedelamairie.eatbu.com	Friterie de la Mairie	restauration	Lille	59	1	https://friteriedelamairie.eatbu.com/
frithouse.fr	Frit'House	restauration	Lille	59	1	http://www.frithouse.fr/
frittza.fr	frittza	restauration	Paris	75	1	https://frittza.fr/
frmaps.xyz	You are beautiful	beaute_bienetre	Paris	75	1	https://frmaps.xyz/business/you-are-beautiful-institut-de-beaut-paris-16-v-r67kDU
froidclimsystem.com	Froid Climatisation System	artisanat_btp	Bordeaux	33	1	https://www.froidclimsystem.com
frsensations.com	FR Sensations	automobile	Lyon	69	1	https://www.frsensations.com/
ftvelo.blogspot.com	Les vélos du Club Mob	services_proximite	Lille	59	1	https://ftvelo.blogspot.com/
fullbeautyspa.com	Full beauty Spa	beaute_bienetre	Paris	75	1	https://www.fullbeautyspa.com/
funsushinice.fr	Fun Sushi	restauration	Nice	6	1	https://www.funsushinice.fr/
furahaa.com	Furahaa	restauration	Paris	75	1	https://www.furahaa.com/
fusionbar.fr	The Fusion bar	restauration	Toulouse	31	1	https://fusionbar.fr
futurauto31.business.site	Auto Confort	automobile	Toulouse	31	1	https://futurauto31.business.site
g-ladalle.com	G La Dalle	restauration	Paris	75	1	https://g-ladalle.com
gageservices.fr	Gage Services	artisanat_btp	Paris	75	1	https://gageservices.fr
gaia-toulouse.com	Gaïa	restauration	Toulouse	31	1	https://gaia-toulouse.com/
galerie-viverdre.fr	AJ Coiffure	beaute_bienetre	Nantes	44	1	https://www.galerie-viverdre.fr/nos-boutiques/boutiques/entry-5-aj-coiffure.html
galet-plage.com	Le Galet	restauration	Nice	6	1	https://www.galet-plage.com
galice06.org	Atelier	services_proximite	Nice	6	1	https://galice06.org/
galinettanice.fr	Galinetta	restauration	Nice	6	1	https://galinettanice.fr/
galinette-rotisserie.fr	La Galinette	restauration	Toulouse	31	1	https://www.galinette-rotisserie.fr
galli-menuiserie.fr	Galli Menuiserie	artisanat_btp	Le Havre	76	1	https://www.galli-menuiserie.fr/
gallika.fr	Gallika	restauration	Paris	75	1	https://www.gallika.fr
galsene-beaute.com	Galsene Beauté	beaute_bienetre	Paris	75	1	https://galsene-beaute.com
gangnam-falafel.site.bykomdab.com	Gangnam falafel	restauration	Paris	75	1	https://gangnam-falafel.site.bykomdab.com/fr/
garage-alain-verne.fr	Alain Verne	automobile	Lyon	69	1	https://www.garage-alain-verne.fr/
garage-alexauto.com	Garage Alex Auto	automobile	Toulouse	31	1	https://www.garage-alexauto.com/
garage-anthony-87.webself.net	Garage Anthony	automobile	Strasbourg	67	1	https://garage-anthony-87.webself.net/
garage-arneo.com	Garage Arneo	automobile	Lyon	69	1	https://garage-arneo.com
garage-auto-martinez.fr	Renault	automobile	Montpellier	34	1	https://www.garage-auto-martinez.fr
garage-avenue.fr	Citroën	automobile	Rouen	76	1	https://www.garage-avenue.fr/
garage-boileau-villeurbanne.fr	Garage Caffon - Boileau	automobile	Lyon	69	1	https://www.garage-boileau-villeurbanne.fr/
garage-calderoni.com	Garage Calderoni	automobile	Lyon	69	1	http://www.garage-calderoni.com/
garage-carrosserie-betton-beaudouin.com	Garage Beaudouin - Peugeot	automobile	Rennes	35	2	https://www.garage-carrosserie-betton-beaudouin.com/
garage-colline-thurins.fr	Garage de la Colline (Citroën)	automobile	Lyon	69	1	https://www.garage-colline-thurins.fr/
garage-cousseau-31.com	Garage Cousseau	automobile	Toulouse	31	1	http://www.garage-cousseau-31.com/
garage-datez.fr	Garage Datez	automobile	Nancy	54	1	http://garage-datez.fr/
garage-delecrin.fr	Garage Delécrin - Agent Renault & Dacia	automobile	Nantes	44	1	https://www.garage-delecrin.fr/
garage-des-4-mares.com	Garage des 4 mares	automobile	Rouen	76	1	https://www.garage-des-4-mares.com/
garage-diagauto-angers.fr	Garage Diagauto	automobile	Angers	49	1	https://www.garage-diagauto-angers.fr
garage-du-4eme-lyon.fr	Garage du 4e - Agent Renault et Dacia	automobile	Lyon	69	1	https://www.garage-du-4eme-lyon.fr/
garage-du-gros-chene-isneauville.fr	Garage du Gros Chêne	automobile	Rouen	76	1	https://www.garage-du-gros-chene-isneauville.fr/
garage-equinoxe.com	Equinoxe 34 (Fiat)	automobile	Montpellier	34	1	https://www.garage-equinoxe.com
garage-foltran.com	Garage Foltran	automobile	Toulouse	31	1	https://www.garage-foltran.com/
garage-frouard-automobiles.fr	Garage Frouard Automobile	automobile	Nancy	54	1	https://www.garage-frouard-automobiles.fr/
garage-gautier.fr	Garage Florigny	automobile	Nantes	44	1	https://www.garage-gautier.fr/
garage-guiardel-reims.com	Garage Guiardel	automobile	Reims	51	1	http://www.garage-guiardel-reims.com/
garage-heim-strasbourg.fr	Garage Heim	automobile	Strasbourg	67	1	https://www.garage-heim-strasbourg.fr/
garage-jeanmaire-agent-renault.business.site	Renault Agence Jeanmaire	automobile	Nancy	54	1	https://garage-jeanmaire-agent-renault.business.site/
garage-koubi.fr	Garage Koubi	automobile	Nimes	30	1	https://www.garage-koubi.fr/
garage-la-farandole.business.site	Garage La Farandole	automobile	Toulon	83	1	https://garage-la-farandole.business.site/
garage-laban-rouen.fr	Garage Laban	automobile	Rouen	76	1	https://www.garage-laban-rouen.fr/
garage-lameziere.fr	Montgerval Auto Services	automobile	Rennes	35	1	https://www.garage-lameziere.fr/
garage-les-moulinets.com	Garage Les Moulinets	automobile	Nantes	44	1	http://www.garage-les-moulinets.com/
garage-massot-aussonne.fr	Garage Massot	automobile	Toulouse	31	1	https://www.garage-massot-aussonne.fr
garage-mondon.fr	Motrio - Garage Mondon	automobile	Saint-Etienne	42	1	https://www.garage-mondon.fr/
garage-mosebach-dorson.fr	AD Garage Expert Modebach Dorson	automobile	Saint-Etienne	42	1	https://www.garage-mosebach-dorson.fr/
garage-opel-rennes.fr	Garage Rochée Samuel	automobile	Rennes	35	1	https://www.garage-opel-rennes.fr/
garage-perino-villeurbanne.fr	Garage Perino Serge	automobile	Lyon	69	1	https://www.garage-perino-villeurbanne.fr
garage-petetin.com	Garage Petetin	automobile	Besancon	25	1	https://www.garage-petetin.com
garage-peugeot-boncoin.fr	Garage Bon Coin	automobile	Nancy	54	1	https://www.garage-peugeot-boncoin.fr
garage-pneurout-lyon.fr	Pneurout'	automobile	Lyon	69	1	https://www.garage-pneurout-lyon.fr/
garage-renault-strasbourg.com	Renault	automobile	Strasbourg	67	1	http://www.garage-renault-strasbourg.com/
garage-riberprey-vezinlecoquet.fr	Garage Riberprey	automobile	Rennes	35	1	https://www.garage-riberprey-vezinlecoquet.fr/
garage-rouen.com	Garage de l'Yser	automobile	Rouen	76	1	http://www.garage-rouen.com
garage-sage-lyon.renault.fr	Renault Garage Sage	automobile	Lyon	69	1	http://garage-sage-lyon.renault.fr
garage-saule-gaillard.fr	Renault	automobile	Nancy	54	1	https://www.garage-saule-gaillard.fr/
garage-saules.fr	Garage des Saules	automobile	Toulouse	31	1	https://www.garage-saules.fr/
garage-sb.fr	Garage Sainte-Barbe	automobile	Nancy	54	1	http://www.garage-sb.fr/
garage-stroh.com	Garage Stroh	automobile	Strasbourg	67	1	https://garage-stroh.com
garage-talensac-nantes.fr	Garage Talensac	automobile	Nantes	44	1	https://www.garage-talensac-nantes.fr
garage-topservice.fr	Top Service	automobile	Montpellier	34	1	https://www.garage-topservice.fr/
garage-touzet.fr	Garage Express Touzet	automobile	Brest	29	1	https://www.garage-touzet.fr/
garage.garage-premier.fr	Garage Premier Autostar 83	automobile	Toulon	83	1	https://garage.garage-premier.fr/fr/france-FR/CUST-089565/autostar-83/details
garage.top-garage.fr	Top Garage	automobile	Nantes	44	11	https://garage.top-garage.fr/fr/france-FR/CUST-077629/sarl-alsace-auto/details
garage51.fr	Garage 51	automobile	Reims	51	1	https://garage51.fr/
garageabs.fr	Auto Betton Services	automobile	Rennes	35	1	https://www.garageabs.fr/
garageadn.com	Garage ADN	automobile	Reims	51	1	https://www.garageadn.com/
garagealainmate.fr	Garage Alainmate	automobile	Rennes	35	1	https://www.garagealainmate.fr
garagebm.fr	Siligom - Centre auto Belle Marion	automobile	Bayonne	64	1	http://www.garagebm.fr/
garagecazauxfrancis.site-solocal.com	Garage Cazaux	automobile	Bayonne	64	1	https://garagecazauxfrancis.site-solocal.com/
garagechauffour.com	Peugeot - Garage Chauffour	automobile	La Rochelle	17	1	https://garagechauffour.com
garagecousseau.com	Garage Cousseau - Ad Expert	automobile	Angers	49	1	https://www.garagecousseau.com/
garagedelametairie.multimarque.fr	Garage de la Métairie	automobile	Rennes	35	1	https://garagedelametairie.multimarque.fr/
garagedesanglais.fr	Garage Des Anglais - Bosch Car Service	automobile	Nantes	44	1	https://garagedesanglais.fr/
garagedesexpos.fr	Garage des Expos	automobile	Nancy	54	1	https://www.garagedesexpos.fr/
garagedeslauzieres-fordteyran.com	Garage des Lauzières - Ford	automobile	Montpellier	34	1	https://www.garagedeslauzieres-fordteyran.com
garagedesmontsdor.fr	Garage des Monts d'Or	automobile	Lyon	69	1	https://www.garagedesmontsdor.fr/
garageduballon.fr	Garage du Ballon	automobile	Strasbourg	67	1	https://www.garageduballon.fr/
garagegliedener.fr	Renault - Garage Gliedener	automobile	Metz	57	1	https://www.garagegliedener.fr/
garagegmv.fr	Garage GMV	automobile	Strasbourg	67	1	https://garagegmv.fr/
garagejamin-peugeot-reims.fr	Garage Jamin Peugeot	automobile	Reims	51	1	http://garagejamin-Peugeot-reims.fr
garagejoannard.multimarque.fr	Garage Joannard	automobile	Lyon	69	1	https://garagejoannard.multimarque.fr
garagejvaz.com	Garage J. Vaz	automobile	Lyon	69	1	http://www.garagejvaz.com/
garagelumiere-lyon.fr	Garage Lumière	automobile	Lyon	69	1	https://www.garagelumiere-lyon.fr/
garagemehler.fr	Garage Mehler	automobile	Metz	57	1	http://garagemehler.fr/
garagenideck.fr	Renault Garage du Nideck	automobile	Strasbourg	67	1	https://www.garagenideck.fr/
garagepiegay.com	Garage Renault Thierry Piegay	automobile	Lyon	69	1	https://www.garagepiegay.com/
garagepouilleyautomobiles.fr	Garage Pouilley automobiles	automobile	Besancon	25	1	https://www.garagepouilleyautomobiles.fr/
garageropa.com	Citroën	automobile	Montpellier	34	1	https://www.garageropa.com
garages.boschcarservice.fr	Metz Electric Auto	automobile	Metz	57	1	https://garages.boschcarservice.fr/222726-metz-electric-auto-metz
garages.motorcraft.fr	Garage Automobiles Justeau	automobile	Nantes	44	1	https://garages.motorcraft.fr/pays-de-la-loire/loire-atlantique/la-chapelle-sur-erdre/garage-automobiles-justeau-138
garagesaintandre.fr	Garage Saint-André	automobile	Rouen	76	1	https://garagesaintandre.fr/
garagesaintetienne.com	Garage Saint Etienne	automobile	Bayonne	64	1	http://www.garagesaintetienne.com
garagesaintpierre.com	Garage - Djef Autos	automobile	Lyon	69	1	http://www.garagesaintpierre.com/
garanka.fr	Garanka	artisanat_btp	Rouen	76	1	https://www.garanka.fr
garden-coiffure.fr	Garden Coiffure	beaute_bienetre	Paris	75	1	https://garden-coiffure.fr/
garden-grill.fr	Le Garden Grill	restauration	Nice	6	1	https://garden-grill.fr/
gardenparkconcept.com	Garden Park Concept	artisanat_btp	Lyon	69	3	https://gardenparkconcept.com/agences-amenagements-exterieurs/garden-park-concept-lyon-est/
gares-conception.com	Gares Conception	artisanat_btp	Paris	75	1	https://www.gares-conception.com/
garonne.restaurantfujin.com	Fujin	restauration	Toulouse	31	1	https://garonne.restaurantfujin.com/fr/
gautiermoulron.fr	Société Nouvelle Gautier Moulron	automobile	Nancy	54	1	https://www.gautiermoulron.fr/
gauvry.com	Gauvry	artisanat_btp	Rennes	35	1	https://gauvry.com/
gaya.bike	Gaya	services_proximite	Paris	75	1	https://gaya.bike/atelier-boutique
gaz-technic-expansion-rouen.fr	Gaz Technic Expansion	artisanat_btp	Rouen	76	1	https://www.gaz-technic-expansion-rouen.fr/
gb-boisdesign.com	Bois Design Construction	artisanat_btp	Toulouse	31	1	https://www.gb-boisdesign.com/
gboost.bike	Gboost	services_proximite	Grenoble	38	2	https://www.gboost.bike/fr
gc-coiffure.fr	GC Coiffure	beaute_bienetre	Lyon	69	1	https://www.gc-coiffure.fr/
gcgs-chauffagiste-essonne.fr	Goncalves Chauffage Gaz Services	artisanat_btp	Paris	75	1	https://www.gcgs-chauffagiste-essonne.fr/
gdm35.fr	Gaetan Delahaye Menuiseries	artisanat_btp	Rennes	35	1	http://www.gdm35.fr/
gdmassage.com	GD Massage	beaute_bienetre	Paris	75	1	http://www.gdmassage.com
gege-barber.com	Gégé barbershop	beaute_bienetre	Paris	75	1	https://gege-barber.com
geka-menuiserie.com	Menuiserie Gékâ	artisanat_btp	Lyon	69	1	https://www.geka-menuiserie.com/
gema-bat.fr	Gema Bat	artisanat_btp	Lyon	69	1	https://www.gema-bat.fr
gemelli-mobilite.com	Ma Pièce Auto By Gemelli | Api Avignon	automobile	Avignon	84	2	https://www.gemelli-mobilite.com/ma-piece-auto-api/?ref_brand=gemelli-occasion
gemuseparis.fr	Gemüse – Berliner Kebap	restauration	Paris	75	1	http://gemuseparis.fr
genamultiservices.fr	Gena Multiservices Habitat	artisanat_btp	Lyon	69	1	https://www.genamultiservices.fr
generaledesservices.com	Générale Des Services Lille Nord (Mouvaux)	services_proximite	Lille	59	1	https://www.generaledesservices.com/agences/mouvaux/
generaltomkha.com	General Tom Kha	restauration	Lille	59	1	https://www.generaltomkha.com/
geniuslab.fr	Genius Lab	services_proximite	Paris	75	1	https://www.geniuslab.fr
gentlemen1919.com	Gentlemen 1919	beaute_bienetre	Paris	75	1	https://www.gentlemen1919.com
gents-coiffure.fr	Gents Barber	beaute_bienetre	Paris	75	1	https://gents-coiffure.fr/
geo-design.fr	Geo Design	automobile	Nancy	54	1	http://www.geo-design.fr/
georgefaddoul.fr	Top Coat	beaute_bienetre	Paris	75	1	https://www.georgefaddoul.fr
georges-roll-sea-food.business.site	George's	restauration	Nice	6	1	https://georges-roll-sea-food.business.site/
gepetto-velos.com	Gepetto & Vélos	services_proximite	Paris	75	1	http://www.gepetto-velos.com/
gerarh.fr	Gerarh	restauration	Marseille	13	1	https://gerarh.fr/
gestetacoiffure.fr	Chez Louise - Geste ta Coiffure	beaute_bienetre	Paris	75	1	http://www.gestetacoiffure.fr
gestion-des-nuisibles.fr	EDIVERT	artisanat_btp	Reims	51	1	https://www.gestion-des-nuisibles.fr/
gestionsalonparis.wixsite.com	Zen Floral	beaute_bienetre	Paris	75	1	https://gestionsalonparis.wixsite.com/zen-floral
gh-auto.net	GH Auto	automobile	Rouen	76	1	http://gh-auto.net
giant-antony.fr	Giant Antony	services_proximite	Paris	75	1	https://www.giant-antony.fr/
giant-grenoble-saint-egreve.fr	Giant Grenoble Saint-Égrève	services_proximite	Grenoble	38	1	https://www.giant-grenoble-saint-egreve.fr/fr
giant-lille-capinghem.fr	Giant	services_proximite	Lille	59	1	https://www.giant-lille-capinghem.fr/fr
giant-lyon-centre.fr	Giant	services_proximite	Lyon	69	2	https://www.giant-lyon-centre.fr
giant-montpellier-jacou.fr	GIANT Montpellier Jacou	services_proximite	Montpellier	34	1	https://www.giant-montpellier-jacou.fr/
giant-montpellier-perols.fr	Giant	services_proximite	Montpellier	34	1	https://www.giant-montpellier-perols.fr
giant-nice-riviera.fr	Giant Nice-Riviera	services_proximite	Nice	6	2	https://www.giant-nice-riviera.fr/
giant-notredame.fr	Giant	services_proximite	Paris	75	1	https://www.giant-notredame.fr/
giant-paris12.com	Giant	services_proximite	Paris	75	1	https://www.giant-paris12.com/
giant-rennes-montgermont.fr	Giant	services_proximite	Rennes	35	1	https://www.giant-rennes-montgermont.fr/fr
giant-saintmaur.com	Giant	services_proximite	Paris	75	1	http://giant-saintmaur.com/
gigigourmet.fr	Gigi Gourmet Panineria	restauration	Paris	75	1	https://gigigourmet.fr/
gigitavola.com	Gigi Tavola	restauration	Nice	6	1	https://www.gigitavola.com/
gilberteetmarguerite.com	Gilberte et Marguerite	restauration	Marseille	13	1	https://www.gilberteetmarguerite.com/
gilleront.com	Gilleront	services_proximite	Lille	59	1	https://gilleront.com/fr/
gilsol.com	Gilsol	artisanat_btp	Paris	75	1	https://www.gilsol.com
gilunacoffee.com	Giluna Coffeehouse	restauration	Lyon	69	1	https://www.gilunacoffee.com/
gina-bordeaux.fr	Gina	restauration	Bordeaux	33	1	https://www.gina-bordeaux.fr/
ginagino.fr	Gina Gino Eleganzza	beaute_bienetre	Paris	75	1	https://www.ginagino.fr/nos-salons/eleganzza/soisy-sous-montmorency
gindalle.fr	Gin Dalle	restauration	Toulouse	31	1	http://www.gindalle.fr
ginga-stadium.com	La Table Du Stadium	restauration	Bordeaux	33	1	https://www.ginga-stadium.com/
ginkhao.fr	Gin Khao	restauration	Marseille	13	1	https://ginkhao.fr/
ginkorestaurant.fr	Ginko	restauration	Lille	59	1	https://www.ginkorestaurant.fr/
ginro.fr	Gin'Ro	restauration	Paris	75	1	http://www.ginro.fr
ginza1.webnode.fr	Ginza	restauration	Bordeaux	33	1	https://ginza1.webnode.fr/
ginzaramen.fr	Ginza	restauration	Lille	59	1	https://www.ginzaramen.fr/
gioianice.fr	Gioia	restauration	Nice	6	1	https://www.gioianice.fr/
giraud-serin.fr	Giraud Serin	artisanat_btp	Toulouse	31	1	https://www.giraud-serin.fr/
giroscop.com	Giroscop	services_proximite	Toulouse	31	1	https://giroscop.com/
giroud-carrelage.com	Giroud Carrelage	artisanat_btp	Lyon	69	1	https://www.giroud-carrelage.com/
gitanechricycles.site-solocal.com	Chricycles	services_proximite	Paris	75	1	https://gitanechricycles.site-solocal.com/
glabatterie.fr	G. la batterie	automobile	Rouen	76	1	https://glabatterie.fr/
gladalle92390.com	G La Dalle	restauration	Paris	75	1	https://www.gladalle92390.com/
gladalle95.business.site	G la Dalle	restauration	Paris	75	1	https://gladalle95.business.site/
glamourcoiffure.fr	Glamour	beaute_bienetre	Paris	75	1	https://glamourcoiffure.fr/
glass-express.fr	Glass Express	automobile	Rouen	76	1	https://glass-express.fr/
glastint.com	Glastint	automobile	Brest	29	1	https://www.glastint.com/centres/brest/
globecroqueur-burger.com	Globe croqueur	restauration	Paris	75	1	https://www.globecroqueur-burger.com
glonailcare.com	Glo Nail Care	beaute_bienetre	Paris	75	1	https://www.glonailcare.com/
glonailcare.fr	GLO Nail Care	beaute_bienetre	Paris	75	1	glonailcare.fr
gloss-up.com	Gloss-up	beaute_bienetre	Paris	75	1	https://www.gloss-up.com/
go-sport.com	Bike+ République	services_proximite	Paris	75	1	https://www.go-sport.com/stores?lang=default#/stores/1024-CYCLE
gobillot-rhone.autodistribution.fr	Autodistribution Rhône	automobile	Lyon	69	1	https://gobillot-rhone.autodistribution.fr
godefroy-fils.fr	Godefroy Fils	artisanat_btp	Rouen	76	1	https://www.godefroy-fils.fr/
godin35.fr	Godin	artisanat_btp	Rennes	35	1	https://www.godin35.fr/
goldeagles.fr	Gold Eagles	restauration	Marseille	13	1	https://www.goldeagles.fr/
golf-lille-metropole.fr	Restaurant du Golf	restauration	Lille	59	1	https://golf-lille-metropole.fr/
gomuburger.com	Gomu	restauration	Lille	59	1	https://gomuburger.com/
gontran-cherrier.com	Gontran Cherrier	restauration	Paris	75	1	https://www.gontran-cherrier.com/fr/nos-boutiques.html
gonzalezconstruction.fr	Gonzalez Construction	artisanat_btp	Perpignan	66	1	http://www.gonzalezconstruction.fr/
good-times.fr	Good Time	restauration	Paris	75	1	http://www.good-times.fr/
goodlife.fun	Le Mother	restauration	Lille	59	1	https://www.goodlife.fun/restaurants/mother/
goodprotein.fr	Good Protein	restauration	Toulouse	31	1	https://goodprotein.fr
goodrider.fr	Goodrider	services_proximite	Paris	75	1	https://goodrider.fr/
goodtasty.fr	Good and Tasty	restauration	Paris	75	1	http://www.goodtasty.fr/
goodtruck.fr	La Fourgonnette	restauration	Paris	75	1	https://www.goodtruck.fr/truckdetails/foodtruck-la-fourgonnette
gordonramsayrestaurants.com	Le Pressoir d'Argent - Gordon Ramsay	restauration	Bordeaux	33	1	https://www.gordonramsayrestaurants.com/le-pressoir-dargent
gosushi.fr	Tastea Canteen	restauration	Montpellier	34	1	https://gosushi.fr/
goudrestaurant.fr	Goud	restauration	Paris	75	1	https://www.goudrestaurant.fr/
goukazmwen.com	Gou Kaz Mwen	restauration	Bordeaux	33	1	https://goukazmwen.com/
gourmandisescampagnac.be	Les Gourmandises de Campagnac	restauration	Lille	59	1	https://www.gourmandisescampagnac.be/
gouttedecafe.fr	Goutte de café	restauration	Bordeaux	33	1	http://gouttedecafe.fr/
gouttierealu-guerido.com	Gouttières Alu Guérido	artisanat_btp	Perpignan	66	1	https://www.gouttierealu-guerido.com/
goyarestaurant.com	Goya	restauration	Montpellier	34	1	https://goyarestaurant.com/
goz-nice.fr	Göz	restauration	Nice	6	1	https://goz-nice.fr/
gpiservice.fr	Gsm Paris Informatique	services_proximite	Paris	75	1	https://gpiservice.fr/
gps76.com	Guiller plomberie services	artisanat_btp	Le Havre	76	1	https://www.gps76.com/
grabels-pizzas.com	Grabels Pizza	restauration	Montpellier	34	1	https://www.grabels-pizzas.com/
grabuge-toulouse.com	Grabuge	restauration	Toulouse	31	1	https://www.grabuge-toulouse.com/
graillezone.hubside.fr	GrailleZone	restauration	Bordeaux	33	1	https://graillezone.hubside.fr/
graillezone.jimdosite.com	Graille Zone	restauration	Bordeaux	33	1	https://graillezone.jimdosite.com/
grainedepastel.com	Graine de Pastel	beaute_bienetre	Toulouse	31	1	https://www.grainedepastel.com/
grandbardesgoudes.fr	L'Esplaï du Grand Bar des Goudes	restauration	Marseille	13	1	http://www.grandbardesgoudes.fr
grandcafedesfleurs.com	Grand Café des Fleurs	restauration	Nice	6	1	https://www.grandcafedesfleurs.com/
grandlargecassis.com	Le Grand Large	restauration	Marseille	13	1	https://www.grandlargecassis.com
grandsudhabitat.fr	Grand Sud Habitat	artisanat_btp	Marseille	13	1	https://www.grandsudhabitat.fr/
graziella-restaurant-italien-monaco.com	Graziella	restauration	Nice	6	1	https://www.graziella-restaurant-italien-monaco.com/
gre-enr.fr	www.gre-enr.fr/	artisanat_btp	Orleans	45	1	https://www.gre-enr.fr/
greekia.fr	Greekia	restauration	Lyon	69	1	https://www.greekia.fr
greekia7.webnode.fr	Greekia	restauration	Lyon	69	1	https://greekia7.webnode.fr
green-meridia.eatbu.com	Green Meridia	restauration	Nice	6	1	https://green-meridia.eatbu.com/
green-pressing-lecres.fr	Green Pressing	services_proximite	Montpellier	34	1	https://www.green-pressing-lecres.fr
green-turtle.com	Chez Green Turtle	restauration	Nice	6	1	http://www.green-turtle.com/
greenadine.fr	Greenadine	restauration	Bordeaux	33	1	https://www.greenadine.fr/
greenbearcoffee.com	Green Bear Coffee	restauration	Marseille	13	1	https://www.greenbearcoffee.com/
greenebikecountry.com	Green E-Bike Country	services_proximite	Grenoble	38	1	http://www.greenebikecountry.com
greenfarmers-vegan.com	Green Farmer's	restauration	Paris	75	1	https://www.greenfarmers-vegan.com
greenlab-mtp.fr	Green Lab - Université	restauration	Montpellier	34	1	https://www.greenlab-mtp.fr/home
greenlove.fr	Green Love	restauration	Marseille	13	1	http://www.greenlove.fr/
greenroute.fr	Green Route	services_proximite	Paris	75	1	https://www.greenroute.fr
greenshack.fr	Greenschack	restauration	Bordeaux	33	1	https://greenshack.fr/
greensurmesure.fr	Green sur mesure	restauration	Lyon	69	1	https://www.greensurmesure.fr/
grenadinehair.com	Grenadine	beaute_bienetre	Lyon	69	1	https://www.grenadinehair.com
grenoble-meylan.cyclable.com	Cyclable - Meylan	services_proximite	Grenoble	38	1	https://grenoble-meylan.cyclable.com/
grill-burger-restaurant.business.site	Grill Burger	restauration	Paris	75	1	https://grill-burger-restaurant.business.site/
grill-house.fr	Grill House	restauration	Montpellier	34	1	https://www.grill-house.fr/
grillantalya.eatbu.com	Grill Antalya	restauration	Paris	75	1	https://grillantalya.eatbu.com
grilleprotec.fr	Grille Protec	artisanat_btp	Rouen	76	1	https://www.grilleprotec.fr/
grillfood-lyon.fr	Grill & Food	restauration	Lyon	69	1	https://www.grillfood-lyon.fr/
grillhouse67.fr	Grill House	restauration	Strasbourg	67	1	https://grillhouse67.fr/
grillhousenice.com	Grill house	restauration	Nice	6	1	https://grillhousenice.com/
grimpeurs.cc	Grimpeurs Cyclist House	services_proximite	Lyon	69	1	https://www.grimpeurs.cc/
grizzly-barbershop.com	The Grizzly Barber Shop	beaute_bienetre	Paris	75	1	https://grizzly-barbershop.com/salon-bonne-nouvelle/
gromy.fr	Carrosserie Gromy	automobile	Rennes	35	1	https://gromy.fr/
groupe-aie.com	Groupe A.I.E.	artisanat_btp	Paris	75	1	https://www.groupe-aie.com
groupe-beb.com	B.E.B. Groupe Électrogène	services_proximite	Rennes	35	1	https://groupe-beb.com/
groupe-braun.fr	Braun	artisanat_btp	Orleans	45	1	https://www.groupe-braun.fr/
groupe-lespa.com	Le Spa	beaute_bienetre	Paris	75	1	https://groupe-lespa.com/le-plessis-robinson/
groupe-millet.com	Acibois	artisanat_btp	Caen	14	1	https://groupe-millet.com/menuiserie-sur-mesure-acibois/
groupe-nissachic.fr	La Vela	restauration	Nice	6	1	https://groupe-nissachic.fr/la-vela
groupe-salmon.fr	Salmon	artisanat_btp	Nancy	54	1	https://www.groupe-salmon.fr/agence/salmon-nancy/
groupedubreil.com	Garage Bouscatel - Groupe Dubreil	automobile	Toulouse	31	1	https://www.groupedubreil.com/
groupegrenard.fr	Est Auto	automobile	Besancon	25	1	https://www.groupegrenard.fr/concession/123/est-auto-besancon/
groupelecarre.com	Groupe Le Carré	artisanat_btp	Nancy	54	1	https://www.groupelecarre.com/groupe-le-carre/
groupemobileo.fr	Vulco	automobile	Strasbourg	67	3	https://groupemobileo.fr/strasbourg/
groupesaintchristophe.fr	Ford	automobile	Reims	51	1	https://www.groupesaintchristophe.fr/EmplacementConcession/1189
groupetpa.com	TPA	automobile	Reims	51	1	http://www.groupetpa.com/
groupeverlaine.com	Groupe Verlaine	artisanat_btp	Rouen	76	1	https://groupeverlaine.com/agences/agence-de-rouen
gruberautomobile.fr	Gruber Automobile	automobile	Strasbourg	67	2	https://gruberautomobile.fr
gruppomimo.com	Gruppomino	restauration	Toulouse	31	1	https://www.gruppomimo.com/nos-restaurants/gruppomimo-toulouse
gtautos.fr	GT Autos	automobile	Nancy	54	1	https://www.gtautos.fr/
gtelegancecar.de	Gt Elegance Car	automobile	Rennes	35	1	http://gtelegancecar.de
gtm-halle.fr	GTM-Hallé	artisanat_btp	Nancy	54	1	https://www.gtm-halle.fr/
guapo-toulouse.fr	Guapo	restauration	Toulouse	31	1	https://guapo-toulouse.fr/
guayoyo-toulouse.com	Guayoyo	restauration	Toulouse	31	1	https://www.guayoyo-toulouse.com/
gueuleton.fr	Gueuleton	restauration	Toulouse	31	1	https://www.gueuleton.fr/le-gueuleton-toulouse/
guibole-et-guidon.com	Guibole & Guidon	services_proximite	Lille	59	1	https://www.guibole-et-guidon.com/
guinga.fr	Guinga	restauration	Paris	75	1	https://guinga.fr
guittonsa.fr	Guitton Aluminium	artisanat_btp	Rennes	35	2	https://www.guittonsa.fr/
gumusberliner.fr	Gumüs	restauration	Lille	59	1	https://gumusberliner.fr/
guoguoji.fr	Guo Guo Ji	restauration	Toulouse	31	1	https://guoguoji.fr/fr
gurkebab.com	Gur Kebab	restauration	Lille	59	1	https://www.gurkebab.com/gur-kebab-lille-gare/
gus-and-gas.com	Gus & Gas	restauration	Lyon	69	1	https://gus-and-gas.com/
gustave-resto.fr	Gustave	restauration	Bordeaux	33	1	https://gustave-resto.fr/
gustaverideau.com	Gustave Rideau	artisanat_btp	Rennes	35	1	https://www.gustaverideau.com
gustavovegan.fr	Gustavo	restauration	Lyon	69	1	https://gustavovegan.fr/
gusto-pizza.net	Gusto Pizza	restauration	Toulouse	31	1	https://www.gusto-pizza.net/
gustonapoli.fr	Gusto Napoli	restauration	Toulouse	31	1	https://gustonapoli.fr/
guyandsons.fr	Guy & Sons	restauration	Lyon	69	1	https://www.guyandsons.fr/
guys-barbershop.fr	Guy's Barber-Shop	beaute_bienetre	Saint-Etienne	42	1	https://www.guys-barbershop.fr/
gyraya.fr	Gyraya	restauration	Bordeaux	33	1	https://www.gyraya.fr/
h2olav.fr	Laverie H2olav	services_proximite	Paris	75	1	https://www.h2olav.fr/
h4b.fr	Henri De Quatres Barbes	artisanat_btp	Paris	75	1	https://h4b.fr
habesha-lille.fr	Habesa Snack-Bar	restauration	Lille	59	1	http://habesha-lille.fr/
habesha-lille.zenchef.com	Habesha	restauration	Lille	59	1	https://habesha-lille.zenchef.com/
habitalia-menuiseries.artetfenetres.com	Art & Fenetres	artisanat_btp	Rennes	35	1	https://habitalia-menuiseries.artetfenetres.com/adresses-magasins/la-chapelle-des-fougeretz-35520.php
habitatconcept.fr	Habitat Concept Rennes	artisanat_btp	Rennes	35	2	https://www.habitatconcept.fr/
hair-box.fr	Hairbox	beaute_bienetre	Lyon	69	1	https://www.hair-box.fr/
hair-city.fr	Hair-City Vanves	beaute_bienetre	Paris	75	1	https://www.hair-city.fr/meilleur-coiffeur-vanves
hair-coiffure.ecoif.fr	Hair Coiffure	beaute_bienetre	Paris	75	1	https://hair-coiffure.ecoif.fr/
hair-salons.kerastase.com	Hansley Coiffure	beaute_bienetre	Paris	75	1	http://hair-salons.kerastase.com/57956-salon-hansley-coiffure
hair-top.fr	Hair Top	beaute_bienetre	Lyon	69	1	http://www.hair-top.fr/
hairandnail.fr	Hair & Nail	beaute_bienetre	Rouen	76	1	http://www.hairandnail.fr
hairconceptbymoe.com	Hair concept by Moé	beaute_bienetre	Rouen	76	1	https://www.hairconceptbymoe.com/
hairfeeling-94.fr	Hair Feeling	beaute_bienetre	Paris	75	1	https://hairfeeling-94.fr/
hairloungeputeaux.wordpress.com	Hair Lounge	beaute_bienetre	Paris	75	1	https://hairloungeputeaux.wordpress.com
hairpopstudio.com	Hair Pop Studio	beaute_bienetre	Paris	75	1	http://www.hairpopstudio.com/
hairspur.fr	Hair's Pur	beaute_bienetre	Paris	75	1	https://www.hairspur.fr/
hairstudiobyanissa.com	Hair Studio	beaute_bienetre	Paris	75	1	https://hairstudiobyanissa.com
hairstudiogreet.com	Greet	beaute_bienetre	Paris	75	1	https://www.hairstudiogreet.com/
hairstyle76.fr	Hair & Style	beaute_bienetre	Rouen	76	1	https://www.hairstyle76.fr/
hairwave.site-solocal.com	Salon Nicolas B.	beaute_bienetre	Nantes	44	1	https://hairwave.site-solocal.com/
hajveri.fr	Restaurant Hajveri	restauration	Lille	59	1	http://www.hajveri.fr/
halles-solanid.fr	Les Halles Solanid	restauration	Montpellier	34	1	https://www.halles-solanid.fr/
hallesdelacite.com	Les Halles de la Cité	restauration	Toulouse	31	1	http://www.hallesdelacite.com/
halluneed.com	Hall U Need	restauration	Lille	59	1	https://www.halluneed.com
halva-cuisine.fr	Halva	restauration	Bordeaux	33	1	https://halva-cuisine.fr
hamamet-food.com	Hamamet Tacos	restauration	Lyon	69	1	https://www.hamamet-food.com/
hamburgeria.fr	Hamburgeria	restauration	Toulouse	31	1	https://www.hamburgeria.fr/
hambuscade.fr	L'Hambuscade	restauration	Lille	59	1	http://www.hambuscade.fr
hamon.hms35.fr	Hamon	artisanat_btp	Rennes	35	1	http://www.hamon.hms35.fr
hanamilunch.com	Hanami Lunch - Onigirazu Ubé Matcha	restauration	Paris	75	1	https://hanamilunch.com/
hando-paris.fr	Hando	restauration	Paris	75	1	https://www.hando-paris.fr
hanssnackbar.fr	Hans	restauration	Bordeaux	33	2	https://hanssnackbar.fr/
haohaochi.fr	HAO HAO CHI Traiteur Asiatique	restauration	Lyon	69	1	https://haohaochi.fr/fr
haozai.fr	Haozaï	restauration	Toulouse	31	1	https://haozai.fr/
happy-feel-lyon.fr	Happy Feel	restauration	Lyon	69	1	https://www.happy-feel-lyon.fr
happybike.fr	Happy Bike	services_proximite	Grenoble	38	1	http://happybike.fr/
happydaysdiner.com	HD Diner	restauration	Lille	59	1	https://www.happydaysdiner.com/euralille
happyfox.fr	Happy Fox	restauration	Lille	59	1	http://www.happyfox.fr/
happypaput.com	Happy Paput Vélos	services_proximite	Paris	75	1	https://happypaput.com/
harmonie-94.fr	Harmonie & Bien-être	beaute_bienetre	Paris	75	1	https://harmonie-94.fr/
harmonie-biote.com	Harmonie bio'té	beaute_bienetre	Paris	75	1	https://www.harmonie-biote.com/
harmoniefenetres.fr	Harmonie Fenètres	artisanat_btp	Lyon	69	1	https://www.harmoniefenetres.fr/
harmony-institut.com	Institut Harmony	beaute_bienetre	Lyon	69	1	https://www.harmony-institut.com
haruharu.fr	Haru Haru	restauration	Bordeaux	33	1	https://haruharu.fr/
haton-nous.fr	Haton-nous	restauration	Paris	75	1	https://www.haton-nous.fr/
hausdesdoners.de	Haus des Döners	restauration	Strasbourg	67	1	https://hausdesdoners.de/kehl/
havre-echafaudage.fr	Altitude Echafaudages	artisanat_btp	Le Havre	76	1	https://havre-echafaudage.fr/
hayashisushi.fr	Hayashi Sushi	restauration	Paris	75	1	https://www.hayashisushi.fr/
haycut.com	HayCut	beaute_bienetre	Paris	75	1	https://www.haycut.com/
hbcuirs.fr	HB Cuirs	automobile	Rennes	35	1	https://www.hbcuirs.fr/
hbhs.fr	HBHS	artisanat_btp	Paris	75	1	https://www.hbhs.fr/
hburgeretpizza.fr	Burger & Pizza	restauration	Paris	75	1	https://www.hburgeretpizza.fr/
hcasamontana.fr	H Casa Montana	beaute_bienetre	Saint-Etienne	42	1	https://hcasamontana.fr/
hdautomobile.fr	HD automobile	automobile	Saint-Etienne	42	1	https://hdautomobile.fr/
heekoreanchef.com	Hee Korean Chef	restauration	Paris	75	1	https://www.heekoreanchef.com/fr/
heiko-poke.com	Heiko	restauration	Marseille	13	2	https://www.heiko-poke.com/plan-de-campagne/
helenacoiffure.fr	Helena Coiffure	beaute_bienetre	Paris	75	1	http://www.helenacoiffure.fr/
heliotel.com	Heliotel	restauration	Montpellier	34	1	http://www.heliotel.com
hello-brooklyn.com	Hello Brooklyn	restauration	Lyon	69	1	https://www.hello-brooklyn.com/
helloongles.fr	Hello Ongles	beaute_bienetre	Paris	75	1	https://www.helloongles.fr/
helloravioli.fr	Hello Ravioli	restauration	Toulouse	31	1	https://www.helloravioli.fr/
helloyouparis.com	Hello You	restauration	Paris	75	1	https://www.helloyouparis.com
herbalbullecupping.com	H.B.C	beaute_bienetre	Lyon	69	1	https://www.herbalbullecupping.com/
herbathera.fr	Herbathera	beaute_bienetre	Paris	75	1	https://herbathera.fr
herborisia.fr	Herborisia	beaute_bienetre	Paris	75	1	https://herborisia.fr/
herboristerie-epices.com	L'Herboristerie	beaute_bienetre	Rouen	76	1	http://www.herboristerie-epices.com
herboristerie.com	Herboristerie du Palais Royal	beaute_bienetre	Paris	75	1	https://www.herboristerie.com/
herboristeriedeparis.com	Herboristerie de Paris	beaute_bienetre	Paris	75	1	https://www.herboristeriedeparis.com
herboristeriepaysanne.fr	Herboristerie Paysanne	beaute_bienetre	Nantes	44	1	https://herboristeriepaysanne.fr
hermosa-pizza-lyon.com	Hermosa Pizza	restauration	Lyon	69	1	https://www.hermosa-pizza-lyon.com/
heroescoffee.fr	Heroes Coffee	restauration	Toulouse	31	1	http://www.heroescoffee.fr/
herve-thermique.com	Hervé thermique	artisanat_btp	Rouen	76	1	https://www.herve-thermique.com/
heureuxhasard.com	Heureux Hasard	restauration	Lille	59	1	https://www.heureuxhasard.com
hevi-durum.fr	Hevi Dürüm	restauration	Paris	75	1	https://www.hevi-durum.fr
hevi-restaurant.fr	Restaurant Hevi	restauration	Paris	75	1	https://hevi-restaurant.fr/
heytens.fr	Heytens	artisanat_btp	Paris	75	1	https://heytens.fr
hfc-restaurant.com	HFC	restauration	Bordeaux	33	2	https://www.hfc-restaurant.com/
hg-expertbeauteminceur.fr	HG Expert Beauté Minceur	beaute_bienetre	Saint-Etienne	42	1	https://www.hg-expertbeauteminceur.fr/
hiamesthetique.com	Hiam Esthétique	beaute_bienetre	Paris	75	1	https://www.hiamesthetique.com/
hippopotamus.fr	Hippopotamus	restauration	Lille	59	3	https://www.hippopotamus.fr/Carte/lille
hiptown.com	Marta	restauration	Lille	59	1	https://hiptown.com/nos-restaurants/marta-restaurant/
hitechinfinity.com	Hi Tech Infinity	services_proximite	Paris	75	1	https://hitechinfinity.com
hkthai.fr	HK Thaï	restauration	Paris	75	1	https://hkthai.fr
hlcoiffureparis16.com	H&L Coiffure	beaute_bienetre	Paris	75	1	https://www.hlcoiffureparis16.com/#bookAppointment
hmrenovation.fr	HM Rénovation	artisanat_btp	Brest	29	1	https://www.hmrenovation.fr/
hododa.com	Hododa	restauration	Marseille	13	1	https://www.hododa.com
hoffman-couverture.fr	Hoffman Couverture	artisanat_btp	Paris	75	1	https://hoffman-couverture.fr
holdem-cafe.fr	Hold'em Café	restauration	Toulouse	31	1	https://www.holdem-cafe.fr/
holidayinn.com	Holiday Inn Lille Ouest Englos	restauration	Lille	59	1	http://www.holidayinn.com/lilleouest
hollandbikes.com	Holland Bikes	services_proximite	Paris	75	1	https://www.hollandbikes.com/content/73-atelier-reparation-velo-paris-15
holyburek.com	Holy Burek	restauration	Paris	75	1	https://www.holyburek.com/
homa-paris.fr	Höma	beaute_bienetre	Paris	75	1	https://www.homa-paris.fr/
homerlobster.com	Homer Lobster	restauration	Paris	75	1	https://www.homerlobster.com/
homkia.fr	Homkia	artisanat_btp	Rennes	35	1	https://homkia.fr/nos-points-conseils/menuiserie-rennes-chateaugiron/
honey-pepper.fr	Honey Pepper	restauration	Toulouse	31	1	https://www.honey-pepper.fr/
hopandshake.com	Hop & Shake	restauration	Paris	75	1	https://www.hopandshake.com
hope-bar-merignac.fr	Hope - Bar Tapas - Afterwork - Restaurant	restauration	Bordeaux	33	1	https://hope-bar-merignac.fr/
hopensource.com	Hopen Source	restauration	Lille	59	1	https://www.hopensource.com
horaires.lefigaro.fr	K’nel Coiffure	beaute_bienetre	Lyon	69	1	https://horaires.lefigaro.fr/
horizondeckrestaurantchampagnebar.business.site	Horizon Deck	restauration	Nice	6	1	https://horizondeckrestaurantchampagnebar.business.site/
horizonsnature.fr	taco paco	restauration	Lille	59	1	http://www.horizonsnature.fr/
hors-categorie.fr	Hors Catégorie	services_proximite	Grenoble	38	1	https://hors-categorie.fr/
hortus-restaurant.fr	Hortus	restauration	Bordeaux	33	1	https://www.hortus-restaurant.fr/
hotel-ariane-toulouse.fr	La Table d'Ariane	restauration	Toulouse	31	1	https://www.hotel-ariane-toulouse.fr/fr/page/la-table-d-ariane
hotel-aston.com	L'Horloge	restauration	Nice	6	1	https://hotel-aston.com/restaurant-3/
hotel-de-seze.com	Le Comptoir de Sèze	restauration	Bordeaux	33	1	https://www.hotel-de-seze.com/65-restaurant.html
hotel-la-perouse.com	Le Patio	restauration	Nice	6	1	https://www.hotel-la-perouse.com/restaurant-bar-terrasse/
hotel-leschataigniers.fr	Les Chataigniers	restauration	Montpellier	34	1	https://www.hotel-leschataigniers.fr/restaurant-vendargues
hotel-negresco-nice.com	Le Chantecler	restauration	Nice	6	3	https://www.hotel-negresco-nice.com/les-restaurants/le-chantecler/
hotel-restaurant-la-palmeraie.fr	La Palmeraie	restauration	Toulouse	31	1	https://www.hotel-restaurant-la-palmeraie.fr/
hotel-westend.com	Le Siècle	restauration	Nice	6	1	https://www.hotel-westend.com/restaurant-le-siecle/
hotelamouralaplage.fr	Hôtel Amour Beach	restauration	Nice	6	1	https://www.hotelamouralaplage.fr/
hotelarbrevoyageur.com	Jane	restauration	Lille	59	1	https://www.hotelarbrevoyageur.com/fr/page/jane
hotelgedeon.com	Le Gédéon	restauration	Montpellier	34	1	https://www.hotelgedeon.com
hotimes.fr	Pizza Time's	restauration	Paris	75	1	https://hotimes.fr/
house-pizza.fr	House Pizza	restauration	Paris	75	1	https://www.house-pizza.fr
housekitchen92.fr	HK Burger by Housekitchen	restauration	Paris	75	1	https://www.housekitchen92.fr/
houseofcils.com	House of Cils	beaute_bienetre	Paris	75	1	https://www.houseofcils.com/
hovigetoyan.com	Hovig Etoyan	beaute_bienetre	Paris	75	1	http://www.hovigetoyan.com/
howardburger.fr	Howard Burger	restauration	Marseille	13	1	https://howardburger.fr/
hts-lyon.fr	High Tech Squad	services_proximite	Lyon	69	1	http://www.hts-lyon.fr/
hublo.eu	Hublo	services_proximite	Paris	75	1	https://hublo.eu
hugmotors.com	Garage Hug Motors	automobile	Toulouse	31	1	https://www.hugmotors.com/
huguettecafecantine.com	Chez Huguette	restauration	Toulouse	31	1	http://huguettecafecantine.com/
huit-et-demi-restaurant-italien-monaco.com	Huit & Demi	restauration	Nice	6	1	https://www.huit-et-demi-restaurant-italien-monaco.com/
huitiemeart.com	Huitième Art	beaute_bienetre	Rouen	76	1	https://www.huitiemeart.com/
humbert-habitat.fr	HUMBERT-HABITAT	artisanat_btp	Nancy	54	1	https://www.humbert-habitat.fr/
hwaban.fr	Hwaban	restauration	Toulouse	31	1	https://www.hwaban.fr
hyatt.com	Restaurant FirstName - Le Bada	restauration	Bordeaux	33	1	https://www.hyatt.com/en-US/hotel/france/firstname-bordeaux/bodjd/dining
hyundai-nantes.com	Hyundai Nantes - Pacific cars	automobile	Nantes	44	1	https://www.hyundai-nantes.com/
i-dcoiffure.fr	iD Coiffure	beaute_bienetre	Lyon	69	1	https://www.i-dcoiffure.fr/
i-glass.fr	i Glass	automobile	Metz	57	1	https://www.i-glass.fr/
ibanez.fr	Ibanez	artisanat_btp	Perpignan	66	1	http://www.ibanez.fr
ibproduct.fr	IB Product	services_proximite	Paris	75	1	https://www.ibproduct.fr/
ici.mc	ICI Salad Bar	restauration	Nice	6	1	https://www.ici.mc/princesse-caroline/
iciargentine.com	Ici Argentine	restauration	Bordeaux	33	1	https://www.iciargentine.com
icicycle.com	Icicycle	services_proximite	Paris	75	1	https://icicycle.com/
icoiffeur.fr	Les Coiffeurs du 5	beaute_bienetre	Lyon	69	1	https://icoiffeur.fr/69/lyon/les-coiffeurs-du-5-by-sandra-21zh
icommande.fr	Marmaris	restauration	Lille	59	1	https://www.icommande.fr/ordering/restaurant/menu?company_uid=8eaccf4b-d2cf-4ba1-9453-4a4866cc94a8&restaurant_uid=d6a198a0-586b-4d3a-afe7-f416709c8258&facebook=true
ideal-thermique-plomberie.business.site	Idéal thermique plomberie	artisanat_btp	Paris	75	1	https://ideal-thermique-plomberie.business.site/
idealmenuiserie.fr	Îdéal'Menuiserie	artisanat_btp	Toulouse	31	1	https://idealmenuiserie.fr/
idelec-paris16.fr	IDelec	artisanat_btp	Paris	75	1	https://idelec-paris16.fr
idlcenter.fr	IDL center	beaute_bienetre	Saint-Etienne	42	1	https://idlcenter.fr/
idverde.com	idverde	artisanat_btp	Amiens	80	1	https://www.idverde.com/
ifa-hp.com		artisanat_btp	Paris	75	1	http://www.ifa-hp.com/
igc-construction.fr	Igc Constructions	artisanat_btp	Bordeaux	33	1	https://www.igc-construction.fr/constructeurs-igc/constructeur-villenave-d-ornon
igienair.com	Igienair	services_proximite	Lille	59	1	https://igienair.com
igreenstore.com	IGreen CBD	beaute_bienetre	Marseille	13	1	www.igreenstore.com
ikea.com	FIKA Bar - Bistro Suédois	restauration	Paris	75	1	https://www.ikea.com/fr/fr/stores/restaurant/bistro-magasin-pube3a89c49
ikepoke.fr	Iké Poké	restauration	Bordeaux	33	1	https://www.ikepoke.fr/
ikirasushi.fr	Ikira Sushi	restauration	Paris	75	1	https://www.ikirasushi.fr
ikkoramen.com	Ikko Ramen	restauration	Nice	6	1	https://ikkoramen.com/
il-pizzaiolo.fr	Il Pizzaiolo	restauration	Montpellier	34	1	https://www.il-pizzaiolo.fr/pizzas-montpellier/
il-vicoletto.fr	il vicoletto	restauration	Nice	6	1	https://www.il-vicoletto.fr/
ilbarapizze.fr	Il Bar a Pizze	restauration	Montpellier	34	1	https://ilbarapizze.fr/fr
ilcarretto-nice.fr	Il Carretto	restauration	Nice	6	1	https://www.ilcarretto-nice.fr/
ile-a-beaute.business.site	Île à beauté	beaute_bienetre	Paris	75	1	https://ile-a-beaute.business.site/
ilgiardino-saporidelsud.fr	Il Giardino	restauration	Bordeaux	33	1	https://www.ilgiardino-saporidelsud.fr/
ilove-rotisserie.com	Rôtisserie	restauration	Nice	6	1	https://ilove-rotisserie.com
ilovegrubers.com	Grubers Burgers	restauration	Nice	6	1	https://www.ilovegrubers.com/
ilpopolo.fr	Il Popolo Labège	restauration	Toulouse	31	1	https://ilpopolo.fr
ilristorante.fr	Il Ristorante	restauration	Marseille	13	1	https://www.ilristorante.fr/il-ristorante-le-restaurant-italien-de-plan-de-campagne-cabries/
ilsacristie.fr	il Sacristie	restauration	Lille	59	1	https://www.ilsacristie.fr/
imocarwash.com	IMO Car Wash	automobile	Toulon	83	1	https://www.imocarwash.com/fr/lavage-auto/ollioules/imo-ollioules/
imperialecoiffure.com	Impériale Coiffure	beaute_bienetre	Paris	75	1	http://www.imperialecoiffure.com
import-export17.fr	Motors 17	automobile	La Rochelle	17	1	https://www.import-export17.fr/fr
inarose.fr	Inarose	beaute_bienetre	Nantes	44	1	https://www.inarose.fr/
inboccaallupo.fr	In Bocca Al Lupo	restauration	Bordeaux	33	1	https://inboccaallupo.fr/pizzeria-villenave-d-ornon/
indian-bowl.com	Indian Bowl	restauration	Toulouse	31	1	https://indian-bowl.com
indianacafe.fr	Indiana Café	restauration	Marseille	13	1	https://www.indianacafe.fr/restaurant/plan-de-campagne
indiangardenlille.fr	Indian Garden	restauration	Lille	59	1	https://indiangardenlille.fr/
indigo-co.fr	Indigo & Co	beaute_bienetre	Paris	75	1	https://www.indigo-co.fr/
indochinecastanet.fr	L'Indochine	restauration	Toulouse	31	1	https://www.indochinecastanet.fr/
infini-cycle.fr	Infini Cycle	services_proximite	Montpellier	34	1	https://infini-cycle.fr
infinitclean.com	Infinit Clean	automobile	La Rochelle	17	1	https://www.infinitclean.com/
infinitecoiffure.fr	Infinite Hair Design	beaute_bienetre	Lyon	69	2	https://infinitecoiffure.fr
infinitycoiffure.fr	Infinity Coiffure	beaute_bienetre	Paris	75	1	https://www.infinitycoiffure.fr
innerskin.com	Innerskin	beaute_bienetre	Lyon	69	1	https://www.innerskin.com
innerskin.fr	Innerskin	beaute_bienetre	Paris	75	1	https://www.innerskin.fr
innovbois-habitat.com	Innovbois Habitat	artisanat_btp	Nancy	54	1	https://www.innovbois-habitat.com
inoplage.com	Ino Plage	restauration	Nice	6	1	https://www.inoplage.com
inovacier.site-solocal.com	Inovacier	artisanat_btp	Dijon	21	1	https://inovacier.site-solocal.com
inoveore.com	Inoveore	beaute_bienetre	Paris	75	1	https://inoveore.com/
insersol.fr	Le Biclou - Atelier vélo	services_proximite	Lille	59	1	https://insersol.fr/biclou-atelier-reparation-participatif-solidaire/
insieme-pizzeria.eatbu.com	Insieme Pizzeria	restauration	Strasbourg	67	1	https://insieme-pizzeria.eatbu.com/
insmatel.fr	Insmatel	artisanat_btp	Nancy	54	1	http://www.insmatel.fr/
instant-complice.fr	Instant Complice	beaute_bienetre	Paris	75	1	https://instant-complice.fr/
instantrelax91.fr	L'instant relax	beaute_bienetre	Paris	75	1	https://instantrelax91.fr/contact/
instantscouleurs.fr	Instant Couleurs	beaute_bienetre	Lyon	69	1	https://www.instantscouleurs.fr/
institut-airmarin.com	L'Air Marin	beaute_bienetre	Nantes	44	1	http://www.institut-airmarin.com/
institut-allison.com	Beauté Allison	beaute_bienetre	Paris	75	1	https://www.institut-allison.com/
institut-antipoux.fr	L’institut anti-poux	beaute_bienetre	Paris	75	1	https://institut-antipoux.fr/
institut-antony.guinot.com	Guinot	beaute_bienetre	Paris	75	1	http://www.institut-antony.guinot.com
institut-beaute-belloceane.fr	Bellocéane	beaute_bienetre	Paris	75	1	https://www.institut-beaute-belloceane.fr/
institut-beaute-montrouge.fr	Les Rivières du Soleil	beaute_bienetre	Paris	75	1	https://www.institut-beaute-montrouge.fr/
institut-beaute-sautron.fr	Alexandra	beaute_bienetre	Nantes	44	1	https://institut-beaute-sautron.fr/
institut-beaute-serenity.com	Institut Sérénity	beaute_bienetre	Nantes	44	1	https://institut-beaute-serenity.com
institut-beauty-light.fr	Beauty Light	beaute_bienetre	Paris	75	1	https://www.institut-beauty-light.fr/
institut-beautyqueen.fr	Rainbow Dubai	beaute_bienetre	Paris	75	1	https://www.institut-beautyqueen.fr
institut-bobjeffy.com	Institut Bob Jeffy	beaute_bienetre	Toulouse	31	2	https://www.institut-bobjeffy.com/
institut-carmabelor.fr	Institut Carmabelor	beaute_bienetre	Toulouse	31	1	http://www.institut-carmabelor.fr/
institut-chamade.com	La Chamade	beaute_bienetre	Paris	75	1	https://www.institut-chamade.com/
institut-chatenay-malabry.fr	Institut de Beauté - Sonia Bsl	beaute_bienetre	Paris	75	1	https://institut-chatenay-malabry.fr/
institut-cormeillesenparisis.marycohr.com	Instant Beauté	beaute_bienetre	Paris	75	1	https://www.institut-cormeillesenparisis.marycohr.com/
institut-cosmetic.com	Pr. Françoise Bedon	beaute_bienetre	Paris	75	1	https://institut-cosmetic.com/
institut-de-beaute-centre-esthetique.philomene.fr	Philomène	beaute_bienetre	Marseille	13	1	http://institut-de-beaute-centre-esthetique.philomene.fr/
institut-de-beaute-orchidee.fr	Institut Orchidée	beaute_bienetre	Lyon	69	1	https://institut-de-beaute-orchidee.fr
institut-de-coiffure.fr	L'Institut	beaute_bienetre	Toulouse	31	1	http://www.institut-de-coiffure.fr/
institut-deva.fr	Stella Prestige	beaute_bienetre	Paris	75	1	http://www.institut-deva.fr
institut-douce-heure.com	Institut Douce Heure	beaute_bienetre	Rouen	76	1	https://www.institut-douce-heure.com/
institut-du-parc.fr	L'Institut du Parc	beaute_bienetre	Toulouse	31	1	http://www.institut-du-parc.fr/
institut-ermont.guinot.com	Elsa	beaute_bienetre	Paris	75	1	https://www.institut-ermont.guinot.com/
institut-evanails-paris.com	Eva Nails	beaute_bienetre	Paris	75	1	https://www.institut-evanails-paris.com/
institut-herriot.fr	Institut Herriot	beaute_bienetre	Lyon	69	1	https://institut-herriot.fr/
institut-hoya-spa.fr	Hoya Spa	beaute_bienetre	Paris	75	1	https://institut-hoya-spa.fr/
institut-laparenthese.fr	La Paranthèse	beaute_bienetre	Toulouse	31	1	https://www.institut-laparenthese.fr/
institut-leslys.com	Institut Les Lys	beaute_bienetre	Lyon	69	1	https://institut-leslys.com
institut-lyon-peaudange.fr	Maria Galland	beaute_bienetre	Lyon	69	1	https://institut-lyon-peaudange.fr/
institut-lyon3.guinot.com	Guinot	beaute_bienetre	Lyon	69	1	https://www.institut-lyon3.guinot.com
institut-lyonlumiere.guinot.com	Guinot	beaute_bienetre	Lyon	69	1	http://www.institut-lyonlumiere.guinot.com/
institut-marevane.fr	Institut Marévane	beaute_bienetre	Lyon	69	1	https://www.institut-marevane.fr/
institut-maryse-beaute.fr	Maryse Beauté	beaute_bienetre	Paris	75	1	https://www.institut-maryse-beaute.fr
institut-massy.guinot.com	Guinot Institut Paris	beaute_bienetre	Paris	75	1	https://www.institut-massy.guinot.com
institut-nantes-decre.guinot.com	Guinot	beaute_bienetre	Nantes	44	1	http://www.institut-nantes-decre.guinot.com/
institut-nantescreation.guinot.com	Guinot	beaute_bienetre	Nantes	44	1	http://www.institut-nantescreation.guinot.com
institut-nantessaintjoseph.marycohr.com	Mary Cohr	beaute_bienetre	Nantes	44	1	http://www.institut-nantessaintjoseph.marycohr.com/
institut-naturellement-zen.com	Nat’urellement zen	beaute_bienetre	Paris	75	1	https://institut-naturellement-zen.com/
institut-nuage-lyon.com	Institut Nuage	beaute_bienetre	Lyon	69	1	https://www.institut-nuage-lyon.com
institut-oceane.fr	Institut Océane	beaute_bienetre	Paris	75	1	https://www.institut-oceane.fr/
institut-ophelia.com	Institut Ophelia	beaute_bienetre	Toulouse	31	1	https://www.institut-ophelia.com
institut-orphee.fr	Orphée	beaute_bienetre	Nantes	44	1	https://www.institut-orphee.fr
institut-plessis-robinson.fr	Guinot	beaute_bienetre	Paris	75	1	https://www.institut-plessis-robinson.fr/
institut-presquile-lyon.guinot.com	Institut de la Presqu'île	beaute_bienetre	Lyon	69	1	http://www.institut-presquile-lyon.guinot.com/
institut-ramonvillesaintagne.guinot.com	Amandine Beauté	beaute_bienetre	Toulouse	31	1	http://www.institut-ramonvillesaintagne.guinot.com
institut-relaxance.com	Relaxance	beaute_bienetre	Saint-Etienne	42	1	https://www.institut-relaxance.com/
institut-rive-droite.com	L'Institut Rive droite	beaute_bienetre	Paris	75	1	https://www.institut-rive-droite.com/
institut-rouen.guinot.com	Institut Guinot	beaute_bienetre	Rouen	76	1	http://www.institut-rouen.guinot.com/
institut-sabrina.com	Institut de beauté Sabrina	beaute_bienetre	Toulouse	31	1	https://www.institut-sabrina.com/
institut-saintgermainenlaye.guinot.com	Institut Guinot	beaute_bienetre	Paris	75	1	https://www.institut-saintgermainenlaye.guinot.com/
institut-sensorielle.com	Sensori'Elle	beaute_bienetre	Paris	75	1	https://www.institut-sensorielle.com/
institut-storensdegameville.guinot.com	Guinot Institut Harmonie	beaute_bienetre	Toulouse	31	1	https://www.institut-storensdegameville.guinot.com/
institut-thebeautybar.com	L'institut The Beauty Bar	beaute_bienetre	Lyon	69	1	https://www.institut-thebeautybar.com
institut-tiannai.com	Institut Tiannai	beaute_bienetre	Paris	75	1	https://www.institut-tiannai.com/
institut-viroflay.guinot.com	Guinot	beaute_bienetre	Paris	75	1	https://www.institut-viroflay.guinot.com/
institut.simonemahler.com	Institut Mahler	beaute_bienetre	Paris	75	1	https://institut.simonemahler.com/7-institut-mahler-paris-10
institutalizes.com	Les Alizés	beaute_bienetre	Nantes	44	1	https://www.institutalizes.com
institutbeautys.fr	Institut Beauty’s	beaute_bienetre	Saint-Etienne	42	1	https://www.institutbeautys.fr/
institutbluebay.fr	Blue Bay	beaute_bienetre	Paris	75	1	https://www.institutbluebay.fr/
institutcapucine.fr	Institut Capucine Esthétique	beaute_bienetre	Saint-Etienne	42	1	https://www.institutcapucine.fr/
institutcorpo.com	Institut Corpo	beaute_bienetre	Paris	75	1	https://institutcorpo.com
institutdebeaute-les-ephelides.fr	Les Ephélides	beaute_bienetre	Paris	75	1	http://www.institutdebeaute-les-ephelides.fr/
institutdeslys.com	Institut des Lys	beaute_bienetre	Rouen	76	1	https://institutdeslys.com/
institutdeslys.wixsite.com	Institut des Lys	beaute_bienetre	Paris	75	1	https://institutdeslys.wixsite.com/website
institutdesongles.fr	Institut des Ongles	beaute_bienetre	Toulouse	31	1	https://www.institutdesongles.fr/
institutdesprovinces.com	Institut des Provinces	beaute_bienetre	Rouen	76	1	http://www.institutdesprovinces.com
institutducanal.fr	Institut du Canal	beaute_bienetre	Paris	75	1	https://institutducanal.fr/
institutduventre.fr	Institut du ventre	beaute_bienetre	Paris	75	1	https://institutduventre.fr/
institutfabre.com	Fabre	beaute_bienetre	Marseille	13	1	https://www.institutfabre.com
institutgersende.fr	Institut Capillaire Gersende Moysan	beaute_bienetre	Paris	75	1	https://institutgersende.fr/
institutidealbeaute.fr	Idéal Beauté	beaute_bienetre	Paris	75	1	https://institutidealbeaute.fr/
institutkobido.com	Kobido	beaute_bienetre	Paris	75	1	https://www.institutkobido.com
institutlamottepicquet.fr	Aquabike	beaute_bienetre	Paris	75	1	https://www.institutlamottepicquet.fr/
institutmaeva.fr	Maeva	beaute_bienetre	Nantes	44	1	https://institutmaeva.fr
institutmariepauline.fr	Institut Marie Pauline	beaute_bienetre	Paris	75	1	https://www.institutmariepauline.fr/
institutmariesilva.fr	Institut Marie Silva	beaute_bienetre	Paris	75	1	https://institutmariesilva.fr
institutmenasa.com	Institut Menasa	beaute_bienetre	Paris	75	1	https://www.institutmenasa.com/ruemanin
institutmoringa.com	Institut Moringa	beaute_bienetre	Paris	75	1	https://institutmoringa.com
institutnaturellebio.com	Naturelle et Bio	beaute_bienetre	Toulouse	31	1	https://institutnaturellebio.com/
institutobienetre.com	Ô bien-être	beaute_bienetre	Nantes	44	1	https://institutobienetre.com/
institutorchideebleue.com	L'Orchidée Bleue	beaute_bienetre	Toulouse	31	1	https://www.institutorchideebleue.com/
institutpilepoil.blogspot.fr	Institut Pile Poil	beaute_bienetre	Paris	75	1	http://institutpilepoil.blogspot.fr/
institutpoudrediris.com	Poudre d'Iris	beaute_bienetre	Paris	75	1	https://www.institutpoudrediris.com
instituts.l-onglerie.fr	L'Onglerie	beaute_bienetre	Paris	75	11	https://instituts.l-onglerie.fr/longlerie-saint-germain-en-laye-78100
institutsuzie.fr	Institut Suzie	beaute_bienetre	Nantes	44	1	https://www.institutsuzie.fr
institutyang.fr	Yomi Beauty	beaute_bienetre	Paris	75	1	https://www.institutyang.fr
intact-nettoyage.com	Intact	services_proximite	Rennes	35	1	https://www.intact-nettoyage.com/
intergaz-agence.com	Inter Gaz	artisanat_btp	Paris	75	1	https://intergaz-agence.com/
intermarche.com	Intermarché	automobile	Rouen	76	2	https://www.intermarche.com/
intermetal.fr	Intermetal	artisanat_btp	Nancy	54	1	http://www.intermetal.fr/
internorm.fr	Génération Confort de l'Habitat Nord	artisanat_btp	Lyon	69	1	https://www.internorm.fr/distributeurs/generation-confort-de-l-habitat-nord-dardilly/
interstoves-normandie.fr	Inter Stoves	artisanat_btp	Le Havre	76	1	https://www.interstoves-normandie.fr/
inti-renovation.fr	Inti Rénovation	artisanat_btp	Paris	75	1	https://www.inti-renovation.fr
io-derma.com	IO Derma	beaute_bienetre	Paris	75	1	https://io-derma.com
ioetepizzeria.com	IO & TE	restauration	Nice	6	1	https://ioetepizzeria.com/
iori.fr	Izakaya Iori	restauration	Toulouse	31	1	https://www.iori.fr/
iphone-reparation-lyon.com	Flash Réparation	services_proximite	Lyon	69	1	https://iphone-reparation-lyon.com
iphonecasse.fr	iPhone Cassé	services_proximite	Paris	75	1	https://www.iphonecasse.fr
irdelec54.wixsite.com	IRD Elec	artisanat_btp	Nancy	54	1	https://irdelec54.wixsite.com/lesite
irisetwillyspa.fr	Iris et Willy Spa	beaute_bienetre	Toulouse	31	1	https://www.irisetwillyspa.fr/franchiser/toulouse-cartoucherie/
irpcenter59.wixsite.com	Irepair center	services_proximite	Lille	59	1	https://irpcenter59.wixsite.com/website/accueil
iservices.fr	iServices Bastille	services_proximite	Paris	75	1	https://iservices.fr/magasins/bastille
ishtar-restaurant.fr	Ishtar	restauration	Nice	6	1	https://www.ishtar-restaurant.fr/
isirabeaute.com	Isira Beauté	beaute_bienetre	Paris	75	1	http://isirabeaute.com/
isocomble.com	Isocomble	artisanat_btp	Pau	64	1	https://www.isocomble.com/les-agences/agence/pau
isofrance-fenetres-energies.fr	Iso France Fenêtres	artisanat_btp	Paris	75	1	https://www.isofrance-fenetres-energies.fr/
isoleco.artetfenetres.com	Art et fenêtre	artisanat_btp	Paris	75	1	https://isoleco.artetfenetres.com
isolespace.com	Isolespace	artisanat_btp	Paris	75	1	https://www.isolespace.com/
isolr.fr	Isol'r	artisanat_btp	Bordeaux	33	1	https://isolr.fr/
isonorm-habitat.com	Isonorm Habitat	artisanat_btp	Nancy	54	1	https://www.isonorm-habitat.com/
isotis.fr	Isotis	artisanat_btp	Nancy	54	1	https://isotis.fr
issone.fr	Issone	beaute_bienetre	Lyon	69	1	https://www.issone.fr/
issy-les-moulineaux.centreservices.fr	Centre Services Issy - Ménage et Repassage	services_proximite	Paris	75	1	https://issy-les-moulineaux.centreservices.fr/
issy-les-moulineaux.cyclable.com	Cyclable	services_proximite	Paris	75	1	https://issy-les-moulineaux.cyclable.com/
issyfastburger.fr	Uncle Jack by Issy Fast Burger	restauration	Paris	75	1	https://www.issyfastburger.fr/
it-trattoria.com	IT - Italian Trattoria Englos	restauration	Lille	59	1	https://it-trattoria.com/
it-trattoria.fr	IT Trattoria	restauration	Lille	59	1	https://it-trattoria.fr/restaurant/heron-parc
itaglio.com	Itaglio	restauration	Paris	75	1	https://www.itaglio.com/
italianspizza.fr	Italian's Pizza	restauration	Toulouse	31	1	http://www.italianspizza.fr/
italova.com	Italova	restauration	Marseille	13	1	https://italova.com
itechcare.fr	I Tech Care	services_proximite	Paris	75	1	https://itechcare.fr/
itgc.fr	ITGC	artisanat_btp	Dijon	21	1	https://www.itgc.fr
ito-ramen59.com	Ito Ramen	restauration	Lille	59	1	https://ito-ramen59.com/
ivan-beauchemin.com	Ivan Beauchemin	beaute_bienetre	Paris	75	1	http://ivan-beauchemin.com/
ivanhair.fr	Ivan’Hair	beaute_bienetre	Paris	75	1	https://www.ivanhair.fr
izmir-foods.business.site	Izmir foods	restauration	Toulouse	31	1	https://izmir-foods.business.site/
jacheteasevres.fr	Flash Coiffure	beaute_bienetre	Paris	75	1	https://www.jacheteasevres.fr/ann7594-FLASH-COIFFURE.htm
jackholt.fr	Jack Holt	beaute_bienetre	Lyon	69	1	http://jackholt.fr/
jacobmeatpacker.fr	Jacob Meatpacker	restauration	Paris	75	1	https://www.jacobmeatpacker.fr/
jacquesdessange-44.com	Dessange	beaute_bienetre	Nantes	44	1	http://www.jacquesdessange-44.com
jacquesgales.com	Jacques Galès	beaute_bienetre	Toulouse	31	1	https://www.jacquesgales.com/
jadf-proprete-services-92.fr	J.ADF propreté et services	services_proximite	Paris	75	1	https://jadf-proprete-services-92.fr
jadoooreasia.com	J'adooore Asia	restauration	Montpellier	34	1	https://jadoooreasia.com/fr/
jadore-cuisine.com	J'Adore	restauration	Montpellier	34	1	https://jadore-cuisine.com/
jagpassionlyon.fr	Carosserie Régis Torres	automobile	Lyon	69	1	https://www.jagpassionlyon.fr/
jai-ho-restaurant-lille.eatbu.com	Jai Ho	restauration	Lille	59	1	https://jai-ho-restaurant-lille.eatbu.com/
jainabeauteparis12.fr	Jaina Beauté	beaute_bienetre	Paris	75	1	https://www.jainabeauteparis12.fr
jaipur-lille.fr	Jaipur	restauration	Lille	59	1	https://jaipur-lille.fr/
jajalille.com	Petit Jaja	restauration	Lille	59	1	https://www.jajalille.com
jaldijaldi.fr	Jaldi Jaldi	restauration	Lille	59	1	https://www.jaldijaldi.fr/
janoi.fr	Janoï	beaute_bienetre	Lyon	69	1	https://janoi.fr/
janonline.com	JAN	restauration	Nice	6	2	https://janonline.com/restaurantjan/
jantesaluservices.com	Jantes Alu Services	automobile	Rennes	35	1	https://jantesaluservices.com/ateliers-reparation-jantes-alu-en-france/atelier-rennes
janthra-spa.com	Janthra Spa	beaute_bienetre	Paris	75	1	https://www.janthra-spa.com/
janus-france.org	8 ô vélo	services_proximite	Lyon	69	1	https://www.janus-france.org
janusfrance-asso.org	Janus France	services_proximite	Lyon	69	3	https://www.janusfrance-asso.org/
janyacoiffure.fr	Janya Coiffure	beaute_bienetre	Paris	75	1	https://janyacoiffure.fr/
japnwok.fr	Jap'N Wok	restauration	Toulouse	31	1	https://www.japnwok.fr
jardiconcept.fr	Jardiconcept	artisanat_btp	Paris	75	1	https://jardiconcept.fr
jardin-passion-paysagiste.com	Jardin Passion	artisanat_btp	Reims	51	1	https://www.jardin-passion-paysagiste.com/
jardin-sauvage-services.fr	Jardin Sauvage Services	artisanat_btp	Toulouse	31	1	https://www.jardin-sauvage-services.fr/
jardindebeaute94.com	Le jardin de Beauté	beaute_bienetre	Paris	75	1	http://www.jardindebeaute94.com/
jardinsdelys.com	Jardin de Lys	beaute_bienetre	Paris	75	1	https://www.jardinsdelys.com
jbetsonjardin.fr	JB et son Jardin	artisanat_btp	Toulouse	31	1	https://www.jbetsonjardin.fr/
jean-butaud.fr	Jean Butaud	artisanat_btp	Lyon	69	1	https://www.jean-butaud.fr/
jeanbonan.fr	Jean Bonan	beaute_bienetre	Marseille	13	1	http://jeanbonan.fr/
jeanlecroquant.fr	Jean le Croquant - Gamebtta	restauration	Montpellier	34	5	https://www.jeanlecroquant.fr
jeanlouisdavid.com	Jean Louis David	beaute_bienetre	Paris	75	1	https://www.jeanlouisdavid.com/salon-coiffure/coiffeur-issy-les-moulineaux_s5352
jeanlouisdeforges.com	Déforges	beaute_bienetre	Paris	75	1	https://www.jeanlouisdeforges.com
jeanmarcjoubert.com	Jean-Marc Joubert - Paris Etienne Marcel	beaute_bienetre	Paris	75	1	http://www.jeanmarcjoubert.com/
jeanmichelvelo.fr	Jean-Michel Vélo	services_proximite	Grenoble	38	1	https://jeanmichelvelo.fr/
jeannecoiffure.business.site	Jeanne Coiffure	beaute_bienetre	Paris	75	1	https://jeannecoiffure.business.site/
jeannoelcoiffure.fr	Coiffure	beaute_bienetre	Paris	75	1	https://www.jeannoelcoiffure.fr
jeansushi.fr	Jean Sushi	restauration	Paris	75	1	https://www.jeansushi.fr
jefe-burger.fr	Jefe Burger	restauration	Paris	75	1	https://www.jefe-burger.fr/
jeffcoiffurepantin.weebly.com	Jeff Coiffeur	beaute_bienetre	Paris	75	1	https://jeffcoiffurepantin.weebly.com/
jennyetpaola.com	Jenny & Paola	beaute_bienetre	Paris	75	1	https://jennyetpaola.com
jeremy-delcourt.com	Jeremy Delcourt	beaute_bienetre	Paris	75	1	https://www.jeremy-delcourt.com/
jeromecourtois1.wixsite.com	Le Garossos	restauration	Toulouse	31	1	https://jeromecourtois1.wixsite.com/legarossosbarrestaur
jessicas-nails-suresnes.business.site	Jessica's Nails	beaute_bienetre	Paris	75	1	https://jessicas-nails-suresnes.business.site
jesuisavelo.com	Je suis à vélo	services_proximite	Paris	75	1	https://jesuisavelo.com
jetpizza92.fr	Jet Pizza	restauration	Paris	75	1	https://www.jetpizza92.fr
jetpizzas.com	Jet Pizza	restauration	Lyon	69	1	https://jetpizzas.com/
jfg-clinic.com	JFG Clinic	beaute_bienetre	Paris	75	1	https://www.jfg-clinic.com/nos-centres/jfg-clinic-saint-cyr-lecole
jhog.fr	JHOG	services_proximite	Grenoble	38	1	https://www.jhog.fr/
jiaoziguan.fr	Jiao Zi Guan	restauration	Toulouse	31	1	https://jiaoziguan.fr
jifu-restaurant.fr	Jifu Fondue Asiatique	restauration	Toulouse	31	1	https://www.jifu-restaurant.fr/
jimmystreetfood.com	Nissi	restauration	Paris	75	1	https://jimmystreetfood.com/
jinbaobienetre.fr	Jinbao Beauté	beaute_bienetre	Paris	75	1	https://www.jinbaobienetre.fr/
jinjiresto.com	Jin Ji	restauration	Toulouse	31	1	http://www.jinjiresto.com/
jipoonthai.com	Jipoonthai	restauration	Toulouse	31	1	http://jipoonthai.com/
jitensha.fr	Jitensha	services_proximite	Paris	75	1	https://jitensha.fr/en/collections/velos
jls-coiffure.fr	Jean-Louis Samson	beaute_bienetre	Paris	75	1	https://jls-coiffure.fr
jm-beaute.fr	JM Beauté	beaute_bienetre	Nantes	44	1	https://www.jm-beaute.fr/
jma-auto.business.site	JMA AUTO	automobile	Toulon	83	1	https://jma-auto.business.site/
jmbienpizza.com	J'M Bien Pizza	restauration	Lyon	69	1	https://jmbienpizza.com
jmgbaie.artetfenetres.com	Arts & Fenêtres	artisanat_btp	Paris	75	1	https://jmgbaie.artetfenetres.com/
jnlparis.com	Jean-Noël Lemond	beaute_bienetre	Paris	75	1	https://www.jnlparis.com/
jobard-couverture.fr	Jobard	artisanat_btp	Dijon	21	1	https://jobard-couverture.fr/
joceli-nails.fr	Joceli Nail's	beaute_bienetre	Nantes	44	1	https://joceli-nails.fr
joeburger.fr	Joe Burger	restauration	Paris	75	1	https://joeburger.fr/
joel-robuchon.com	Gaia Monte Carlo	restauration	Nice	6	1	https://www.joel-robuchon.com/
johnnycake.fr	Johnny B. Cake	restauration	Paris	75	1	https://johnnycake.fr/
jojo-pizza.fr	Jojo	restauration	Lyon	69	1	https://jojo-pizza.fr/
jojo-s.fr	Jojo's	restauration	Nice	6	1	https://jojo-s.fr/
jojosdough.fr	Jojo's Dough	restauration	Lyon	69	1	https://jojosdough.fr
jolibanh.com	Joli Banh	restauration	Paris	75	1	https://jolibanh.com/
jolis-crimes.fr	Oakberry Açaí bowls	restauration	Paris	75	1	https://www.jolis-crimes.fr/
jonathanbenita.fr	L'atelier de Jo	artisanat_btp	Marseille	13	1	https://www.jonathanbenita.fr/
jopizza.fr	Jo Pizza	restauration	Lyon	69	1	https://jopizza.fr
jordan-tomas-pizza-mamamia.com	Jordan Thomas	restauration	Lyon	69	1	https://jordan-tomas-pizza-mamamia.com/pizzeria-lyon-6/
jordan-tomas-pizza.com	Jordan Thomas Pizza	restauration	Lyon	69	1	https://jordan-tomas-pizza.com/
josephcap3000.fr	Joseph	restauration	Nice	6	1	https://www.josephcap3000.fr
jotoocourt.com	Jo... Too Court	beaute_bienetre	Paris	75	1	https://www.jotoocourt.com
jouault-peinture.com	ETS Jouault Peinture	artisanat_btp	Rennes	35	1	https://www.jouault-peinture.com/
jour-de-peche.fr	Jour de Pêche	restauration	Lille	59	1	https://www.jour-de-peche.fr/
jourdebaie.com	Jour de Baie	artisanat_btp	Rennes	35	1	https://www.jourdebaie.com/
jourdevelo.fr	Café-Vélo Jour de Vélo	services_proximite	Paris	75	1	https://www.jourdevelo.fr/
joy-yoga-healthyfood.fr	Joy Healthyfood	restauration	Montpellier	34	1	https://joy-yoga-healthyfood.fr/
joyatoulouse.fr	Joya	restauration	Toulouse	31	1	https://joyatoulouse.fr/
jp-coiffure.com	Jean Paul Coiffure	beaute_bienetre	Paris	75	1	https://jp-coiffure.com/
jpcycles.sitego.fr	JP Cycles	services_proximite	Paris	75	1	https://jpcycles.sitego.fr/
juguem.fr	Juguem	restauration	Toulouse	31	1	https://www.juguem.fr/
juilliottes-institut.fr	Paloma beauté	beaute_bienetre	Paris	75	1	https://www.juilliottes-institut.fr/
jujiya-bento.com	Juji Ya	restauration	Paris	75	1	https://jujiya-bento.com/
jules-et-john.fr	Jules & John	restauration	Bordeaux	33	1	https://www.jules-et-john.fr/?utm_source=Yext&utm_medium=GMB
julieborne.fr	Julie Borne	beaute_bienetre	Lyon	69	1	https://www.julieborne.fr
juliencruege.fr	Satine & Bodandy	restauration	Bordeaux	33	1	http://www.juliencruege.fr
julientournier.com	Julien	beaute_bienetre	Paris	75	1	https://www.julientournier.com
juliet-et-romeo.fr	Pizzeria Juliet et Roméo	restauration	Lille	59	1	https://www.juliet-et-romeo.fr
juliettetaximetres.fr	Juliette Taximètres	automobile	Nancy	54	1	https://www.juliettetaximetres.fr/
jumbopneus.fr	Jumbo Pneus	automobile	Saint-Etienne	42	1	https://www.jumbopneus.fr/store/jumbo-saint-etienne-42-loire/
junibakery.com	Juni	restauration	Paris	75	1	https://junibakery.com
junkburgers.com	Junk	restauration	Paris	75	2	https://www.junkburgers.com/
junkgroup.fr	Junk Group.	restauration	Paris	75	1	https://www.junkgroup.fr
jupjup.fr	Jup Jup	restauration	Bordeaux	33	1	https://jupjup.fr/
juppiter.fr	Juppiter	services_proximite	Paris	75	1	https://www.juppiter.fr/
just-eat.fr	Times Square	restauration	Lyon	69	1	https://www.just-eat.fr/menu/times-square-lyon
just-moment.fr	Just Moment	restauration	Bordeaux	33	1	https://www.just-moment.fr
just-wash.net	Just Wash	automobile	Strasbourg	67	1	https://just-wash.net/
justgoodart.fr	Just good Art	beaute_bienetre	Lyon	69	1	http://www.justgoodart.fr
justhair.fr	Just Hair Les Milles	beaute_bienetre	Marseille	13	1	https://www.justhair.fr/salon-coiffure-plan-de-campagne/
k2gradignan.com	K2	restauration	Bordeaux	33	1	http://www.k2gradignan.com/
k7-bikes.com	K7 Bikes	services_proximite	Paris	75	1	https://www.k7-bikes.com/
kainf.fr	Kainf	restauration	Lille	59	1	https://kainf.fr
kaitskitchen.fr	Kaïts Pita Bar	restauration	Marseille	13	1	https://kaitskitchen.fr/fr
kaleis.net	Kaleis	beaute_bienetre	Paris	75	1	https://kaleis.net/
kalendes.com	Amarine	beaute_bienetre	Paris	75	1	https://www.kalendes.com/site/amarine/welcome
kalixrenovationmarseille.fr	Kalix	artisanat_btp	Marseille	13	1	https://kalixrenovationmarseille.fr/
kalosnice.com	Kalos	restauration	Nice	6	1	https://kalosnice.com/order
kaltea.fr	Kaltea	artisanat_btp	Nancy	54	1	https://kaltea.fr/agence-nancy
kamicoiffure.fr	Kami Coiffure	beaute_bienetre	Paris	75	1	https://kamicoiffure.fr/
kamii-japanese-restaurant.business.site	Kamii	restauration	Montpellier	34	1	https://kamii-japanese-restaurant.business.site/
kamomille.com	Kamomille	beaute_bienetre	Paris	75	1	https://www.kamomille.com
kangshengyuan.fr	Kang Sheng Yuan	beaute_bienetre	Paris	75	1	https://kangshengyuan.fr/
kanteen.fr	Kanteen-Paris 17	restauration	Paris	75	1	https://www.kanteen.fr
kapili.fr	Kapili	beaute_bienetre	Paris	75	1	https://www.kapili.fr
kapittel1755.be	Kapittel	restauration	Lille	59	1	https://kapittel1755.be/
kapptech.fr	Kapptech	services_proximite	Lille	59	1	https://kapptech.fr
karaage-ya-charonne.fr	Karaage-ya	restauration	Paris	75	1	https://karaage-ya-charonne.fr/
karadagetfils.com	Karadag & Fils Construction	artisanat_btp	Mulhouse	68	1	http://www.karadagetfils.com/
karinecoiffuredrancy.fr	Karine Coiffure	beaute_bienetre	Paris	75	1	http://www.karinecoiffuredrancy.fr/
karlbordeaux.fr	Karl	restauration	Bordeaux	33	1	https://www.karlbordeaux.fr/
kassiopia.org	Kassiopia	beaute_bienetre	Toulouse	31	1	http://www.kassiopia.org/
katsu.foxorders.com	Katsu	restauration	Bordeaux	33	1	https://katsu.foxorders.com/
kawieckibarbershop.fr	Kawiecki Barbershop	beaute_bienetre	Lyon	69	1	https://www.kawieckibarbershop.fr/
kawok-toulouse.fr	Kawok - Toulouse Minimes	restauration	Toulouse	31	1	https://kawok-toulouse.fr/
kawok.fr	Kawok	restauration	Bordeaux	33	2	https://kawok.fr/
kazfeed.com	Hanna Citrus	restauration	Paris	75	1	https://kazfeed.com/restaurant/hanna-citrus-3027
kbane.com	Kbane	artisanat_btp	Amiens	80	1	https://www.kbane.com/showrooms/amiens
kbeaute.fr	K Beauté	beaute_bienetre	Paris	75	1	https://www.kbeaute.fr
kdi.fr	KDI	artisanat_btp	Rouen	76	1	http://www.kdi.fr/BusinessUnit.aspx?CodeCP=2531&CodePostalSearch=76
keatchen.fr	kEATchen	restauration	Toulouse	31	1	https://keatchen.fr/
kebab-center.fr	Kebab Center	restauration	Lille	59	1	https://kebab-center.fr/
kebab-vaise-zigana.fr	Zigana	restauration	Lyon	69	1	https://kebab-vaise-zigana.fr/
kebabsaintbonnet.com	Kebab de Saint Bonnet	restauration	Lyon	69	1	https://kebabsaintbonnet.com/
kebap-express.business.site	Kebap Express	restauration	Strasbourg	67	1	https://kebap-express.business.site
kebsbau.cluster030.hosting.ovh.net	Kebs Baba	restauration	Strasbourg	67	2	https://kebsbau.cluster030.hosting.ovh.net/
kegremontreuil.com	Kegré	restauration	Paris	75	1	kegremontreuil.com
kelvelo.com	Kelvélo	services_proximite	Grenoble	38	1	https://www.kelvelo.com
kelvitrine.com	Equipe Baie 91	artisanat_btp	Paris	75	1	https://www.kelvitrine.com/brunoy/equipebaie91
kemeastudio.fr	Kemea Studio	beaute_bienetre	Saint-Etienne	42	1	https://kemeastudio.fr/
kenwell.fr	Kenwell by Mehdi	beaute_bienetre	Paris	75	1	https://kenwell.fr
kerjardin.com	Ker Jardin	artisanat_btp	Lorient	56	1	https://www.kerjardin.com/
kermaria-creperie.com	Crêperie Ker Maria	restauration	Montpellier	34	1	https://www.kermaria-creperie.com
keternice.fr	Le Keter	restauration	Nice	6	1	https://keternice.fr/
kevinscott.fr	Kevin Scott	beaute_bienetre	Lyon	69	2	https://www.kevinscott.fr/
keytech.pro	Dr Mobile	services_proximite	Paris	75	1	http://www.keytech.pro
kfc.fr	KFC	restauration	Paris	75	21	https://www.kfc.fr/nos-restaurants/kfc-paris-place-ditalie
kfet.eatbu.com	K'FET	restauration	Bordeaux	33	1	https://kfet.eatbu.com/?lang=en
kfz-mueller-kehl.de	Peter Müller KFZ Service	automobile	Strasbourg	67	1	http://www.kfz-mueller-kehl.de
kfz-siegel.de	Kfz Technik Siegel	automobile	Strasbourg	67	1	https://www.kfz-siegel.de
kfz-technik-blank.de	KFZ-Technik Blank	automobile	Strasbourg	67	1	https://www.kfz-technik-blank.de/
khaesarap-nice.com	Khae Sarap	restauration	Nice	6	1	https://khaesarap-nice.com/
khelcom.fr	Le Khelcom	restauration	Nice	6	1	https://www.khelcom.fr/
khmer-street-food.eatbu.com	Khmer Street Food	restauration	Bordeaux	33	1	https://khmer-street-food.eatbu.com
kick-off.restaurant	Kick-Off	restauration	Paris	75	1	https://www.kick-off.restaurant/
kidepann.fr	Fermeco	artisanat_btp	Pau	64	1	https://www.kidepann.fr/reparateur-depanneur/fermeco-pau
kijidonuts.fr	Kiji Donuts	restauration	Lyon	69	1	https://www.kijidonuts.fr
kikigusto.fr	Kiki Gusto (camion pizza)	restauration	Lyon	69	1	https://kikigusto.fr
kikkosushi.fr	Kikko	restauration	Paris	75	1	https://kikkosushi.fr
kim-hi-noodle.fr	Kim Hi Noodle	restauration	Montpellier	34	1	https://kim-hi-noodle.fr/
kiminail.wordpress.com	Kimi Nails	beaute_bienetre	Paris	75	1	https://kiminail.wordpress.com/
kimono-rouge.com	Le kimono rouge	restauration	Bordeaux	33	1	http://www.kimono-rouge.com
kin-no-yama.com	Kin no Yama	restauration	Bordeaux	33	1	https://kin-no-yama.com
king-tacos.fr	King Tacos	restauration	Lyon	69	1	https://www.king-tacos.fr/
king-tacos.metro.bar	King Tacos	restauration	Bordeaux	33	1	https://king-tacos.metro.bar/
kingfat.fr	King Fat	restauration	Toulouse	31	1	https://www.kingfat.fr/
kingsushiandwok.com	King Sushi & Wok	restauration	Nice	6	1	https://kingsushiandwok.com/
kingwok.fr	King Wok	restauration	Lille	59	1	https://www.kingwok.fr/
kink-nantes.fr	Kink	beaute_bienetre	Nantes	44	1	https://kink-nantes.fr
kioskfoodcourt.com	Chamas Tacos	restauration	Toulouse	31	1	http://kioskfoodcourt.com/#tommystexmex
kiosque-a-fraicheurs.com	KAF - Kiosque à Fraîcheurs	restauration	Lille	59	1	http://kiosque-a-fraicheurs.com/
kis.fr		services_proximite	Toulouse	31	1	https://www.kis.fr/notre-offre/laverie/
kisorolille.fr	Kisoro	restauration	Lille	59	1	https://www.kisorolille.fr/
kkokko-gradignan.com	Kkokko	restauration	Bordeaux	33	1	https://kkokko-gradignan.com
kleva.fr	Kleva	services_proximite	Toulouse	31	1	https://www.kleva.fr/
klineexcellence.com	Kline Excellence	automobile	Rennes	35	1	https://www.klineexcellence.com/
kmyongles.com	K.M.Y Ongles	beaute_bienetre	Lyon	69	1	https://www.kmyongles.com
knaebel-automobile.de	Knäbel Automobile	automobile	Strasbourg	67	1	https://www.knaebel-automobile.de/
koalapressing.com	Koala Pressing	services_proximite	Paris	75	1	https://koalapressing.com/
kobe-sushi-labege.eatbu.com	Kobe Sushi	restauration	Toulouse	31	1	https://kobe-sushi-labege.eatbu.com
koboon-resto.fr	Koboon	restauration	Toulouse	31	1	https://www.koboon-resto.fr/
kochloeffel.de	Kochlöffel	restauration	Strasbourg	67	1	https://www.kochloeffel.de/restaurantfinder/l/kehl/hauptstrasse-58/472221
koedo.fr	Koedo Dozo	restauration	Paris	75	1	https://koedo.fr/
kohola.fr	Kohola	restauration	Nice	6	1	https://www.kohola.fr/
koisushi.fr	Koi Sushi	restauration	Bordeaux	33	1	https://www.koisushi.fr/
kokoetriko.fr	Koko & Riko	restauration	Lille	59	1	https://kokoetriko.fr/
kokomocantine.com	Kokomo Cantine	restauration	Bordeaux	33	1	https://www.kokomocantine.com/
kokpiraat.fr	Kok Piraat Péniche-Restaurant	restauration	Lille	59	1	https://www.kokpiraat.fr/
kokuni.fr	Kokuni	restauration	Lyon	69	1	https://kokuni.fr/
kome-prestige.fr	KŌME PRESTIGE	beaute_bienetre	Paris	75	1	http://www.kome-prestige.fr
kome.fr	Kôme Salon & Spa Aveda	beaute_bienetre	Paris	75	1	https://www.kome.fr/
komilfo.fr	Komilfo Agence Storat À Franconville	artisanat_btp	Paris	75	10	https://komilfo.fr/magasins/storat-argenteuil-franconville-95
kona-poke.fr	KONAPOKE	restauration	Paris	75	1	https://www.kona-poke.fr/commande-konapoke-suffren/
kong-bap.com	Kong-bap	restauration	Toulouse	31	1	https://kong-bap.com/
konnichiwabordeaux.fr	Konnichiwa	restauration	Bordeaux	33	1	https://www.konnichiwabordeaux.fr/
kooc-bao.com	Kooc Bao	restauration	Nice	6	1	https://www.kooc-bao.com/
kooc-tea.com	Kooc Tea	restauration	Nice	6	1	https://www.kooc-tea.com/
koreancrousty.durablesites.com	Korean Crousty	restauration	Paris	75	1	https://koreancrousty.durablesites.com/
korners.fr	Korner's	restauration	Nice	6	1	https://korners.fr/
kosk-st-michel-bordeaux.eatbu.com	Kösk	restauration	Bordeaux	33	1	https://kosk-st-michel-bordeaux.eatbu.com/
koss-restaurant-bio.com	Koss	restauration	Paris	75	1	https://www.koss-restaurant-bio.com/
kosytabeauty.com	kosyta beauty	beaute_bienetre	Paris	75	1	https://www.kosytabeauty.com/
kouadiopatrice.site-solocal.com	Les Mascareignes	restauration	Toulouse	31	1	https://kouadiopatrice.site-solocal.com/
kousbi.fr	Kousbi	restauration	Lille	59	1	https://kousbi.fr/
kowclub.fr	Kow	restauration	Paris	75	1	https://www.kowclub.fr/
kowokfrance.fr	Kowok	restauration	Bordeaux	33	1	https://kowokfrance.fr/fr
koyonice.com	Koyo	restauration	Nice	6	1	https://www.koyonice.com/
krama.eatbu.com	Krama	restauration	Lille	59	1	https://krama.eatbu.com
kriscycles.fr	Kris' Cycles	services_proximite	Paris	75	1	https://kriscycles.fr/
krispykoreanchicken.com	Krispy	restauration	Paris	75	1	https://www.krispykoreanchicken.com
kronospeed.com	Kronospeed	services_proximite	Paris	75	1	https://kronospeed.com/
kroustyresto.fr	Krousty Sabaïdi	restauration	Paris	75	2	https://www.kroustyresto.fr/restaurant-thai-food/krousty-sabaidi-creteil
kscoiffure.com	K.S Coiffure	beaute_bienetre	Paris	75	1	https://www.kscoiffure.com/
ktsparis.com	KTS Film	artisanat_btp	Paris	75	1	https://www.ktsparis.com/
kube-food.fr	Kübe	restauration	Montpellier	34	1	https://kube-food.fr/
kulte-coiffure.fr	Kulte	beaute_bienetre	Lyon	69	1	https://www.kulte-coiffure.fr/
kumaisushi.fr	Kuma-Ï sushi	restauration	Montpellier	34	1	https://kumaisushi.fr/
kumquat-blagnac.fr	Kumquat	restauration	Toulouse	31	1	https://www.kumquat-blagnac.fr/
kumquat-cantine-vietnamienne.fr	Kumquat	restauration	Toulouse	31	1	https://kumquat-cantine-vietnamienne.fr/labege
kurebazaar.com	Kure Bazaar	beaute_bienetre	Paris	75	1	https://kurebazaar.com
kurryup.fr	Kurry Up	restauration	Lyon	69	1	https://kurryup.fr
kusadasi-marina.metro.rest	Kusadasi Marina	restauration	Strasbourg	67	1	https://kusadasi-marina.metro.rest/
kv-cut-hair.fr	KV Cut'Hair	beaute_bienetre	Paris	75	1	https://www.kv-cut-hair.fr
kweencarwash.com	Kween Carwash	automobile	Nimes	30	1	http://www.kweencarwash.com
kyoto-lille.fr	Kyoto	restauration	Lille	59	1	https://kyoto-lille.fr/
l-artelier.fr	L'ARTelier	artisanat_btp	Reims	51	1	https://www.l-artelier.fr/
l-atelier-regent.fr	L'atelier Regent	beaute_bienetre	Nantes	44	1	https://www.l-atelier-regent.fr/
l-atelier-restaurant-nice.com	L'Atelier	restauration	Nice	6	1	https://www.l-atelier-restaurant-nice.com/
l-idee-bois.com	L'Idée Bois	artisanat_btp	Lyon	69	1	https://l-idee-bois.com/
l-inattendue-restaurant-aubagne.com	L'Inattendue	restauration	Marseille	13	1	http://www.l-inattendue-restaurant-aubagne.com
l-olympique.fr	L'Olympique	restauration	Lyon	69	1	https://l-olympique.fr
l-onglerie.fr	L'onglerie	beaute_bienetre	Lyon	69	1	https://www.l-onglerie.fr/trouvez-votre-institut/institut-longlerie-lyon-saint-antoine
la-baie-des-singes.fr	La Baie des Singes	restauration	Marseille	13	1	https://www.la-baie-des-singes.fr/
la-boisee.business.site	La Boisée	restauration	Lyon	69	1	https://la-boisee.business.site/
la-bonne-soupe.com	À La Bonne Soupe	restauration	Lille	59	1	https://la-bonne-soupe.com
la-bottega.com	Restaurant In Bocca Lupo	restauration	Lille	59	1	https://www.la-bottega.com/in-bocca-al-lupo.php
la-boucherie.fr	La Boucherie	restauration	Lille	59	4	https://www.la-boucherie.fr/restaurant-viande/seclin/
la-braise-wattrelos.fr	Restaurant La Braise	restauration	Lille	59	1	https://www.la-braise-wattrelos.fr/
la-brasserie-du-parc.eatbu.com	La Brasserie du Parc	restauration	Bordeaux	33	1	https://la-brasserie-du-parc.eatbu.com/?lang=fr
la-brigade.fr	La Brigade	restauration	Paris	75	1	https://www.la-brigade.fr/
la-calabria.eatbu.com	La Calabria	restauration	Marseille	13	1	https://la-calabria.eatbu.com
la-canne-dargent.business.site	Canne d’Argent	restauration	Bordeaux	33	1	https://la-canne-dargent.business.site
la-cantine-des-canailles.eatbu.com	La Cantine des Canailles	restauration	Toulouse	31	1	https://la-cantine-des-canailles.eatbu.com/
la-casa-deya.eatbu.com	La Casa Deya	restauration	Montpellier	34	1	https://la-casa-deya.eatbu.com
la-cense.fr	La Cense	restauration	Lille	59	1	http://la-cense.fr/
la-charbonnade-nice.eatbu.com	La Charbonnade	restauration	Nice	6	1	https://la-charbonnade-nice.eatbu.com
la-chaumiere-nice.com	La Chaumière	restauration	Nice	6	1	https://la-chaumiere-nice.com/
la-coiffeliere.fr	La coiffelière	beaute_bienetre	Rouen	76	1	https://www.la-coiffeliere.fr/
la-colombe-dor.com	La Colombe d'Or	restauration	Nice	6	1	https://www.la-colombe-dor.com
la-compagnie-francaise.fr	La Compagnie Française	restauration	Toulouse	31	1	https://www.la-compagnie-francaise.fr/
la-cordonnerie-multiservices.business.site	La Cordonnerie Multiservices	services_proximite	Paris	75	1	https://la-cordonnerie-multiservices.business.site/
la-crepe-funky.jimdosite.com	La Crêpe Funky	restauration	Bordeaux	33	1	https://la-crepe-funky.jimdosite.com/
la-creperie-nicoise-restaurant-nice.fr	Crêperie Niçoise	restauration	Nice	6	1	https://www.la-creperie-nicoise-restaurant-nice.fr/
la-criee-des-gourmands.fr	La Criée des Gourmands	restauration	Toulouse	31	1	https://www.la-criee-des-gourmands.fr/
la-daurade-restaurant-marseille.fr	La Daurade	restauration	Marseille	13	1	https://www.la-daurade-restaurant-marseille.fr
la-favola.com	La Favola	restauration	Nice	6	1	https://la-favola.com/
la-friterie-c-est-arrive-pres-de-chez-vous.fr	La Friterie	restauration	Nice	6	1	https://www.la-friterie-c-est-arrive-pres-de-chez-vous.fr
la-gaite.com	La Gaîté!	restauration	Toulouse	31	1	http://www.la-gaite.com/
la-garenne-colombes.cyclable.com	Cyclable	services_proximite	Paris	75	1	https://la-garenne-colombes.cyclable.com/
la-gazelle.com	Cycles La Gazelle	services_proximite	Paris	75	1	http://www.la-gazelle.com
la-gouaille-restaurant-toulouse.fr	La Gouaille	restauration	Toulouse	31	1	https://www.la-gouaille-restaurant-toulouse.fr/
la-gourmandine.fr	La Gourmandine	restauration	Toulouse	31	1	https://www.la-gourmandine.fr/
la-grignotiere-restaurant-villefranche-sur-mer.com	La Grignotière	restauration	Nice	6	1	https://www.la-grignotiere-restaurant-villefranche-sur-mer.com/
la-grillade-du-dome.eatbu.com	La Grillade du Dôme	restauration	Marseille	13	1	la-grillade-du-dome.eatbu.com
la-kage.fr	La Kage	beaute_bienetre	Nantes	44	1	https://la-kage.fr/
la-locanda-restaurant-nice.com	La Locanda	restauration	Nice	6	1	https://www.la-locanda-restaurant-nice.com/
la-luck.com	Big Luck	restauration	Lille	59	1	https://www.la-luck.com/restaurants/big-luck
la-maison-des-raviolis.fr	La Maison des raviolis	restauration	Marseille	13	1	http://www.la-maison-des-raviolis.fr/site/index.html
la-maison-du-burger-hallenneslezhaubourdin.business.site	La Maison du Burger	restauration	Lille	59	1	https://la-maison-du-burger-hallenneslezhaubourdin.business.site/
la-maison-du-coiffeur.com	La Maison du Coiffeur	beaute_bienetre	Nantes	44	1	https://la-maison-du-coiffeur.com/
la-maison-du-coiffeur.fr	La Maison du Coiffeur	beaute_bienetre	Rouen	76	1	https://www.la-maison-du-coiffeur.fr/
la-maison-vieille-france.com	La Maison Vieille France	restauration	Montpellier	34	1	https://www.la-maison-vieille-france.com/
la-mamma-st-roch-restaurant-montpellier.com	La Mamma St Roch	restauration	Montpellier	34	1	https://www.la-mamma-st-roch-restaurant-montpellier.com/
la-meida.com	La Meïda	restauration	Lille	59	1	https://www.la-meida.com/
la-menuiserie-parisienne.com	Manufactura	artisanat_btp	Paris	75	1	https://www.la-menuiserie-parisienne.com
la-onda.fr	La Onda	restauration	Nice	6	1	http://www.la-onda.fr
la-pagaille.org	La Bidouille	services_proximite	Paris	75	1	https://la-pagaille.org/la-bidouille/
la-part-des-anges-restaurant-canejan.eatbu.com	La part des anges	restauration	Bordeaux	33	1	https://la-part-des-anges-restaurant-canejan.eatbu.com/?lang=fr
la-passerelle-marcq-en-baroeul.fr	La Passerelle	restauration	Lille	59	1	https://la-passerelle-marcq-en-baroeul.fr
la-pastarilla-nice.eatbu.com	La Pastarilla	restauration	Nice	6	1	https://la-pastarilla-nice.eatbu.com
la-pepiniere-de-max.fr	La Pépinière de Max	artisanat_btp	Caen	14	1	https://la-pepiniere-de-max.fr
la-perse-restaurant-toulouse.fr	La Perse Restaurant	restauration	Toulouse	31	1	https://la-perse-restaurant-toulouse.fr/
la-petite-nantaise.fr	La petite Nantaise	beaute_bienetre	Nantes	44	1	https://www.la-petite-nantaise.fr/
la-petite-robe-noire.fr	La Petite Robe Noire	restauration	Toulouse	31	1	https://la-petite-robe-noire.fr
la-phony.com	La Phony	services_proximite	Paris	75	1	https://la-phony.com
la-pizza.fr	La Pizza	restauration	Paris	75	1	https://www.la-pizza.fr/
la-pomme-kebab-ermont.business.site	La Pomme	restauration	Paris	75	1	https://la-pomme-kebab-ermont.business.site/
la-praia.metro.bar	La Praria	restauration	Nice	6	1	https://la-praia.metro.bar/?lang=fr
la-pratique.fr	La Pratique	restauration	Montpellier	34	1	https://la-pratique.fr/
la-prose-dejeuner-restaurant-perols.com	La Prose	restauration	Montpellier	34	1	https://www.la-prose-dejeuner-restaurant-perols.com
la-ptite-fourchette.zenchef.com	La petite fourchette	restauration	Lille	59	1	http://la-ptite-fourchette.zenchef.com/
la-ptitecocotte-nice.com	La P'tite Cocotte	restauration	Nice	6	1	https://www.la-ptitecocotte-nice.com/
la-santine.com	La Santine	restauration	Toulouse	31	1	https://www.la-santine.com/
la-table-a-julie-restaurant-nice.com	La Table "à" Julie	restauration	Nice	6	1	https://www.la-table-a-julie-restaurant-nice.com/
la-table-dauzeville.fr	La Table d'Auzeville	restauration	Toulouse	31	1	http://www.la-table-dauzeville.fr/
la-table-de-becassine-restaurant-bordeaux.fr	La table de Bécassine	restauration	Bordeaux	33	1	https://www.la-table-de-becassine-restaurant-bordeaux.fr/
la-table-de-lepicier-bordeaux.fr	La Table de l'Épicier	restauration	Bordeaux	33	1	https://la-table-de-lepicier-bordeaux.fr/fr
la-table-des-oliviers.com	La Table des Olivier	restauration	Toulouse	31	1	https://www.la-table-des-oliviers.com/
la-table-des-poetes.com	La Table des Poètes	restauration	Montpellier	34	1	https://la-table-des-poetes.com/
la-table.com	Croq d'Issy	restauration	Paris	75	1	www.la-table.com
la-table.fr	La Table	restauration	Lille	59	1	http://la-table.fr/
la-terrasse-baisieux.fr	La Terrase	restauration	Lille	59	1	https://www.la-terrasse-baisieux.fr
la-tonnelle.eatbu.com	La Tonnelle	restauration	Nice	6	1	https://la-tonnelle.eatbu.com
la-tour-de-pizz.com	La Tour de Pizz	restauration	Toulouse	31	1	https://www.la-tour-de-pizz.com/
la-trinacria.fr	La Trinacria	restauration	Lille	59	1	http://www.la-trinacria.fr/
la-vie-cyclette.com	La Vie Cyclette	services_proximite	Rennes	35	1	https://www.la-vie-cyclette.com/
la-vieille-assiette-lille-59000.zenchef.com	La Vieille Assiette	restauration	Lille	59	1	http://la-vieille-assiette-lille-59000.zenchef.com/
la-villa-massenet-restaurant-nice.com	La Villa Massenet	restauration	Nice	6	1	https://www.la-villa-massenet-restaurant-nice.com/
laanna.com	Laan Na	beaute_bienetre	Toulouse	31	1	https://www.laanna.com/
labaleinemarseille.com	Le ventre de la baleine	restauration	Marseille	13	1	https://labaleinemarseille.com/
labarbedepapa.fr	La Barbe de Papa	beaute_bienetre	Paris	75	1	https://www.labarbedepapa.fr/
labarbieredeparis.com	La Barbière de Paris	beaute_bienetre	Paris	75	1	https://www.labarbieredeparis.com/boutique/salon-bertin-poiree-barbier-haut-de-gamme-la-barbiere-de-paris
labeille-gourmande-bordeaux.eatbu.com	L’abeille gourmande	restauration	Bordeaux	33	1	https://labeille-gourmande-bordeaux.eatbu.com
label-cote.fr	Label Côte	restauration	Lille	59	1	https://www.label-cote.fr/
label-frite.fr	La Bel Frite	restauration	Lille	59	1	https://label-frite.fr/
labelferme.fr	Label Ferme	restauration	Paris	75	1	http://labelferme.fr/vue/accueil.php
labelleboucle.fr	La Belle Boucle	beaute_bienetre	Paris	75	3	https://labelleboucle.fr/pages/boutique/la-belle-boucle-studio-paris-11-eme
labellecoupelyon.fr	La Belle Coupe	beaute_bienetre	Lyon	69	1	https://www.labellecoupelyon.fr/
labellerose.fr	La Belle Rose	restauration	Bordeaux	33	1	http://www.labellerose.fr/
labellesouad.fr	La Belle Souad	restauration	Montpellier	34	1	https://labellesouad.fr/
labellevertebio.com	La Belle Verte	restauration	Toulouse	31	1	https://labellevertebio.com/
labelpoutine.com	Label'Poutine	restauration	Toulouse	31	1	https://www.labelpoutine.com/
labicycletteverte.com	La Bicyclette Verte	services_proximite	Toulouse	31	1	http://labicycletteverte.com/
labicyquiete.fr	Atelier La Bicy'quiète	services_proximite	Toulouse	31	1	https://www.labicyquiete.fr/
labioparthomas.fr	La Bio	beaute_bienetre	Rouen	76	1	https://www.labioparthomas.fr/
labiosthetique.fr	Préciosa Le Salon	beaute_bienetre	Lyon	69	1	https://www.labiosthetique.fr
laboiteacycle.fr	La Boîte à Cycle	services_proximite	Paris	75	1	https://www.laboiteacycle.fr
laboiteacycler.org	La Boîte à Cycler	services_proximite	Paris	75	1	http://www.laboiteacycler.org/
laboitealunch.fr	La Boîte à Lunch	restauration	Toulouse	31	1	https://www.laboitealunch.fr/
laboiteapizza.com	La Boîte à Pizza	restauration	Toulouse	31	1	https://www.laboiteapizza.com/tournefeuille/restaurant
labonita.fr	La Bonita	restauration	Toulouse	31	1	https://www.labonita.fr/
labonne-pause.fr	La Bonne Pause	restauration	Nice	6	1	https://www.labonne-pause.fr/
labonneetoile-nice.fr	La Bonne Étoile	restauration	Nice	6	1	https://labonneetoile-nice.fr/
labonnefrite.net	La Fringale	restauration	Lille	59	1	https://www.labonnefrite.net/carte
labonnepate.fr	La Bonne Pâte	restauration	Lille	59	1	https://www.labonnepate.fr/
labopc.fr	Labo PC	services_proximite	Paris	75	1	https://www.labopc.fr/
labottegapizzeria.fr	La Bottega	restauration	Marseille	13	1	https://labottegapizzeria.fr/
laboucherie34.com	La Boucherie	restauration	Montpellier	34	1	https://www.laboucherie34.com
laboulisterie.com	La Boulisterie Club	restauration	Nice	6	1	https://www.laboulisterie.com/club
laboutiquedumenuisier.fr	La Boutique du Menuisier	artisanat_btp	Toulouse	31	1	https://laboutiquedumenuisier.fr/boutiques/castes-diffusion-toulouse
laboutiquedunettoyage.fr	La Boutique du Nettoyage	automobile	Metz	57	1	https://www.laboutiquedunettoyage.fr
laboutiquedutriathlon.com	La boutique du triathlon	services_proximite	Paris	75	1	https://laboutiquedutriathlon.com/
labraisedoree.fr	La Braise Dorée	restauration	Paris	75	1	https://www.labraisedoree.fr
labraisiere.fr	L'Annexe de la Braisière	restauration	Toulouse	31	1	https://www.labraisiere.fr/annexe/
labrasseriedeschartrons.fr	La Brasserie des Chartrons	restauration	Bordeaux	33	1	https://labrasseriedeschartrons.fr/
labrigadedutif.com	La Brigade du Tif	beaute_bienetre	Toulouse	31	1	https://labrigadedutif.com/
labrocantine.fr	La Brocantine	restauration	Lille	59	1	https://labrocantine.fr/
labroche-notrerecettedukebab.com	La Broche	restauration	Lyon	69	1	https://www.labroche-notrerecettedukebab.com/
labustina.fr	La Bustina	restauration	Lille	59	1	http://labustina.fr/
lacabane-restaurant-villeneuve-loubet.fr	La Cabane	restauration	Nice	6	1	https://lacabane-restaurant-villeneuve-loubet.fr/
lacabane75.fr	La Cabane	restauration	Paris	75	1	https://www.lacabane75.fr
lacabaneapoke.com	La Cabane à Poké	restauration	Toulouse	31	1	https://www.lacabaneapoke.com/
lacabaneduseptentrion.fr	La Cabane	restauration	Lille	59	1	https://www.lacabaneduseptentrion.fr/
lacabinebeaute.fr	La Cabine Beauté	beaute_bienetre	Lyon	69	1	https://www.lacabinebeaute.fr/
lacafetchezmarcel.fr	La Cafét' Chez Marcel	restauration	Bordeaux	33	1	https://lacafetchezmarcel.fr/
lacalanqueblanche.fr	La calanque blanche	restauration	Marseille	13	1	https://lacalanqueblanche.fr/
lacambuse.com	La Cambuse	restauration	Nice	6	1	https://www.lacambuse.com/
lacantine-restaurant.fr		restauration	Paris	75	1	https://www.lacantine-restaurant.fr/
lacantinedememe.fr	La Cantine de Mémé	restauration	Nice	6	1	https://www.lacantinedememe.fr/
lacaravelle-marseille.com	La Caravelle	restauration	Marseille	13	1	https://www.lacaravelle-marseille.com/
lacarpekoi.com	La Carpe Koj	restauration	Nice	6	1	https://lacarpekoi.com/
lacasabianca.fr	La Casa Bianca	restauration	Lille	59	1	https://www.lacasabianca.fr/
lacasadelkebab.byclickeat.fr	La Casa Del Kebab	restauration	Marseille	13	1	https://lacasadelkebab.byclickeat.fr/
lacasbah-nice.fr	La Casbah	restauration	Nice	6	1	https://lacasbah-nice.fr/
lacassineduburger.com	La Cassine du Burger	restauration	Toulouse	31	1	https://lacassineduburger.com/
lacauseriedeschartrons.com	La Causerie Des Chartrons	restauration	Bordeaux	33	1	https://www.lacauseriedeschartrons.com
lacave-serebiffe.fr	La Cave se rebiffe	restauration	Toulouse	31	1	https://www.lacave-serebiffe.fr/
lacaveapizza.com	La Cave à Pizza	restauration	Marseille	13	1	https://lacaveapizza.com
lacavedufromager.fr	La Cave du Fromager	restauration	Nice	6	1	https://www.lacavedufromager.fr/
lacendree.com	La Cendrée	restauration	Toulouse	31	1	https://www.lacendree.com/
lacerisesurlapizza.com	La cerise sur la pizza	restauration	Paris	75	1	https://lacerisesurlapizza.com/
lachairdepoule.eatbu.com	Chair de poule	restauration	Paris	75	1	https://lachairdepoule.eatbu.com/?lang=fr
lachaiseauplafond.fr	La chaise au plafond	restauration	Lille	59	1	https://www.lachaiseauplafond.fr/
lachichoumeille.com	Pura Vida Montpellier	restauration	Montpellier	34	1	http://www.lachichoumeille.com/
lachiva.fr	La Chiva	restauration	Toulouse	31	1	https://lachiva.fr/
lachouetteparis.com	Café-vélo La Chouette	services_proximite	Paris	75	1	https://www.lachouetteparis.com/
laciergerie.eatbu.com	La ciergerie	restauration	Marseille	13	1	https://laciergerie.eatbu.com/
laciteduvin.com	Le 7	restauration	Bordeaux	33	1	https://www.laciteduvin.com/fr/restaurants-boutiques/le-7
laclairiere-bienetre.com	La Clairière	beaute_bienetre	Paris	75	1	https://laclairiere-bienetre.com/
laclairiere-restaurant.com	La Clairière	restauration	Lille	59	1	https://www.laclairiere-restaurant.com/
lacleducyclo.fr	LaCléduCyclo	services_proximite	Paris	75	1	https://lacleducyclo.fr/
lacliniquedusmartphone.com	Clinique du Smartphone	services_proximite	Lyon	69	1	https://www.lacliniquedusmartphone.com/
lacloche-resto.be	La cloche	restauration	Lille	59	1	http://www.lacloche-resto.be/
lacocina.fr	Lacocina	restauration	Strasbourg	67	1	https://www.lacocina.fr/
lacoiffurebyvero.fr	La coiffure by Vero	beaute_bienetre	Paris	75	1	http://www.lacoiffurebyvero.fr/
lacollation.fr	La Collation	restauration	Bordeaux	33	1	https://www.lacollation.fr
lacompagniedespergos.fr	La Pergola	restauration	Toulouse	31	1	http://lacompagniedespergos.fr/
lacop1ne.fr	La Cop1ne	restauration	Paris	75	1	https://lacop1ne.fr/
lacotedeboeuftoulouse.fr	La Côte de Boeuf	restauration	Toulouse	31	1	https://lacotedeboeuftoulouse.fr/
lacoteetlarete.fr	La Côte et l'Arête	restauration	Toulouse	31	1	https://www.lacoteetlarete.fr/
lacourdenana.fr	La Cour de Nana	restauration	Bordeaux	33	1	https://lacourdenana.fr
lacparis-travaux.fr	LAC-Paris	artisanat_btp	Paris	75	1	https://www.lacparis-travaux.fr/
lacquemantdelille.fr	Lacquemant de Lille	restauration	Lille	59	1	https://lacquemantdelille.fr
lacremedeparis.com	La Crème de Paris	restauration	Paris	75	1	https://www.lacremedeparis.com/
lacrepeaucarre.com	La Crêpe au Carré	restauration	Marseille	13	1	http://lacrepeaucarre.com
lacreperiedelille.fr	La Crêperie de Lille	restauration	Lille	59	1	https://www.lacreperiedelille.fr/
lacreperiefrancaise.paris	La Crêperie Française	restauration	Paris	75	1	https://www.lacreperiefrancaise.paris
lacrisepizza.fr	Pizza street	restauration	Montpellier	34	1	https://www.lacrisepizza.fr/
lacroissanterie.fr	La Croissanterie	restauration	Paris	75	4	https://www.lacroissanterie.fr/sandwicherie-boulangerie/la-croissanterie-centre-commercial-leclerc-moisselles/
lacryo.fr	Lacryo	beaute_bienetre	Paris	75	1	https://lacryo.fr/
lacuisineameme.fr	La Cuisine à Mémé	restauration	Toulouse	31	1	https://www.lacuisineameme.fr/
lacuisinededany.fr	La Cuisine de Dany	restauration	Toulouse	31	1	https://www.lacuisinededany.fr
lacuisinedejean.fr	La cuisine de Jean	restauration	Toulouse	31	1	http://lacuisinedejean.fr/
lacuisinedelarc.fr	La Cuisine de l'Arc	restauration	Marseille	13	1	https://www.lacuisinedelarc.fr/page/3383929-accueil
lacuisinedemoudery.fr	La Cuisine Moudery	restauration	Lyon	69	1	https://www.lacuisinedemoudery.fr
ladelita.com	L'Adelita	restauration	Paris	75	1	http://www.ladelita.com
laderailleuse-grenoble.fr	La Dérailleuse	services_proximite	Grenoble	38	1	https://laderailleuse-grenoble.fr/
ladouceparenthesesalondethe.fr	La Douce Parenthèse	restauration	Bordeaux	33	1	https://www.ladouceparenthesesalondethe.fr/
ladresse-macquaire.com	L’adresse Stéphane Macquaire	beaute_bienetre	Paris	75	1	http://www.ladresse-macquaire.com/
laducasse.fr	La Ducasse	restauration	Lille	59	1	https://www.laducasse.fr/
lady-sushi.fr	Lady Sushi	restauration	Toulouse	31	7	https://lady-sushi.fr/
lafabricbydaoudi.fr	La Fabric by Daoudi	restauration	Strasbourg	67	1	https://lafabricbydaoudi.fr/
lafabrictoulousecptle.wordpress.com	La Fabric	restauration	Toulouse	31	1	https://lafabrictoulousecptle.wordpress.com
lafabrik-nice.com	La Fabrik	restauration	Nice	6	1	https://lafabrik-nice.com/
lafabrikacoiffer.fr	La Fabrik à coiffer	beaute_bienetre	Nantes	44	1	https://www.lafabrikacoiffer.fr
lafabriquedescyclistes.fr	La Fabrique des Cyclistes	services_proximite	Paris	75	1	https://lafabriquedescyclistes.fr
lafafamobile.com	Lafafamobile	services_proximite	Paris	75	1	https://www.lafafamobile.com
lafaimdesharicots.fr	La Faim des Haricots	restauration	Toulouse	31	1	http://www.lafaimdesharicots.fr
lafamillemontpellier.com	La Famille	restauration	Montpellier	34	1	https://lafamillemontpellier.com
lafenetrebordelaise.fr	La Fenêtre Bordelaise	artisanat_btp	Bordeaux	33	1	https://www.lafenetrebordelaise.fr/agences/bordeaux-cours-clemenceau/
lafermedebruges.com	La Ferme de Bruges	restauration	Bordeaux	33	1	https://lafermedebruges.com/
lafermeducompostelle.com	La Ferme du Compostelle	restauration	Bordeaux	33	1	https://www.lafermeducompostelle.com
lafermette.fr	La Fermette	restauration	Lille	59	1	https://lafermette.fr
lafianceedupirate.org	La Fiancée du Pirate	restauration	Lille	59	1	http://www.lafianceedupirate.org/
laficelle.business.site	La ficelle	restauration	Nice	6	1	https://laficelle.business.site/
lafinebouche33.com	La fine Bouche	restauration	Bordeaux	33	1	https://www.lafinebouche33.com/
lafixerie.fr	La Fixerie	services_proximite	Toulouse	31	1	https://www.lafixerie.fr
laflara.fr	La Flara	restauration	Nice	6	1	https://www.laflara.fr
lafleurdehoublon.fr	Fleur de Houblon - L'Estaminet	restauration	Lille	59	1	https://lafleurdehoublon.fr/
lafleurdelille-restaurant.fr	La Fleur de Lille	restauration	Lille	59	1	http://lafleurdelille-restaurant.fr/
laforgecatalane.com	La Forge Catalane	artisanat_btp	Perpignan	66	1	https://laforgecatalane.com/
laforgedeleognan.fr	La Forge de Léognan	restauration	Bordeaux	33	1	https://www.laforgedeleognan.fr/
lafrairie.com	La Frairie	restauration	Paris	75	1	https://lafrairie.com
lafraisecycles.fr	Lafraise Cycles	services_proximite	Lille	59	1	https://www.lafraisecycles.fr/
lafriche.org	Les Grandes Tables	restauration	Marseille	13	1	https://www.lafriche.org/la-friche/lieux/les-grandes-tables/
lafrichegourmande.com	La Friche Gourmande	restauration	Lille	59	1	http://www.lafrichegourmande.com/
lagaitenallino.fr	La gaîté nallino	restauration	Nice	6	1	http://lagaitenallino.fr/
lagalerie-paris.fr	La Galerie	restauration	Paris	75	1	https://www.lagalerie-paris.fr
lagaletterie.com	La Galetterie	restauration	Paris	75	1	https://www.lagaletterie.com
lagalioterestaurant.com	La Galiote	restauration	Lille	59	1	https://www.lagalioterestaurant.com
lagardemeregnani.fr	Lagarde & Mérégnani	artisanat_btp	Nancy	54	1	https://www.lagardemeregnani.fr/
lagarennepizza.com	La Garenne Pizza	restauration	Paris	75	1	https://lagarennepizza.com/
lagazza-ladra.fr	La Gaza Ladra	restauration	Lille	59	1	https://lagazza-ladra.fr/
lagina-ristorante.fr	La Gina Ristorante	restauration	Toulouse	31	1	https://lagina-ristorante.fr/
lagoelette-saintjeancapferrat.fr	La Goëlette	restauration	Nice	6	1	https://lagoelette-saintjeancapferrat.fr/
lagoon-wash.business.site	Lagoon Wash	services_proximite	Paris	75	1	https://lagoon-wash.business.site/
lagourmandinecotecathedrale.fr	La Gourmandine	restauration	Toulouse	31	1	https://lagourmandinecotecathedrale.fr/
lagrandpizzeria.fr	La Grand' Pizzeria	restauration	Toulouse	31	1	https://lagrandpizzeria.fr/
lagrangeavelo.com	La Grange à Vélo	services_proximite	Grenoble	38	1	https://www.lagrangeavelo.com/
lagrangeavelos.fr	La Grange à Vélos	services_proximite	Paris	75	1	https://lagrangeavelos.fr
lagrotte-13.com	Bar Restaurant de La Grotte	restauration	Marseille	13	1	http://www.lagrotte-13.com
laguerre.fr	Laguerre	artisanat_btp	Rouen	76	1	http://www.laguerre.fr/
laguinguette-enlair.fr	La guinguette en l'air	restauration	Toulouse	31	1	https://laguinguette-enlair.fr/
laguinguettederogeretfifi.eatbu.com	La guinguette de Roger & Fifi	restauration	Montpellier	34	1	https://laguinguettederogeretfifi.eatbu.com/?lang=fr
lahaltedegairaut.fr	La halte de Gairaut	restauration	Nice	6	1	https://lahaltedegairaut.fr
lahcen.idouakass.free.fr	Le Safran	restauration	Toulouse	31	1	http://lahcen.idouakass.free.fr/
lahowarderie.be	La Howarderie	restauration	Lille	59	1	https://www.lahowarderie.be/
lairedefamille.com	l'Aire de Famille	restauration	Lille	59	1	https://www.lairedefamille.com/nl/adres-contact/
laissezlesfers.com	Laissez Les Fers	services_proximite	Nice	6	1	https://www.laissezlesfers.com/
lakasbah.fr	La Kasbah	restauration	Toulouse	31	1	https://www.lakasbah.fr
lakazcaribbean.fr	La Kaz' Caribbean	restauration	Bordeaux	33	1	https://lakazcaribbean.fr/
lakazdalerie.fr	La Kazdalerie	restauration	Paris	75	1	https://www.lakazdalerie.fr/
lakson.fr	Laksøn	restauration	Lille	59	1	http://www.lakson.fr
lalabeaute.fr	Lala Beauté	beaute_bienetre	Paris	75	1	https://www.lalabeaute.fr
lalaiterie.fr	La laiterie	restauration	Lille	59	1	https://www.lalaiterie.fr/
lalangouste.fr	La Langouste	restauration	Nice	6	1	https://lalangouste.fr
lalavandiere35.fr	La Lavandière des Lices	services_proximite	Rennes	35	1	https://lalavandiere35.fr/contact/#leslices
lalcala.com	L'Alcala	restauration	Bordeaux	33	1	https://www.lalcala.com/
lalchimie-restaurant.com	l'Alchimie	restauration	Nice	6	1	https://www.lalchimie-restaurant.com/
lalcove-paris.com	L'Alcôve	beaute_bienetre	Paris	75	1	https://www.lalcove-paris.com
laleatable.com	L'Aléa Table	restauration	Toulouse	31	1	https://www.laleatable.com
lalliancedesplaisirs.fr	L'Alliance des Plaisirs	restauration	Montpellier	34	1	http://www.lalliancedesplaisirs.fr
laloi-menuiseries.com	Laloi Menuiseries	artisanat_btp	Toulouse	31	1	https://www.laloi-menuiseries.com
lalouer-boucher.com	Lalouer Boucher SCOP	artisanat_btp	Brest	29	1	https://www.lalouer-boucher.com/
lalouette.metro.rest	L'Alouette	restauration	Toulouse	31	1	https://lalouette.metro.rest/
laloukapizzeria.fr	La Louka Pizzeria	restauration	Toulouse	31	1	https://www.laloukapizzeria.fr/carte-1
lalucklille.com	La Luck	restauration	Lille	59	1	http://www.lalucklille.com/
lalveola.com	L'Alveola, Pizza al taglio	restauration	Marseille	13	1	https://www.lalveola.com/
lam-marseille.fr	LAM	services_proximite	Marseille	13	3	lam-marseille.fr
lamainalapate.pizza	La main à la pâte	restauration	Lille	59	1	https://www.lamainalapate.pizza/
lamaisonauteuil.fr	La Maison Auteuil	beaute_bienetre	Paris	75	1	http://lamaisonauteuil.fr
lamaisondanna.org	La Maison d'Anna	restauration	Montpellier	34	1	https://lamaisondanna.org/
lamaisondebeaute.fr	La Maison de Beauté	beaute_bienetre	Toulouse	31	1	https://www.lamaisondebeaute.fr/
lamaisondemarie.com	La Maison de Marie	restauration	Nice	6	1	https://www.lamaisondemarie.com/
lamaisonduplacard.fr	La maison du placard	artisanat_btp	Paris	75	1	https://lamaisonduplacard.fr/pages/magasin.php?id=10
lamaisondutuina.com	La maison de tui na	beaute_bienetre	Paris	75	1	https://lamaisondutuina.com
lamanne.fr	Le Levant	restauration	Marseille	13	1	https://www.lamanne.fr/
lamanufacturerestaurant.com	La Manufacture	restauration	Toulouse	31	1	https://www.lamanufacturerestaurant.com/
lamanufacturetoulouse.fr	La Manufacture	restauration	Toulouse	31	1	https://lamanufacturetoulouse.fr
lambert-licorni.fr	Ambert icorni	artisanat_btp	Nancy	54	1	https://www.lambert-licorni.fr/
lamedee.fr	L'Amédée	restauration	Bordeaux	33	1	https://www.lamedee.fr/
lamenuiseriedechampagne.com	La Menuiserie de Champagne	artisanat_btp	Reims	51	1	http://lamenuiseriedechampagne.com/
lamerebrazier.fr	Mère Brazier	restauration	Lyon	69	1	https://lamerebrazier.fr
lamerenda.net	La Merenda	restauration	Nice	6	1	https://lamerenda.net/
lamesadelola.com	La Mesa de Lola	restauration	Toulouse	31	1	https://lamesadelola.com/
lamiecaline.com	La Mie Câline	restauration	Lille	59	1	https://www.lamiecaline.com/boutiques/lille-gambetta/
lamilonga-toulouse.fr	La Milonga	restauration	Toulouse	31	1	http://www.lamilonga-toulouse.fr/
lamire-securite.com	Lamiré Sécurité	artisanat_btp	Brest	29	1	https://lamire-securite.com
lamontgolfiere.mc	La Montgolfière	restauration	Nice	6	1	http://www.lamontgolfiere.mc/
lamourapizza.fr	L'Amoura Pizza	restauration	Toulouse	31	1	http://lamourapizza.fr/
lamsbarber.fr	Lam’s Barber	beaute_bienetre	Lyon	69	1	https://www.lamsbarber.fr/
lancetahache.fr	Lance Ta Hache	restauration	Montpellier	34	1	https://lancetahache.fr/
landot-john.business.site	John Landot	beaute_bienetre	Paris	75	1	https://landot-john.business.site
landrover-rennes.com	Mail Automobiles	automobile	Rennes	35	1	https://www.landrover-rennes.com/
lanipote.fr	La Nipote	restauration	Montpellier	34	1	https://lanipote.fr
lannexe-diep.eatbu.com	L'annexe "Diep"	restauration	Paris	75	1	https://lannexe-diep.eatbu.com/?lang=fr
lannexe-lille.fr	L'Annexe	restauration	Lille	59	1	https://www.lannexe-lille.fr
lanoria-toulouse.fr	La Noria	restauration	Toulouse	31	1	https://lanoria-toulouse.fr/
lanotebleue.mc	La Note Bleue	restauration	Nice	6	1	https://lanotebleue.mc/
lanouvellegarde.com	Brasserie Vinatier	restauration	Bordeaux	33	1	https://lanouvellegarde.com/fr/brasserie-vinatier/
lantawok.com	Cali Crousty	restauration	Paris	75	1	http://www.lantawok.com
lantica.fr	L'Antica	restauration	Nice	6	1	https://lantica.fr/fr
lanticapizzeria.fr	L'Antica	restauration	Toulouse	31	1	https://lanticapizzeria.fr/
lantidotenice.fr	l'antidote	restauration	Nice	6	1	https://lantidotenice.fr
lantidotespa.com	L'Antidote	beaute_bienetre	Saint-Etienne	42	1	http://www.lantidotespa.com
lantrecoupe-genay.fr	L’Antre Coupe	beaute_bienetre	Lyon	69	1	https://lantrecoupe-genay.fr/
laovientiane.fr	Lao Vientiane	restauration	Nice	6	1	https://laovientiane.fr/
lapailloteacrepes.com	La paillote à crepes	restauration	Montpellier	34	2	https://www.lapailloteacrepes.com/
lapaniolade.fr	La Paniolade	restauration	Toulouse	31	1	https://www.lapaniolade.fr/
lapanuquera.com	Pizzeria La Panuquera	restauration	Toulouse	31	1	https://www.lapanuquera.com/
laparentaiseinstitut.fr	La Parent'Aise	beaute_bienetre	Paris	75	1	https://www.laparentaiseinstitut.fr/
lapartdesangesmontpellier.com	La Part des Anges	restauration	Montpellier	34	1	https://www.lapartdesangesmontpellier.com/
lapataterie.fr	La Pataterie	restauration	Montpellier	34	1	https://www.lapataterie.fr
lapatronne.eatbu.com	Pizza La Patronne	restauration	Marseille	13	1	https://lapatronne.eatbu.com/
lapause-villejuif.fr	La Pause	restauration	Paris	75	1	https://www.lapause-villejuif.fr/
lapauselibanaise.com	La Pause Libanaise Street Food	restauration	Paris	75	1	https://lapauselibanaise.com/
lapechealavigne.com	La Peche à la Vigne	restauration	Nice	6	1	https://lapechealavigne.com/
lapetiteauberge-haubourdin.fr	La Petite Auberge	restauration	Lille	59	1	https://www.lapetiteauberge-haubourdin.fr/
lapetitecaillefives.net	La Petite Caille	restauration	Lille	59	1	https://lapetitecaillefives.net/
lapetitecour-lille.fr	La Petite Cour	restauration	Lille	59	1	http://www.lapetitecour-lille.fr
lapetitecuisinedemarguerite.fr	La petite cuisine de Marguerite	restauration	Bordeaux	33	1	https://lapetitecuisinedemarguerite.fr/
lapetitefermelyon.fr	La Petite Ferme	restauration	Lyon	69	1	https://lapetitefermelyon.fr
lapetitepause.fr	La Petite Pause	restauration	Strasbourg	67	3	https://www.lapetitepause.fr/
lapetiterennes.org	La Petite Rennes	services_proximite	Rennes	35	1	https://lapetiterennes.org/
lapetiterockette.org	La Cycklette	services_proximite	Paris	75	1	http://www.lapetiterockette.org/atelier_velo_cooperatif_cycklette/
lapetitesavoie.fr	La Petite Savoie	restauration	Bordeaux	33	1	http://www.lapetitesavoie.fr/
lapetitetable-vieuxlille.com	La Petite Table	restauration	Lille	59	1	http://www.lapetitetable-vieuxlille.com/
lapeveledalorenzo.fr	La Pévèle da Lorenzo	restauration	Lille	59	1	http://www.lapeveledalorenzo.fr/
lapiazza-bousbecque.fr	La Piazza	restauration	Lille	59	1	https://lapiazza-bousbecque.fr/
lapiazzadesfrangins.com	La Piazza des Frangins	restauration	Marseille	13	1	https://lapiazzadesfrangins.com/
lapignata-nice.zenchef.com	La Pignata	restauration	Nice	6	1	https://lapignata-nice.zenchef.com/
lapinederestaurant.com	La Pinède	restauration	Nice	6	1	https://www.lapinederestaurant.com
lapizz-bordeaux.fr	La Pizz	restauration	Bordeaux	33	1	http://lapizz-bordeaux.fr/
lapizzaaufeudebois06.fr	La pizza au feu du bois	restauration	Nice	6	1	https://lapizzaaufeudebois06.fr/
lapizzadenico.com	La Pizza de Nico	restauration	Bordeaux	33	3	https://lapizzadenico.com/restaurant/le-pian-medoc/
lapizzadudimanchesoir.fr	La Pizza du Dimanche Soir	restauration	Paris	75	1	https://lapizzadudimanchesoir.fr/nos-boutiques/
lapizzafanny.fr	La pizz'a Fanny	restauration	Bordeaux	33	1	https://www.lapizzafanny.fr/
lapizzalesite.fr	La Pizza	restauration	Paris	75	1	http://www.lapizzalesite.fr/
lapizzatheque.fr	La Pizzathèque	restauration	Toulouse	31	1	https://www.lapizzatheque.fr/
lapizzatiere.fr	La Pizzatière	restauration	Toulouse	31	1	http://www.lapizzatiere.fr/nos-magasins/tournefeuille
lapizzeria-roncq.com	La Pizzeria du Blanc-Four	restauration	Lille	59	1	http://www.lapizzeria-roncq.com/
lapizzeria31.fr	La Pizzeria	restauration	Toulouse	31	1	https://www.lapizzeria31.fr/
lapizzeriasicilia.fr	La Sicilia	restauration	Lyon	69	1	https://www.lapizzeriasicilia.fr/
laplanchti.eatbu.com	La Planch'Ti	restauration	Lille	59	1	https://laplanchti.eatbu.com/?lang=fr
laplanxa.fr	La Planxa	restauration	Nice	6	1	https://www.laplanxa.fr/
laplomberiefrancaise.fr	La Plomberie Française - LPF	artisanat_btp	Rennes	35	1	https://www.laplomberiefrancaise.fr/
lapopotedeginette.fr	La popote de Ginette	restauration	Lyon	69	1	https://lapopotedeginette.fr
laposevegetale.fr	La Pose Végétale	beaute_bienetre	Saint-Etienne	42	1	https://www.laposevegetale.fr/saint-etienne
laprairiemimosa.com	Le Montys	restauration	Montpellier	34	1	http://www.laprairiemimosa.com/
lapreskil-sarcelles.com	Le Preskil	restauration	Paris	75	1	http://www.lapreskil-sarcelles.com/
laptiteadresse-cysoing.com	La P'tite Adresse	restauration	Lille	59	1	http://www.laptiteadresse-cysoing.com/
laptiterustine.fr	La P'tite Rustine	services_proximite	Lyon	69	1	https://www.laptiterustine.fr/
lapulcinella.com	Pulcinella	restauration	Marseille	13	1	http://www.lapulcinella.com/
lar21.fr	Lar 21	beaute_bienetre	Paris	75	1	http://lar21.fr/
larajasthani.fr	La Rajasthani	restauration	Toulouse	31	1	https://www.larajasthani.fr/
larat.com	Menuiserie Larat	artisanat_btp	Lyon	69	1	https://www.larat.com/
larbois.fr	La Table de L’Arbois	restauration	Marseille	13	1	http://www.larbois.fr/pageDynamique.php?titre=Restaurant&page_id=1
larbre-restaurant.fr	L'Arbre Blanc	restauration	Montpellier	34	1	https://larbre-restaurant.fr/
larbre.com	Restaurant de l'Arbre	restauration	Lille	59	1	https://www.larbre.com
larbreasushi.eatbu.com	L'Arbre à Sushi	restauration	Toulouse	31	1	https://larbreasushi.eatbu.com/
lardoise-brasserie.zenchef.com	L'ardoise	restauration	Lille	59	1	http://lardoise-brasserie.zenchef.com/
lardoisebeauzelle.sitew.fr	L'Ardoise	restauration	Toulouse	31	1	https://lardoisebeauzelle.sitew.fr/
larepasserie91.fr	La Repasserie 91	services_proximite	Paris	75	1	https://www.larepasserie91.fr/
lareservedenice.fr	La Réserve	restauration	Nice	6	1	https://www.lareservedenice.fr/fr/
lareservetoulouse.fr	La Réserve	restauration	Toulouse	31	1	https://www.lareservetoulouse.fr/
largilla.blogspot.fr	L’Argilla - Restaurant L'Atelier Culinaire	restauration	Marseille	13	1	http://largilla.blogspot.fr/p/la-carte.html
larivierarestaurant.fr	La Riviera	restauration	Marseille	13	1	https://larivierarestaurant.fr/
larlequinmontpellier.com	L'Arlequin	restauration	Montpellier	34	1	https://larlequinmontpellier.com/
laroma-pizza.com	La Roma Pizza	restauration	Bordeaux	33	1	https://laroma-pizza.com
laroma-pizza.fr	La Roma pizza	restauration	Bordeaux	33	1	https://laroma-pizza.fr/
laromat.com	L'Aromat	restauration	Marseille	13	1	https://www.laromat.com/
laromate.fr	Aromate	restauration	Nice	6	1	https://laromate.fr
laromatheque.fr	L'aromathèque	beaute_bienetre	Lyon	69	1	http://www.laromatheque.fr
larossettisserie.com	La Rossettisserie	restauration	Nice	6	1	https://www.larossettisserie.com/
laroueliber.fr	La Roue Liber	services_proximite	Paris	75	1	https://laroueliber.fr/
larouelibre-grenoble.fr	La Roue Libre	services_proximite	Grenoble	38	1	https://larouelibre-grenoble.fr/
larouelibre.fr	La Roue Libre Cagnes	services_proximite	Nice	6	2	https://www.larouelibre.fr
larripa-peinture.com	Pierre Larripa	artisanat_btp	Pau	64	1	https://larripa-peinture.com/
lart-des-mets.com	L'Art des Mets	restauration	Marseille	13	1	http://www.lart-des-mets.com
lart2plr-coiffure.fr	L'Art 2Pl'r	beaute_bienetre	Paris	75	1	https://www.lart2plr-coiffure.fr/
lartimon.com	L'Artimon	restauration	Montpellier	34	1	https://www.lartimon.com/
lartisanbarbier.com	L'Artisan Barbier	beaute_bienetre	Lyon	69	1	https://www.lartisanbarbier.com
lartisanburger.com	Lart’isan Burger	restauration	Lyon	69	1	https://lartisanburger.com/
lartisancoiffeur92.com	L'Artisan Coiffeur	beaute_bienetre	Paris	75	1	https://www.lartisancoiffeur92.com/
lartisanpizzaiolo.fr	Escal'Istanbul	restauration	Toulouse	31	1	https://lartisanpizzaiolo.fr
laruche-marseille.fr	La Ruche	restauration	Marseille	13	1	http://www.laruche-marseille.fr/
las-du-manouche.cover.page	L’As du Man’ouché	restauration	Paris	75	1	https://las-du-manouche.cover.page/
las2pizz.fr	L'As 2 Pizz	restauration	Toulouse	31	1	https://www.las2pizz.fr/
lasabicherie.com	La Sabicherie	restauration	Paris	75	1	https://www.lasabicherie.com/
lasandwicherie-stains.fr	La Sandwicherie	restauration	Paris	75	1	http://lasandwicherie-stains.fr/
lasardinebleue.org	La Sardine Bleue	services_proximite	Paris	75	1	https://lasardinebleue.org/
lascala-merignac.com	L'Escale à Pizza	restauration	Bordeaux	33	1	https://lascala-merignac.com/
laschicas.fr	Las Chicas	restauration	Toulouse	31	1	https://laschicas.fr/
lasdushawarma.fr	L'As du Shawarma	restauration	Paris	75	1	https://lasdushawarma.fr/fr
laseraddict.fr	LaserAddict	beaute_bienetre	Saint-Etienne	42	1	https://laseraddict.fr/centre/laseraddict-saint-etienne/
laserenata.fr	La Serenata	restauration	Marseille	13	1	https://www.laserenata.fr/
lasicilienne.fr	La Sicilienne	restauration	Paris	75	1	http://www.lasicilienne.fr/
lasirene.paris	La Sirène	services_proximite	Paris	75	1	https://www.lasirene.paris
lasoupeaucaillou.fr	La soupe au caillou	restauration	Toulouse	31	1	http://lasoupeaucaillou.fr/
lasourisverte.org	Atelier de la Souris Verte	services_proximite	Saint-Etienne	42	1	https://lasourisverte.org
lasquadrawambrechies.com	La Squadra	restauration	Lille	59	1	https://www.lasquadrawambrechies.com/
lassiettedelepicerie.blogspot.com	L'Assiette de l'Epicerie	restauration	Bordeaux	33	1	https://lassiettedelepicerie.blogspot.com/
lassiettevoyageuse31.fr	L'Assiette Voyageuse 31	restauration	Toulouse	31	1	https://www.lassiettevoyageuse31.fr/
lastazione-cassis.com	La Stazione	restauration	Marseille	13	1	https://lastazione-cassis.com/
lastorianice.com	La Storia	restauration	Nice	6	1	https://www.lastorianice.com/
latable5.com	La Table Cinq	restauration	Marseille	13	1	http://www.latable5.com/
latabledarcins.com	La Table d'Arcins	restauration	Bordeaux	33	1	https://latabledarcins.com
latabledaugustin.fr	La Table d'Augustin	restauration	Marseille	13	1	http://www.latabledaugustin.fr/
latablededomi.fr	La Table de Domi	restauration	Nice	6	1	https://www.latablededomi.fr/
latablededouard.fr	La Table d'Édouard	restauration	Lille	59	1	https://www.latablededouard.fr/
latabledelaurent.com	La Table de Laurent	restauration	Toulouse	31	1	https://latabledelaurent.com/
latabledemamane.fr	La table de Mamane	restauration	Nice	6	1	https://www.latabledemamane.fr/
latabledemiletoulouse.fr	La Table d'Emile & Fernand	restauration	Toulouse	31	1	https://www.latabledemiletoulouse.fr/
latabledesbaous.fr	La Table des Baous	restauration	Nice	6	1	https://latabledesbaous.fr/
latabledevoltaire.wixsite.com	La Table de Voltaire	restauration	Marseille	13	1	http://latabledevoltaire.wixsite.com/restaurant
latableducolysee.fr	La Table du Colysée	restauration	Lille	59	1	https://www.latableducolysee.fr/
latabledufort.fr	La Table du Fort	restauration	Marseille	13	1	https://www.latabledufort.fr/
latabledusiam.fr	La Table de Siam	restauration	Lille	59	1	http://www.latabledusiam.fr
latablemarocaine34.fr	La Table Marocaine	restauration	Montpellier	34	1	https://latablemarocaine34.fr
lataqueriatoulouse.fr	La Taqueria Toulouse	restauration	Toulouse	31	1	https://lataqueriatoulouse.fr/
latartane.eatbu.com	La Tartane	restauration	Nice	6	1	https://latartane.eatbu.com
latarterietoulouse.fr	La Tarterie	restauration	Toulouse	31	1	https://www.latarterietoulouse.fr/
latasca.fr	La Tasca	restauration	Marseille	13	1	https://www.latasca.fr/
lataverne-eze.fr	La Taverne	restauration	Nice	6	1	https://www.lataverne-eze.fr/
lateinturerie.fr	Koala Pressing	services_proximite	Paris	75	1	https://www.lateinturerie.fr
latelier-de-leclat.fr	L'Atelier de l'Éclat	services_proximite	Rennes	35	1	https://latelier-de-leclat.fr
latelier-deugenie.fr	L'Atelier d'Eugénie	beaute_bienetre	Lyon	69	1	https://www.latelier-deugenie.fr/
latelier-pizza-lyon.eatbu.com	L'atelier Pizza	restauration	Lyon	69	1	https://latelier-pizza-lyon.eatbu.com
latelier29.business.site	Atelier 29	restauration	Montpellier	34	1	https://latelier29.business.site/
latelier78.com	L'Atelier	services_proximite	Paris	75	1	https://latelier78.com/
latelierach.fr	L'Atelier Ach	beaute_bienetre	Paris	75	1	https://www.latelierach.fr/
lateliercoiffure-salon.fr	L’atelier Coiffure	beaute_bienetre	Nantes	44	1	http://lateliercoiffure-salon.fr/
lateliercoiffuremazargues.fr	Coiffure Mazargues Marseille	beaute_bienetre	Marseille	13	1	http://www.lateliercoiffuremazargues.fr/
latelierdebecky.com	L'Atelier de Becky	services_proximite	Montpellier	34	1	https://latelierdebecky.com/
latelierdecristina.com	L'atelier de Cristina	beaute_bienetre	Paris	75	1	http://latelierdecristina.com/
latelierdelecharpe.fr	L'Atelier de l'Écharpe	restauration	Toulouse	31	1	http://www.latelierdelecharpe.fr/
latelierdemaud.fr	L'atelier de Maud	beaute_bienetre	Toulouse	31	1	https://www.latelierdemaud.fr/
latelierdemilhane95.fr	L'Atelier de Milhane	beaute_bienetre	Paris	75	1	https://www.latelierdemilhane95.fr/
latelierderetouches.fr	L'Atelier de Retouches	beaute_bienetre	Lyon	69	1	https://www.latelierderetouches.fr
latelierdesam.com	L'Atelier de Sam	beaute_bienetre	Paris	75	1	https://www.latelierdesam.com
latelierdesplats.wixsite.com	L'Atelier des Plats	restauration	Toulouse	31	1	http://latelierdesplats.wixsite.com/restaurant
latelierdu2roues.com	L'atelier du 2 roues	automobile	Toulon	83	1	https://www.latelierdu2roues.com/
latelierduciseau.com	L'atelier du Ciseau	beaute_bienetre	Rouen	76	1	https://www.latelierduciseau.com/
latelierduvelo-cachan.fr	L'atelier du vélo	services_proximite	Paris	75	1	http://latelierduvelo-cachan.fr/
latelieressonne.fr	L'Atelier	beaute_bienetre	Paris	75	1	https://www.latelieressonne.fr/
latelierlior.com	L'Atelier Lior	beaute_bienetre	Paris	75	1	https://www.latelierlior.com
latelierm-menuiserie.fr	LAtelier M	artisanat_btp	Troyes	10	1	https://latelierm-menuiserie.fr
lateliersando.fr	L'atelier Sando	restauration	Paris	75	1	https://lateliersando.fr/
laterrasse-nice.com	La Terrasse	restauration	Nice	6	1	https://www.laterrasse-nice.com/
laterrasse-restaurant.com	La Terrasse du Bouscat	restauration	Bordeaux	33	1	https://www.laterrasse-restaurant.com/
laterrasseduheron.fr	La Terrasse du Héron	restauration	Lille	59	1	https://www.laterrasseduheron.fr/
latitudezen-institutdebeaute.com	Latitude Zen	beaute_bienetre	Paris	75	1	https://latitudezen-institutdebeaute.com
latmo-pizzas-and-burgers.business.site	L'Atmo Pizza	restauration	Lille	59	1	https://latmo-pizzas-and-burgers.business.site/
latomate.eatbu.com	La Tomate	restauration	Montpellier	34	1	https://latomate.eatbu.com/
latopina.com	Café-Restaurant culturel occitan La Topina	restauration	Toulouse	31	1	https://latopina.com/
latourdepiza.com	La Tour de Piz'a	restauration	Montpellier	34	1	https://www.latourdepiza.com/
latradizionebordeaux.fr	La Tradizione	restauration	Bordeaux	33	1	https://www.latradizionebordeaux.fr/
latrattoria-nice.fr	La Trattoria	restauration	Nice	6	1	https://latrattoria-nice.fr/fr
lattemarseille.fr	Latté	restauration	Marseille	13	1	https://lattemarseille.fr/fr
latupina.com	La Tupiña	restauration	Bordeaux	33	2	http://www.latupina.com/tupina-restaurant-bordeaux/
lauberge-mouvaux.fr	l'auberge de Mouvaux	restauration	Lille	59	1	https://www.lauberge-mouvaux.fr/
laubergedelaforge.com	Auberge de la Forge	restauration	Toulouse	31	1	https://laubergedelaforge.com/
laubergeoise.octotable.com	L'aubergeoise	restauration	Lille	59	1	https://laubergeoise.octotable.com/index.html
laubergin.fr	L'Auberg'in	restauration	Lille	59	1	https://www.laubergin.fr/
laurab.fr	Laura.B	beaute_bienetre	Paris	75	1	https://www.laurab.fr/
lauregabillet.com	Laure Gabillet	beaute_bienetre	Paris	75	1	https://www.lauregabillet.com
laurentdacosta-coiffeur.fr	Laurent Da Costa	beaute_bienetre	Toulouse	31	1	https://www.laurentdacosta-coiffeur.fr/
laurentdjebar.fr	Au Salon	beaute_bienetre	Paris	75	1	http://laurentdjebar.fr/
laurettelille.fr	Laurette	restauration	Lille	59	1	https://www.laurettelille.fr/
laurieinstantnature.fr	Instant Nature	beaute_bienetre	Saint-Etienne	42	1	https://www.laurieinstantnature.fr
lauthentiquepizza.com	L'Authentique Pizzeria	restauration	Nice	6	3	https://lauthentiquepizza.com/
lav35cesson.free.fr	Laverie des Arcades	services_proximite	Rennes	35	1	http://lav35cesson.free.fr/
lavaguenice.fr	La Vague	restauration	Nice	6	1	https://lavaguenice.fr
lavalsiere.lesdeuxberets.fr	Les Deux Bérets	restauration	Montpellier	34	1	https://lavalsiere.lesdeuxberets.fr/
lavandiere-des-lices.fr	La Lavandière Des Lices	services_proximite	Rennes	35	1	https://www.lavandiere-des-lices.fr/
lavatrans.com	Lavatrans	automobile	Toulouse	31	2	https://www.lavatrans.com/
lavauto31.com	Lavauto'31	automobile	Toulouse	31	1	https://lavauto31.com
lavclub.net	Lav'Club Ortolan	services_proximite	Paris	75	1	https://lavclub.net/laverie/laverie-lavclub-ortolan/
lave-moi.fr	Lave-Moi si tu peux	services_proximite	Paris	75	1	https://lave-moi.fr/
lavela-plage.com	La Vela	restauration	Nice	6	1	http://www.lavela-plage.com
laventureavelo.com	L'Aventure à Vélo	services_proximite	Paris	75	1	https://laventureavelo.com/
laverie-automatique.bzh	Dmt France	services_proximite	Rennes	35	2	https://www.laverie-automatique.bzh/
laverie-factory.com	Laverie Factory	services_proximite	Montpellier	34	1	https://laverie-factory.com/
laverie-grenoble.fr	Laverie Stalingrad	services_proximite	Grenoble	38	10	http://www.laverie-grenoble.fr/laverie-stalingrad
laverie-nanterre.fr	Wash'n Dry	services_proximite	Paris	75	1	https://www.laverie-nanterre.fr/
laverie-nice-delfino-laundromat.business.site	MaLaverie Delfino	services_proximite	Nice	6	1	https://laverie-nice-delfino-laundromat.business.site/
laverie-open-clean-borderouge.business.site	Laverie Open Clean Borderouge	services_proximite	Toulouse	31	1	https://laverie-open-clean-borderouge.business.site/
laverie-poissy.business.site	Laverie Poissy	services_proximite	Paris	75	1	https://laverie-poissy.business.site/
laverie-rennes.fr	Edgar	services_proximite	Rennes	35	1	https://www.laverie-rennes.fr/
laverie-rossini.business.site	Laverie Rossini	services_proximite	Nice	6	1	https://laverie-rossini.business.site/
laverie-sbs.fr	Laverie SBS	services_proximite	Paris	75	1	https://laverie-sbs.fr/laveries/annonciation/
laverie-sevigne.fr	Laverie Sévigné	services_proximite	Rennes	35	1	https://laverie-sevigne.fr/
laverie-speedqueen-blagnac.com	Speed Queen	services_proximite	Toulouse	31	1	https://laverie-speedqueen-blagnac.com
laverie-velizy.com	Laverie du Mail	services_proximite	Paris	75	1	https://www.laverie-velizy.com/
laveriedebretagne.free.fr		services_proximite	Paris	75	1	http://laveriedebretagne.free.fr/
laveries-lam.fr	LAM	services_proximite	Marseille	13	2	https://www.laveries-lam.fr/
laveries-paris.e-monsite.com	Laverie du Quartier	services_proximite	Paris	75	1	https://laveries-paris.e-monsite.com/pages/plan-d-acces.html
laveriesaquamat.com	Aquamat	services_proximite	Paris	75	1	https://www.laveriesaquamat.com/
laveriessbd.fr	Laverie La Fontaine	services_proximite	Paris	75	1	http://www.laveriessbd.fr/
laverriere-toulouse.fr	La Verrière	restauration	Toulouse	31	1	https://www.laverriere-toulouse.fr
lavieillecrepe.com	La Vieille Crêpe	restauration	Nice	6	1	http://www.lavieillecrepe.com/
lavieillefrance.fr	La Vieille France	restauration	Lille	59	1	http://lavieillefrance.fr/
lavillamadie.com	La Villa Madie	restauration	Marseille	13	1	https://lavillamadie.com
lavillasaintmarc.com	La Villa Saint-Marc	beaute_bienetre	Rouen	76	1	https://www.lavillasaintmarc.com/
lavillasoriano.com	La Villa Soriano	beaute_bienetre	Toulouse	31	1	https://www.lavillasoriano.com/
lavillasoriano.fr	La Villa Soriano	beaute_bienetre	Toulouse	31	2	https://www.lavillasoriano.fr/
lavillaugouet.fr	Ch. Lavillaugouet	artisanat_btp	Paris	75	1	https://www.lavillaugouet.fr
lavoglia.com	La Voglia	restauration	Nice	6	1	https://www.lavoglia.com/
lavomatique-restaurant.business.site	Lavomatique	restauration	Nice	6	1	https://lavomatique-restaurant.business.site/
lavotec.fr	Lavotec - Rue Solférino	services_proximite	Lille	59	2	https://lavotec.fr/laveries.php?ville=Lille&laverie=1
lavpress-levallois.fr	Lav'Press	services_proximite	Paris	75	1	https://www.lavpress-levallois.fr/
lawa-bombay.com	Lawa Bombay	restauration	Nice	6	1	https://lawa-bombay.com/
lawarnave.be	La Warnave	restauration	Lille	59	1	https://www.lawarnave.be/
lawilderie.com	Wilder	restauration	Lille	59	1	https://lawilderie.com/wilder/
layalina-lille.com	Layalina	restauration	Lille	59	1	https://layalina-lille.com/
lazen.fr	LaZen	beaute_bienetre	Paris	75	1	https://lazen.fr/
lazeo.com	Lazeo	beaute_bienetre	Paris	75	3	https://www.lazeo.com
lbvelo.fr	La Boutique du Vélo	services_proximite	Paris	75	1	https://www.lbvelo.fr/
lcmgarage.fr	Garage L.C.M.	automobile	Strasbourg	67	1	https://www.lcmgarage.fr
lcp.paris	La Cordonnerie Parisienne	services_proximite	Paris	75	1	https://www.lcp.paris/
ldvdraveil.fr	La Dolce Vita	restauration	Paris	75	1	https://ldvdraveil.fr/
le-230.fr	Le 230	restauration	Lille	59	1	https://www.le-230.fr/
le-3-farfalle.org	Le 3 Farfalle	restauration	Marseille	13	1	https://le-3-farfalle.org
le-3e-bar-restaurant-nice.com	Le 3e	restauration	Nice	6	1	https://www.le-3e-bar-restaurant-nice.com
le-7-villermont-restaurant-nice.eatbu.com	7 Villermont	restauration	Nice	6	1	https://le-7-villermont-restaurant-nice.eatbu.com
le-bangkok-lille.eatbu.com	Le Bangkok	restauration	Lille	59	1	https://le-bangkok-lille.eatbu.com
le-bardo.com	Le Bard'O	restauration	Nice	6	1	https://www.le-bardo.com/
le-basilic-restaurant-lille.fr	Le Basilic	restauration	Lille	59	1	https://www.le-basilic-restaurant-lille.fr/
le-becfin.com	Le Bec Fin	restauration	Bordeaux	33	1	https://le-becfin.com/
le-becquerel.marketplace.dood.com	Le Becquerel	restauration	Bordeaux	33	1	https://le-becquerel.marketplace.dood.com/fr/home
le-bistro-restaurant-cassis.com	Le Bistro	restauration	Marseille	13	1	https://www.le-bistro-restaurant-cassis.com/
le-bistrot-2-theo-tournefeuille.eatbu.com	Le Bistrot de Théo	restauration	Toulouse	31	1	https://le-bistrot-2-theo-tournefeuille.eatbu.com/?lang=en
le-bistrot-de-nino-restaurant-cassis.com	Le Bistrot de Nino	restauration	Marseille	13	1	https://www.le-bistrot-de-nino-restaurant-cassis.com/
le-bistrot-du-port-nice.eatbu.com	Le Bistro du Port	restauration	Nice	6	1	https://le-bistrot-du-port-nice.eatbu.com
le-bistrot-libanais-toulouse.eatbu.com	Le Bistrot Libanais	restauration	Toulouse	31	1	https://le-bistrot-libanais-toulouse.eatbu.com/
le-bosphore-distanbul.business.site	Le Bosphore D'istanbul	restauration	Strasbourg	67	1	http://le-bosphore-distanbul.business.site/
le-bottier-rennais.fr	Le Bottier Rennais	services_proximite	Rennes	35	1	https://le-bottier-rennais.fr/
le-braque.fr	Le Braque	restauration	Lille	59	1	https://www.le-braque.fr
le-brasier.eatbu.com	Restaurant Le brasier	restauration	Toulouse	31	1	https://le-brasier.eatbu.com/
le-buffet-de-la-gare.com	Le Buffet de la Gare	restauration	Nice	6	1	http://www.le-buffet-de-la-gare.com/
le-bus-pizza-lyon.eatbu.com	Camion à pizza	restauration	Lyon	69	1	https://le-bus-pizza-lyon.eatbu.com
le-cabanon-toulouse.fr	Le Cabanon	restauration	Toulouse	31	1	https://le-cabanon-toulouse.fr/
le-calice.com	Kiosque Le calice	restauration	Marseille	13	1	http://www.le-calice.com/
le-caribeen.fr	Le Caribéen	restauration	Paris	75	1	https://le-caribeen.fr
le-carpe-diem.eatbu.com	Carpe diem	restauration	Bordeaux	33	1	https://le-carpe-diem.eatbu.com/
le-carre-gourmet.fr	Le carré gourmet	restauration	Lille	59	1	https://www.le-carre-gourmet.fr
le-carthage.com	Le Carthage	restauration	Lille	59	1	https://le-carthage.com/
le-chabrol-restaurant-nice.com	Chabrol	restauration	Nice	6	1	https://www.le-chabrol-restaurant-nice.com/
le-chantecler.fr	Le Chantecler	restauration	Lille	59	1	https://www.le-chantecler.fr/
le-charbon-ardent-restaurant-lille.eatbu.com	Le charbon ardent	restauration	Lille	59	1	https://le-charbon-ardent-restaurant-lille.eatbu.com/
le-club-house.com	Le Club House	restauration	Marseille	13	1	http://www.le-club-house.com/
le-coffee-restaurant-pizzeria.business.site	Le Coffee	restauration	Nice	6	1	https://le-coffee-restaurant-pizzeria.business.site
le-comptoir-aux-huiles-by-delucce.business.site	Le Comptoir aux Huiles by Delucce	restauration	Marseille	13	1	https://le-comptoir-aux-huiles-by-delucce.business.site/?utm_source=gmb&utm_medium=referral
le-coup-de-fourchette.fr	Le Coup de fourchette	restauration	Toulouse	31	1	http://www.le-coup-de-fourchette.fr/
le-court-debout.com	Le Court Debout	restauration	Lille	59	1	https://www.le-court-debout.com
le-delizioso.fr	Delizioso	restauration	Toulouse	31	1	https://le-delizioso.fr
le-derailleur-bicycle-repair-shop.business.site	Le Dérailleur	services_proximite	Paris	75	1	https://le-derailleur-bicycle-repair-shop.business.site/
le-detaillant.fr	Le Détaillant	restauration	Toulouse	31	1	http://le-detaillant.fr/
le-dix-huit.fr	Brasserie Le Dix-huit	restauration	Lille	59	1	https://www.le-dix-huit.fr/
le-don-carlo-nice.fr	Don Carlo	restauration	Nice	6	1	https://le-don-carlo-nice.fr
le-faitout.fr	Le Faitout	restauration	Montpellier	34	1	https://www.le-faitout.fr/
le-fil-rouge.fr	Le Fil Rouge	restauration	Lille	59	1	https://www.le-fil-rouge.fr/
le-frog-restaurant-nice.com	Le Frog	restauration	Nice	6	1	https://www.le-frog-restaurant-nice.com/
le-galichon-restaurant-bruguieres.fr	Le Galichon	restauration	Toulouse	31	1	https://www.le-galichon-restaurant-bruguieres.fr/
le-grand-balcon-restaurant-nice.com	Le Grand Balcon	restauration	Nice	6	1	https://www.le-grand-balcon-restaurant-nice.com/
le-grand-chelem-restaurant-nice.eatbu.com	Le Grand Chelem	restauration	Nice	6	1	https://le-grand-chelem-restaurant-nice.eatbu.com
le-jardin-des-frangins-restaurant-montpellier.fr	Le Jardin des Frangins	restauration	Montpellier	34	1	https://www.le-jardin-des-frangins-restaurant-montpellier.fr/
le-kiosque-a-pizzas.com	Le Kiosque à Pizza	restauration	Paris	75	5	https://www.le-kiosque-a-pizzas.com/commander-pizza-emerainville--228
le-labo-barber.business.site	Le Labo Barber	beaute_bienetre	Paris	75	1	https://le-labo-barber.business.site
le-lioti.fr	Le Lioti	restauration	Toulouse	31	1	https://le-lioti.fr/
le-loft-unisex-hairdresser.business.site	Le Loft	beaute_bienetre	Rouen	76	1	https://le-loft-unisex-hairdresser.business.site
le-marocain.fr	Le Marocain	restauration	Toulouse	31	1	https://le-marocain.fr/
le-mas-du-ministre.fr	Mas Du Ministre	restauration	Montpellier	34	1	http://www.le-mas-du-ministre.fr
le-mas-restaurant-toulouse.com	Le Mas	restauration	Toulouse	31	1	https://www.le-mas-restaurant-toulouse.com
le-matis-restaurant-mauguio.eatbu.com	Le Matis	restauration	Montpellier	34	1	https://le-matis-restaurant-mauguio.eatbu.com
le-mesclun-nice.com	Le Mesclun	restauration	Nice	6	1	https://www.le-mesclun-nice.com/
le-monica.com	Le Monica	restauration	Toulouse	31	1	http://www.le-monica.com/
le-muang-thai.fr	Le Muang Thaï	restauration	Toulouse	31	1	https://le-muang-thai.fr/
le-my.com	Le My	restauration	Nice	6	1	https://www.le-my.com/
le-palais-du-dragon.zenchef.com	Palais du Dragon	restauration	Lille	59	1	http://le-palais-du-dragon.zenchef.com/
le-panier-a-salade.com	Le panier à salade	restauration	Marseille	13	1	http://www.le-panier-a-salade.com/
le-petit-agnel-nice-massena.eatbu.com	Le petit Agnel	restauration	Nice	6	1	https://le-petit-agnel-nice-massena.eatbu.com
le-petit-cyclo.com	Le Petit Cyclo	services_proximite	Toulouse	31	1	https://le-petit-cyclo.com/
le-plessis-bouchard.cyclable.com	Cyclable	services_proximite	Paris	75	1	https://le-plessis-bouchard.cyclable.com/
le-plessis.speedrabbitpizza.com	Speed Rabbit Pizza	restauration	Paris	75	1	https://le-plessis.speedrabbitpizza.com/
le-ptit-resto-nice.com	Le P'tit Resto	restauration	Nice	6	1	https://www.le-ptit-resto-nice.com/
le-qg-brasserie.fr	Le QG	restauration	Lille	59	1	https://www.le-qg-brasserie.fr/
le-quarre.fr	Hotel bistrot Le Quarré	restauration	Toulouse	31	1	https://www.le-quarre.fr/
le-restaurant-otejo.webnode.fr	O'tejo	restauration	Nice	6	1	https://le-restaurant-otejo.webnode.fr/
le-rocher-moules-frites-nice.fr	Le Rocher	restauration	Nice	6	1	https://le-rocher-moules-frites-nice.fr/
le-salon-fabien.fr	Le Salon	beaute_bienetre	Saint-Etienne	42	1	http://www.le-salon-fabien.fr/
le-scoop-lille.fr	Le Scoop du Vieux Lille	restauration	Lille	59	1	https://www.le-scoop-lille.fr/
le-special.com	Le Special	restauration	Paris	75	1	https://le-special.com
le-sukhothai-toulouse.com	Le Sukhothaï	restauration	Toulouse	31	1	https://le-sukhothai-toulouse.com/
le-tire-bouchon.com	Le Tire Bouchon	restauration	Nice	6	1	https://www.le-tire-bouchon.com/
le-velo-jaune.fr	Le vélo jaune	services_proximite	Paris	75	1	https://le-velo-jaune.fr/
le103.eatbu.com	Le 103	restauration	Toulouse	31	1	https://le103.eatbu.com/
le17-45.fr	Le 17.45 Pigalle	beaute_bienetre	Paris	75	1	https://www.le17-45.fr/
le1847.fr	1847	restauration	Nice	6	1	https://le1847.fr
le1925.fr	Le 1925	restauration	Bordeaux	33	1	https://le1925.fr/
le19m.com	Remonte en Selle	services_proximite	Paris	75	1	https://www.le19m.com/info-pratiques#services
le20barbershop.fr	Le 20 - Barber Shop	beaute_bienetre	Lyon	69	2	https://le20barbershop.fr/
le28thiers.fr	Le 28	restauration	Lille	59	1	http://www.le28thiers.fr/
le37m2.fr	Le 37m²	restauration	Paris	75	1	https://www.le37m2.fr
le38pizza.com	Le 38 Pizza	restauration	Paris	75	1	https://le38pizza.com
le45pizza.fr	Le 45	restauration	Paris	75	1	http://www.le45pizza.fr
le5coiffure.fr	Le 5	beaute_bienetre	Nantes	44	1	https://www.le5coiffure.fr/
leb12.com	Le B12	restauration	Montpellier	34	1	https://www.leb12.com/
leballionbordeaux.fr	Le Ballion	restauration	Bordeaux	33	1	https://leballionbordeaux.fr/
lebanthai.fr	Le Banthai	restauration	Nice	6	1	https://lebanthai.fr/
lebaracouscous.fr	Le Bar à Couscous	restauration	Lille	59	1	https://www.lebaracouscous.fr/
lebaraonglesbyv.com	Le Bar à Ongles... by V	beaute_bienetre	Toulouse	31	1	https://www.lebaraonglesbyv.com/portfolio-item/toulouse-cc-blagnac/
lebarapizza.fr	Le Bar à Pizzas	restauration	Lille	59	1	https://lebarapizza.fr/
lebaratie.com	Le Baratie	restauration	Toulouse	31	1	https://www.lebaratie.com
lebarbierdemonge.fr	Le Barbier de Monge	beaute_bienetre	Paris	75	1	https://www.lebarbierdemonge.fr/
lebarbierdemontpar.fr	Ôh Barbier	beaute_bienetre	Paris	75	1	https://www.lebarbierdemontpar.fr
lebarbierquifume.fr	Le Barbier qui fume	restauration	Lille	59	1	https://www.lebarbierquifume.fr/le-barbier-qui-fume-vieux-lille.html
lebarbuedanvers.fr	Le Barbue d'Anvers	restauration	Lille	59	1	https://www.lebarbuedanvers.fr/
lebatard.com	Le Batard/Cycles Léger	services_proximite	Paris	75	1	https://www.lebatard.com/
lebateleur.com	Le Bateleur	restauration	Nice	6	1	https://www.lebateleur.com/
lebavastro.com	Le Bavastro	restauration	Nice	6	1	https://lebavastro.com/
lebhv.com	Bar Brasserie de l'Hôtel de Ville	restauration	Bordeaux	33	1	https://www.lebhv.com/
lebiergarten-purpan.fr	Biergarten Purpan	restauration	Toulouse	31	1	https://lebiergarten-purpan.fr/
lebiergarten-saintmichel.fr	Le Biergarten Saint Michel	restauration	Toulouse	31	1	https://lebiergarten-saintmichel.fr/
lebikini.com	Le Bikini	restauration	Toulouse	31	1	http://www.lebikini.com/
lebistrodescopains.com	Le Bistro Des Copains	restauration	Toulouse	31	1	https://www.lebistrodescopains.com
lebistrotdarnaud.fr	Le Bistrot d’Arnaud	restauration	Lille	59	1	https://www.lebistrotdarnaud.fr/
lebistrotdejeffnice.com	Le Bistrot de Jeff	restauration	Nice	6	1	https://www.lebistrotdejeffnice.com
lebistrotdelorette.com	Le Bistrot de Lorette	restauration	Marseille	13	1	http://lebistrotdelorette.com/
lebistrotdetressin.fr	Bistrot de Tressin	restauration	Lille	59	1	https://www.lebistrotdetressin.fr
lebistrotgare.fr	Le Bistrot Gare	restauration	Bordeaux	33	1	https://www.lebistrotgare.fr/
lebistrotvinaigrette.fr	Le Bistrot Vinaigrette	restauration	Montpellier	34	1	https://www.lebistrotvinaigrette.fr/
leblaireau-barbier.fr	Le blaireau	beaute_bienetre	Nantes	44	1	https://leblaireau-barbier.fr/
leblok31.com	Blok Resto	restauration	Toulouse	31	1	https://leblok31.com/restaurant/
lebombaypalace.fr	Le Bombay Palace	restauration	Nice	6	1	https://www.lebombaypalace.fr/
lebombaytoulouse.fr	Le Bombay	restauration	Toulouse	31	1	https://lebombaytoulouse.fr/
lebonbonlille.fr	Lebon-bouillon	restauration	Lille	59	1	https://www.lebonbonlille.fr/
lebonburger.fr	Le Bon Burger	restauration	Marseille	13	1	https://www.lebonburger.fr/
lebongoutnice.fr	Le Bon Goût	restauration	Nice	6	1	https://lebongoutnice.fr/
lebotticelli.com	Le Botticelli	restauration	Nice	6	1	https://lebotticelli.com
lebottierrennais.fr	Le Bottier Rennais	services_proximite	Rennes	35	1	https://www.lebottierrennais.fr/
lebottiertoulousain.fr	Le Bottier Toulousain	services_proximite	Toulouse	31	1	https://lebottiertoulousain.fr/
lebouchoncatalan.wixsite.com	Le Bouchon Catalan	restauration	Montpellier	34	1	https://lebouchoncatalan.wixsite.com
lebouchonnice.fr	Le Bouchon	restauration	Nice	6	1	https://www.lebouchonnice.fr
leboudoirdelesthetique.business.site	Le Boudoir de l'esthétique	beaute_bienetre	Toulouse	31	1	https://leboudoirdelesthetique.business.site
leboudoirnice.fr	Le Boudoir	restauration	Nice	6	1	https://leboudoirnice.fr
lebouillonbaroque.com	Le Bouillon Baroque	restauration	Lille	59	1	https://www.lebouillonbaroque.com/
lebouillonsaintpierre.fr	Bouillon Saint Pierre	restauration	Bordeaux	33	1	https://lebouillonsaintpierre.fr/
lebousti.fr	Le Bousti	restauration	Marseille	13	1	https://lebousti.fr
lebraise.fr	Le Braisé	restauration	Lille	59	1	https://www.lebraise.fr/
lebreaktoulouse.com	Le Break	restauration	Toulouse	31	1	https://lebreaktoulouse.com/
leburgerfermier.fr	Burger fermier des Enfants Rouges	restauration	Bordeaux	33	1	https://leburgerfermier.fr
leburgerjoint.com	Le Ruisseau Burger Joint	restauration	Paris	75	1	http://www.leburgerjoint.com/
lebus111.fr	Le Bus 111	restauration	Toulouse	31	1	https://lebus111.fr/
lecabanonpizzas.fr	Le cabanon pizzas	restauration	Bordeaux	33	1	https://lecabanonpizzas.fr
lecafebastide.fr	Café Bastide	restauration	Bordeaux	33	1	https://lecafebastide.fr
lecafedesarts.fr	Café des Arts	restauration	Bordeaux	33	1	https://www.lecafedesarts.fr/
lecafedesgarcons.com	Chez David	restauration	Toulouse	31	1	https://lecafedesgarcons.com
lecafeduport.com	Café du Port	restauration	Bordeaux	33	1	https://www.lecafeduport.com/
lecafethai.fr	Le Café Thai	restauration	Marseille	13	1	https://lecafethai.fr
lecafouch.com	Le Cafouch aux Saveurs	restauration	Marseille	13	1	https://www.lecafouch.com/
lecamionquifume.com	Le Camion qui fume	restauration	Paris	75	1	https://lecamionquifume.com
lecanon.fr	Le Canon	restauration	Nice	6	1	https://www.lecanon.fr/
lecarreau-bordeaux.fr	Le Carreau	restauration	Bordeaux	33	1	https://www.lecarreau-bordeaux.fr/
lecarredessports.fr	Le Carré des Sports	restauration	Toulouse	31	1	https://lecarredessports.fr/
lecarrousel-balma.fr	Le Carroussel	restauration	Toulouse	31	1	https://www.lecarrousel-balma.fr/
lecelestegourmand.fr	Le Céleste Gourmand	restauration	Bordeaux	33	1	https://www.lecelestegourmand.fr
lecenac.fr	Le Cenac	restauration	Nice	6	1	http://lecenac.fr
lecentral-nice.com	Le Central	restauration	Nice	6	1	https://lecentral-nice.com/
lecerisier.com	Le Cerisier en Ville	restauration	Lille	59	1	https://www.lecerisier.com/fr/le-cerisier-en-ville/
lechaidornon.fr	Le Chai d'Ornon	restauration	Bordeaux	33	1	https://www.lechaidornon.fr/
lechaletchamoniard.fr	Le Chalet Chamoniard	restauration	Montpellier	34	1	https://www.lechaletchamoniard.fr
lechamarel-lille.fr	Le Chamarel	restauration	Lille	59	1	https://lechamarel-lille.fr/
lechappeebelle.bike	L'Échappée Belle	services_proximite	Paris	75	1	https://lechappeebelle.bike
lechateausormiou.fr	Le Château Sormiou	restauration	Marseille	13	1	http://lechateausormiou.fr/index.html
lechatquifume-lille.com	Le chat qui fume	restauration	Lille	59	1	https://www.lechatquifume-lille.com/
lechaussemontagne.fr	Le Chausse Montagne	services_proximite	Grenoble	38	1	https://www.lechaussemontagne.fr/
lecheesenan.fr	Cheese nan	restauration	Paris	75	1	https://www.lecheesenan.fr
lechevillard.fr	Le Chevillard	restauration	Toulouse	31	1	https://lechevillard.fr/
lechiendepavlov.com	Le chien de Pavlov	restauration	Bordeaux	33	1	https://www.lechiendepavlov.com/
lechoppe-restaurant.eatbu.com	L'échoppe	restauration	Bordeaux	33	1	https://lechoppe-restaurant.eatbu.com/
lechoppedu2roues.com	L'échoppe du 2 Roues	services_proximite	Rennes	35	1	https://www.lechoppedu2roues.com/
lechtilong.fr	Le Chti Long	restauration	Lille	59	1	http://lechtilong.fr
lecigareamoustache.com	Le Cigare à moustache	beaute_bienetre	Paris	75	1	https://lecigareamoustache.com
leclandesmamma.com	Valentina	restauration	Toulouse	31	1	https://www.leclandesmamma.com/valentina-toulouse/
leclatdesoi.fr	L’éclat de soi	beaute_bienetre	Rouen	76	1	https://www.leclatdesoi.fr
leclatdusourcil.com	L'éclat du sourcil	beaute_bienetre	Paris	75	1	https://www.leclatdusourcil.com
leclay.fr	Clay	restauration	Nice	6	1	https://leclay.fr/
leclercsaintaunes.com	L'auto Leclerc	automobile	Montpellier	34	1	http://leclercsaintaunes.com
leclindoeil-restaurant.com	Le Clin d'oeil	restauration	Nice	6	1	https://leclindoeil-restaurant.com/
leclosdaugusta.fr	Au Comptoir d'Augusta	restauration	Bordeaux	33	2	https://www.leclosdaugusta.fr/
leclubduloup.fr	Le club du Loup	restauration	Nice	6	1	https://www.leclubduloup.fr/
leclubexclusif.com	Mon Coiffeur Exclusif	beaute_bienetre	Paris	75	1	https://www.leclubexclusif.com/salons-coiffure/montgeron/
leclubsandwichcafe.com	Le Club Sandwich Café	restauration	Lille	59	1	http://www.leclubsandwichcafe.com/
leclusetls.wixsite.com	L'Écluse	restauration	Toulouse	31	1	https://leclusetls.wixsite.com/lecluse-toulouse
lecoeurduliban.fr	Le Cœur du Liban	restauration	Paris	75	1	https://www.lecoeurduliban.fr/
lecoiffeur-nantes.fr	Le Coiffeur	beaute_bienetre	Nantes	44	1	https://www.lecoiffeur-nantes.fr/
lecoiffeurdespetitslyonnais.fr	Le Coiffeur des Petits Lyonnais	beaute_bienetre	Lyon	69	1	https://www.lecoiffeurdespetitslyonnais.fr/
lecomptoir-gourmand.com	Le Comptoir Gourmand	restauration	Toulouse	31	1	https://www.lecomptoir-gourmand.com/
lecomptoirabruschettas.fr	Le Comptoir à Bruschettas	restauration	Lyon	69	1	https://www.lecomptoirabruschettas.fr/
lecomptoirbikeshop.com	Le Comptoir Bike Shop	services_proximite	Paris	75	1	https://lecomptoirbikeshop.com/
lecomptoirdesbistronomes.com	Le Comptoir des Bistronomes	restauration	Lille	59	1	http://www.lecomptoirdesbistronomes.com
lecomptoirdespierres.com	Le Comptoir des Pierres	artisanat_btp	Paris	75	1	https://www.lecomptoirdespierres.com/
lecomptoirdetienne.com	Le Comptoir d'Étienne	restauration	Bordeaux	33	1	https://www.lecomptoirdetienne.com/
lecomptoirduburger-brest.fr	JBE ÉLECTRICITÉ	artisanat_btp	Brest	29	1	http://lecomptoirduburger-brest.fr/
lecomptoirducycle.cc	Le Comptoir du Cycle	services_proximite	Lyon	69	1	https://www.lecomptoirducycle.cc/
lecomptoirdupioch.business.site	Le comptoir du Pioch	restauration	Montpellier	34	1	https://lecomptoirdupioch.business.site
lecomptoirdusoin.com	Le Comptoir du Soin	beaute_bienetre	Nantes	44	1	https://www.lecomptoirdusoin.com/nantes-centre-ville
lecomptoirduvelo.fr	Le comptoir du vélo	services_proximite	Paris	75	1	https://www.lecomptoirduvelo.fr
lecoqenpate-restaurant.fr	Le Coq en Pâte	restauration	Toulouse	31	1	https://www.lecoqenpate-restaurant.fr/
lecorce.com	L'Écorce	restauration	Toulouse	31	1	https://www.lecorce.com/
lecoupdecoeur.biz	Le Coup de Coeur	restauration	Montpellier	34	1	https://lecoupdecoeur.biz/
lecouperet.fr	Le Couperet	restauration	Montpellier	34	1	https://lecouperet.fr/
lecovelo.com	L'éco Vélo	services_proximite	Paris	75	1	https://www.lecovelo.com
lecremieux.fr	Le Crémieux	restauration	Paris	75	1	https://lecremieux.fr
lecridelatruffe.com	Le Cri de la Truffe	restauration	Toulouse	31	1	https://lecridelatruffe.com/
leculot.com	Le Culot	restauration	Lille	59	1	https://www.leculot.com/
leculti.com	Le Culti	restauration	Marseille	13	1	http://www.leculti.com/
lecurry-nice.com	Le Curry	restauration	Nice	6	1	https://www.lecurry-nice.com/
lecyclorecycle.fr	LeCycloRecyclé	services_proximite	Paris	75	1	https://lecyclorecycle.fr/
lecyclub.org	Le Cyclub	services_proximite	Lyon	69	2	https://lecyclub.org/
ledahu-lille.fr	Le Dahu	restauration	Lille	59	1	http://www.ledahu-lille.fr/
ledailygolf.fr	Le Daily	restauration	Marseille	13	1	https://ledailygolf.fr/
ledeclic.pub	Le Déclic	restauration	Toulouse	31	1	https://ledeclic.pub
ledemeloirlabocapillaire.com	Le Déméloir	beaute_bienetre	Toulouse	31	1	https://www.ledemeloirlabocapillaire.com/
lediamantnoir-marseille.fr	Le Diamant Noir	restauration	Marseille	13	1	https://lediamantnoir-marseille.fr/
ledjurdjura.fr	DjurDjura	restauration	Lille	59	1	https://ledjurdjura.fr/
ledomainedemontjoie.com	Le M	restauration	Toulouse	31	1	http://www.ledomainedemontjoie.com/restaurant/
ledomainedulac.com	Le Domaine du Lac	restauration	Toulouse	31	1	https://www.ledomainedulac.com/
ledukeburger.fr	Le Duke	restauration	Lyon	69	1	https://ledukeburger.fr
ledynastie-toulouse.fr	Le Dynastie	restauration	Toulouse	31	1	https://www.ledynastie-toulouse.fr
lefaubourg.fr	Le Faubourg	restauration	Toulouse	31	1	http://www.lefaubourg.fr/
lefelixfaure.fr	Le Felix Faure	restauration	Nice	6	1	https://lefelixfaure.fr/
leferacheval-restaurant.com	Le fer a cheval	restauration	Lille	59	1	https://www.leferacheval-restaurant.com/
lefetou.fr	Le fetou	restauration	Marseille	13	1	https://www.lefetou.fr/
lefiefdepapa.fr	Le Fief de Papa	restauration	Lille	59	1	https://lefiefdepapa.fr/
lefiguiernice.fr	Le Figuier	restauration	Nice	6	1	https://lefiguiernice.fr/
lefirstrestaurant.fr	Le First Restaurant	restauration	Nice	6	1	https://lefirstrestaurant.fr/
lefonetic.com	Le Fonétic	restauration	Nice	6	1	https://www.lefonetic.com/
lefossile.com	Le Fossile	restauration	Lille	59	1	https://www.lefossile.com
lefourapizza.com	Le four à pizza	restauration	Lyon	69	1	https://lefourapizza.com/
lefroid.fr	Le Froid Pecomark	artisanat_btp	Paris	75	1	https://www.lefroid.fr/fr/agences/FR-J-P-Sud
legaglio.com	Le Gaglio	restauration	Nice	6	1	https://www.legaglio.com
legalionpalavas.fr	Le Galion	restauration	Montpellier	34	1	http://legalionpalavas.fr/
legaluchat.club	Le Galuchat	restauration	Toulouse	31	1	https://www.legaluchat.club/
legangelille.com	Le Gan'ge	restauration	Lille	59	1	http://www.legangelille.com/
legaragetoulousain.fr	Le Garage Toulousain	automobile	Toulouse	31	1	https://legaragetoulousain.fr
legaribaldi-nice.fr	Le Garibaldi	restauration	Nice	6	1	https://legaribaldi-nice.fr/fr
legarnier.com	Le Garnier	restauration	Nice	6	1	https://legarnier.com
legentymagre.com	Le Genty Magre	restauration	Toulouse	31	1	https://www.legentymagre.com/
legourmet.miam-express.com	Le Gourmet	restauration	Paris	75	1	https://legourmet.miam-express.com/acces-horaire
legrandarbre.com	Le Grand Arbre	restauration	Montpellier	34	1	https://www.legrandarbre.com/
legrandcafedefrance.fr	Le Grand Café de France	restauration	Nice	6	1	https://legrandcafedefrance.fr
legrandmechantgout.com	Le Grand Méchant Goût	restauration	Toulouse	31	1	https://legrandmechantgout.com
legrecimperial.com	Le Grec Imperial	restauration	Nice	6	1	https://legrecimperial.com/
legrenierdepepe.com	Le Grenier de Pépé	restauration	Toulouse	31	1	https://www.legrenierdepepe.com/
legromm.fr	Le Gromm	restauration	Bordeaux	33	1	https://www.legromm.fr
lehangar34.com	Le Hangar 34	restauration	Montpellier	34	1	https://lehangar34.com/
lehollandaisvelo.fr	Le Hollandais Vélo	services_proximite	Lille	59	1	https://www.lehollandaisvelo.fr
leila-coiffure-paris.com	Leila Coiffure	beaute_bienetre	Paris	75	1	https://www.leila-coiffure-paris.com/
lejaipurpalace.fr	Jaipur Palace	restauration	Bordeaux	33	1	https://lejaipurpalace.fr/
lejardin-toulouse.fr	Le Jardin	restauration	Toulouse	31	1	https://www.lejardin-toulouse.fr/fr/
lejardincreole.eatbu.com	Le Jardin Créole	restauration	Toulouse	31	1	https://lejardincreole.eatbu.com
lejardindacote.com	Le jardin d'à côté	restauration	Marseille	13	1	https://www.lejardindacote.com/
lejardindelaforme.wixsite.com	Le Jardin de la forme	beaute_bienetre	Paris	75	1	https://lejardindelaforme.wixsite.com/91190
lejardindelana.fr	Le Jardin de Lana	restauration	Toulouse	31	1	https://lejardindelana.fr/
lejardindelijah.fr	Le Jardin d'Elijah	beaute_bienetre	Saint-Etienne	42	1	https://lejardindelijah.fr/
lejardindesdames.com	Le Jardin des Dames	beaute_bienetre	Paris	75	1	https://lejardindesdames.com/
lejardingourmand-lunch.com	Ealsy	restauration	Toulouse	31	1	http://www.lejardingourmand-lunch.com
lejeuneentreprise.fr	Le Jeune Entreprise	artisanat_btp	Bordeaux	33	2	https://www.lejeuneentreprise.fr/
lejgo.com	Le J'Go	restauration	Toulouse	31	1	https://lejgo.com/lieux/le-jgo-toulouse/
lejuliano.com	Le Juliano	restauration	Bordeaux	33	1	https://www.lejuliano.com/
lekabestan.fr	Le Kabestan	restauration	Toulouse	31	1	https://www.lekabestan.fr
lekiosque.family	Le Kiosque Bordeaux	restauration	Bordeaux	33	1	https://lekiosque.family/
lekiosquealinge.com	Le Kiosque à Linge	services_proximite	Paris	75	1	https://www.lekiosquealinge.com/laveries/montreuil.html
lekiosquedelaroseraie.fr	Le Kiosque de la Roseraie	restauration	Toulouse	31	1	https://lekiosquedelaroseraie.fr/
leksar.fr	Le Ksar	restauration	Toulouse	31	1	http://www.leksar.fr/
lekthai-relaxation.com	Lek Thaï Relaxation	beaute_bienetre	Lyon	69	1	https://lekthai-relaxation.com
lelandaisfermetures.com	Lelandais Fermetures	artisanat_btp	Paris	75	1	https://www.lelandaisfermetures.com/
lelanna.com	Le Lanna	restauration	Lille	59	1	http://lelanna.com/
lelasagna.fr	Lasagna	restauration	Bordeaux	33	2	https://www.lelasagna.fr/
lelibeaute.com	Leli Beauté	beaute_bienetre	Paris	75	1	https://lelibeaute.com
lelibertea.com	Le Liber'tea	restauration	Nice	6	1	https://www.lelibertea.com/
lelieutrattoria.com	Le Lieu Trattoria & Bar	restauration	Toulouse	31	1	https://www.lelieutrattoria.com/?lang=fr
lelionbossu.fr	Le Lion Bossu	restauration	Lille	59	1	https://www.lelionbossu.fr/
lelodgenice.fr	Le Lodge	restauration	Nice	6	1	https://www.lelodgenice.fr
leloft-coiffure-montignylebretonneux.fr	Le Loft	beaute_bienetre	Paris	75	1	http://www.leloft-coiffure-montignylebretonneux.fr/
leloftcoiffeurcreateur.fr	Le Loft	beaute_bienetre	Toulouse	31	1	https://www.leloftcoiffeurcreateur.fr/
leloupcoworking.fr	Le Loup	beaute_bienetre	Paris	75	1	https://www.leloupcoworking.fr
lelovibond.com	Le lovibond	restauration	Lille	59	1	https://www.lelovibond.com/
lemag.bi-nergy.com	bi'Nergy	beaute_bienetre	Lyon	69	1	https://lemag.bi-nergy.com
lemagentanice.fr	Le Magenta	restauration	Nice	6	1	https://lemagentanice.fr/fr
lemagnan-brasserie.fr	Le Magnan	restauration	Nice	6	1	https://www.lemagnan-brasserie.fr/
lemaisnilmontemps.fr	Le Maisnil Mon Temps	restauration	Lille	59	1	https://www.lemaisnilmontemps.fr/
lemanege-leognan.fr	Le Manège	restauration	Bordeaux	33	1	http://www.lemanege-leognan.fr
lemangedisque.fr	Le Mange Disque	restauration	Lille	59	1	https://lemangedisque.fr/
lemanoirdemarcq.fr	Le Manoir de Marcq	restauration	Lille	59	1	https://lemanoirdemarcq.fr/
lemaquisnice.fr	Le Maquis	restauration	Nice	6	1	https://www.lemaquisnice.fr/
lemaroc-lille.com	Le Maroc	restauration	Lille	59	1	http://www.lemaroc-lille.com/
lemarrakech-bordeaux.fr	Le Marrakech	restauration	Bordeaux	33	1	https://lemarrakech-bordeaux.fr/
lemasymas.com	Mas y mas	restauration	Toulouse	31	1	www.lemasymas.com
lemay-toulouse.fr	Le May	restauration	Toulouse	31	1	http://lemay-toulouse.fr/
lemazal.fr	Mazal	restauration	Bordeaux	33	1	https://lemazal.fr/
lembellie-lyon.com	L'Embellie	beaute_bienetre	Lyon	69	1	https://www.lembellie-lyon.com/
lemboucaneur-toulouse.eatbu.com	L'Emboucaneur	restauration	Toulouse	31	1	https://lemboucaneur-toulouse.eatbu.com/
lemekong-thaifood.fr	Le Mékong	restauration	Toulouse	31	1	https://lemekong-thaifood.fr
lemekong2-34.fr	Le Mekong II	restauration	Montpellier	34	1	https://www.lemekong2-34.fr/
lemetronum.fr	Le Bistronum	restauration	Toulouse	31	1	https://lemetronum.fr/bistronum/
lemistralcassis.com	Brasserie Le Mistral	restauration	Marseille	13	1	http://www.lemistralcassis.com/
lemoai.com	Le Moaï	restauration	Toulouse	31	1	http://www.lemoai.com
lemondedhana.fr	Le monde d'Hana	beaute_bienetre	Paris	75	1	https://lemondedhana.fr
lemondedugout.fr	Le Monde du Goût	restauration	Paris	75	1	https://lemondedugout.fr/
lemoulin.fr	Le Moulin Frères Lumière	restauration	Lyon	69	1	https://lemoulin.fr/
lemoulinavelos.com	Le Moulin à Vélos	services_proximite	Lille	59	1	https://lemoulinavelos.com
lemoulindefretin.fr	Le Moulin de Fretin	restauration	Lille	59	1	https://lemoulindefretin.fr/
lemulsion.fr	L'Émulsion	restauration	Toulouse	31	1	https://lemulsion.fr/
lemulsionrestaurant.fr	L’Émulsion	restauration	Lille	59	1	https://www.lemulsionrestaurant.fr/
lemunich.fr	Ô QG	restauration	Bordeaux	33	1	http://www.lemunich.fr/
lemust2lille.fr	Le Must	restauration	Lille	59	1	https://www.lemust2lille.fr/contact
lencasmontpellier.fr	L'Encas - Salon de thé et restaurant	restauration	Montpellier	34	1	https://lencasmontpellier.fr/
lenezrouge.fr	Le Nez Rouge	restauration	Toulouse	31	1	https://www.lenezrouge.fr/
leniddaigle-eze.com	Le Nid d'Aigle	restauration	Nice	6	1	https://www.leniddaigle-eze.com/
lenidduphenix.fr	Le Nid du Phénix	beaute_bienetre	Paris	75	1	https://www.lenidduphenix.fr
lenoailles.fr	Le Noailles	restauration	Bordeaux	33	1	https://lenoailles.fr/
lenoma.fr	Le Noma	restauration	Toulouse	31	1	https://www.lenoma.fr/
lenomfusion-bdx.eatbu.com	Lenom Fusion	restauration	Bordeaux	33	1	https://lenomfusion-bdx.eatbu.com/
lentre-vue.fr	L'Entre-Vue	restauration	Lille	59	1	https://www.lentre-vue.fr/le-restaurant/presentation
lentredeuxverres.com	L'Entre deux Verres	restauration	Bordeaux	33	1	https://lentredeuxverres.com/
lepachabourget.com	Le Pacha	restauration	Paris	75	1	https://lepachabourget.com/
lepacifique.fr	Le Pacifique	restauration	Marseille	13	1	https://www.lepacifique.fr/
lepalaisdasiemarseille.fr	Le Palais d'Asie	restauration	Marseille	13	1	https://www.lepalaisdasiemarseille.fr/
lepanama-nice.com	Le Panama	restauration	Nice	6	1	https://www.lepanama-nice.com/
lepanier.eu	Le Panier	restauration	Paris	75	1	http://www.lepanier.eu
leparadisdufruit.fr	Paradis du Fruit	restauration	Marseille	13	1	https://www.leparadisdufruit.fr/
lepasseo.fr	Le Passeo	restauration	Montpellier	34	1	https://lepasseo.fr
lepassportnice.com	Le Pass'Port	restauration	Nice	6	1	https://lepassportnice.com/
lepatiodescapucines.fr	Le Patio des Capucines	beaute_bienetre	Nantes	44	1	https://www.lepatiodescapucines.fr
lepatiorestaurant.fr	Le Patio	restauration	Montpellier	34	1	https://lepatiorestaurant.fr/
lepatonpizzeria.fr	Le Paton	restauration	Lyon	69	1	https://www.lepatonpizzeria.fr/
lepavedesminimes.com	Le Pavé des Minimes	restauration	Toulouse	31	1	https://lepavedesminimes.com/
lepavillondesboulevards.fr	Le Pavillon des Boulevards	restauration	Bordeaux	33	1	https://lepavillondesboulevards.fr/
lepavillonfrancais.fr	Le Pavillon Français	artisanat_btp	Paris	75	1	https://www.lepavillonfrancais.fr/
lepebredai.fr	Le Pèbre d'Aï	restauration	Marseille	13	1	https://www.lepebredai.fr/
leperchepinte.eatbu.com	Le Perche Pinte	restauration	Toulouse	31	1	https://leperchepinte.eatbu.com/
lepers-antenne-amiens.fr	Ets Lepers	artisanat_btp	Amiens	80	1	https://www.lepers-antenne-amiens.fr/
lepetitbaud.fr	In vélo veritas	services_proximite	Rennes	35	1	https://www.lepetitbaud.fr/le-petit-baud/in-velo-veritas-atelier-de-reparation-et-vente-de-cycles-arrive-prochainement/
lepetitbiclou.fr	Le Petit Biclou	services_proximite	Paris	75	1	https://www.lepetitbiclou.fr/
lepetitcreux.fr	Le Petit Creux	restauration	Bordeaux	33	1	http://www.lepetitcreux.fr/Le_Petit_Creux/Bienvenue.html
lepetitfrou.fr	Le Petit Frou	restauration	Toulouse	31	1	https://lepetitfrou.fr/
lepetitjardin-restaurant.fr	Le Petit Jardin	restauration	Lille	59	1	https://www.lepetitjardin-restaurant.fr/
lepetitpavillon.com	Le petit pavillon	restauration	Marseille	13	1	https://www.lepetitpavillon.com/
lepetitpizzaiolo.fr	Le Petit Pizzaiolo	restauration	Bordeaux	33	1	https://lepetitpizzaiolo.fr/
lepetitpontdebois.fr	Le petit pont de bois	restauration	Nice	6	1	https://www.lepetitpontdebois.fr/
lepetitporteur.com	Le Petit Porteur	services_proximite	Paris	75	1	https://www.lepetitporteur.com/
lepetitresto.eu	Le Petit Bistrot	restauration	Toulouse	31	1	https://www.lepetitresto.eu/
lepetitsalin.fr	Le petit Salin	restauration	Toulouse	31	1	https://www.lepetitsalin.fr/
lepetitsanseb.com	Le Petit San Seb	restauration	Toulouse	31	1	https://lepetitsanseb.com/
lepetitvictor.fr	Le Petit Victor	restauration	Toulouse	31	1	https://www.lepetitvictor.fr
lepiccolomondo.com	Piccolo Mondo	restauration	Lille	59	1	https://www.lepiccolomondo.com
lepicerierestaurant.fr	L'épicerie	restauration	Toulouse	31	1	https://lepicerierestaurant.fr/
lepicsaintloup.fr	Le Pic Saint-Loup	restauration	Montpellier	34	1	https://www.lepicsaintloup.fr/
lepintxoak.fr	Le Pintxoak	restauration	Bordeaux	33	1	https://www.lepintxoak.fr/
leplongeoir.com	Le Plongeoir	restauration	Nice	6	1	https://www.leplongeoir.com/
lepointit.fr	Le Point it	restauration	Lille	59	1	https://lepointit.fr/
lepoissonrougerestaurantcassis.com	Le Poisson Rouge	restauration	Marseille	13	1	https://lepoissonrougerestaurantcassis.com/
lepolikarpov.com	Polikarpov	restauration	Marseille	13	1	https://lepolikarpov.com/
lepotagerdesdemoiselles.fr	Le Potager des demoiselles	restauration	Lille	59	1	https://lepotagerdesdemoiselles.fr/fr
lepotirongourmet.com	Le Potiron Gourmet	restauration	Nice	6	1	https://www.lepotirongourmet.com/
lepotj.fr	Au Pot'j	restauration	Lille	59	1	http://www.lepotj.fr
lepotolait.com	Le Pot O'Lait	restauration	Paris	75	1	https://www.lepotolait.com/
lepoudrierdelareine.com	Le Poudrier de la Reine	beaute_bienetre	Paris	75	1	https://www.lepoudrierdelareine.com/
lepresage.fr	Le présage	restauration	Marseille	13	1	https://lepresage.fr/
lepresentoirlille.fr	Le Présentoir	restauration	Lille	59	1	http://lepresentoirlille.fr
leprestige-spa.fr	Le Prestige Spa Lyon	beaute_bienetre	Lyon	69	1	https://www.leprestige-spa.fr
leprincenoir-restaurant.fr	Le Prince Noir	restauration	Bordeaux	33	1	https://leprincenoir-restaurant.fr/
leptitbreton-creperie.com	Le P'tit Breton	restauration	Paris	75	1	https://www.leptitbreton-creperie.com
leptitcordonnier.com	Le P’tit cordonnier	services_proximite	Paris	75	1	http://leptitcordonnier.com/
leptitlouis.fr	Le P'tit Louis	restauration	Toulouse	31	1	https://leptitlouis.fr
lepubstore.fr	Le Pubstore	restauration	Lille	59	1	https://www.lepubstore.fr/
lepulcinella.fr	Pulcinella	restauration	Lille	59	1	https://www.lepulcinella.fr/
lepuypaulin.fr	Le Puy Paulin	restauration	Bordeaux	33	1	https://www.lepuypaulin.fr/#home
lequailambersart-restaurant.com	Le Quai	restauration	Lille	59	1	https://lequailambersart-restaurant.com/
leraja-nice.fr	Le Raja	restauration	Nice	6	1	https://www.leraja-nice.fr/
lerajasthanvilla.com	Rajasthan Villa	restauration	Toulouse	31	1	https://www.lerajasthanvilla.com/
lerestauranttoulouse.fr	Le Restaurant	restauration	Toulouse	31	1	https://www.lerestauranttoulouse.fr/
lerhul.fr	Le Rhul	restauration	Marseille	13	1	http://www.lerhul.fr
leriaddalya.fr	Le Riad d'Alya	beaute_bienetre	Rouen	76	1	https://www.leriaddalya.fr/
leribouldingue.fr	Le Ribouldingue	restauration	Toulouse	31	1	https://leribouldingue.fr/
lerichedesaveurs.com	Leriche de Saveurs	restauration	Toulouse	31	1	https://www.lerichedesaveurs.com/
lermitage-cauderan.com	L'Ermitage Cauderan	restauration	Bordeaux	33	1	https://lermitage-cauderan.com/
leroiducouscous.com	Restaurant Tipaza - Le roi du couscous	restauration	Lille	59	1	https://www.leroiducouscous.com/
leroll.fr	Le Roll	restauration	Toulouse	31	1	https://www.leroll.fr
leronddeserviette-rivegauche.fr	Le Rond de Serviette	restauration	Toulouse	31	1	https://www.leronddeserviette-rivegauche.fr/
lerossini.fr	Le Rossini	restauration	Nice	6	1	https://lerossini.fr/fr
les-audacieux-coiffure.fr	Les Audacieux	beaute_bienetre	Paris	75	1	https://les-audacieux-coiffure.fr/
les-bistronomes.fr	Les Bistronomes	restauration	Montpellier	34	1	https://les-bistronomes.fr/
les-caprices.fr	Les Caprices	restauration	Toulouse	31	1	https://www.les-caprices.fr/
les-chats-touilleurs-restaurant-bordeaux.eatbu.com	Les Chats Touilleurs	restauration	Bordeaux	33	1	https://les-chats-touilleurs-restaurant-bordeaux.eatbu.com
les-couvreurs-versaillais.fr	Les Couvreurs Versaillais	artisanat_btp	Paris	75	1	https://www.les-couvreurs-versaillais.fr/
les-cyclistes-branches.com	Les Cyclistes Branchés	services_proximite	Paris	75	1	https://www.les-cyclistes-branches.com/
les-delices-toulouse.fr	Les Délices	restauration	Toulouse	31	1	https://les-delices-toulouse.fr/
les-epicuriens-restaurant-nice.com	Les Epicuriens	restauration	Nice	6	1	https://www.les-epicuriens-restaurant-nice.com/
les-filous.fr	Les filous	restauration	Toulouse	31	1	https://les-filous.fr/
les-fishtons.fr	Les Fishtons	restauration	Lille	59	1	https://www.les-fishtons.fr/
les-galopins-restaurant.eatbu.com	Les Galopins	restauration	Toulouse	31	1	https://les-galopins-restaurant.eatbu.com/
les-illustres.fr	Les Illustres	restauration	Toulouse	31	1	https://www.les-illustres.fr/
les-impulsifs-toulouse.eatbu.com	Les Impulsifs	restauration	Toulouse	31	1	https://les-impulsifs-toulouse.eatbu.com/
les-infusees.com	Les infusées	beaute_bienetre	Nantes	44	1	https://www.les-infusees.com/
les-maitres-barbiers-perruquiers.fr	Les maîtres barbiers perruquiers	beaute_bienetre	Paris	75	1	https://les-maitres-barbiers-perruquiers.fr/
les-mille-et-une-beautes.fr	Les Mille & une Beautés	beaute_bienetre	Toulouse	31	1	https://www.les-mille-et-une-beautes.fr/
les-munitionnettes.fr	Les Munitionnettes	restauration	Toulouse	31	1	https://www.les-munitionnettes.fr/
les-petites-douceurs-de-phuket.com	Les Petites Douceurs de Phuket	restauration	Lille	59	1	http://www.les-petites-douceurs-de-phuket.com/
les-petits-genies.com	Les Petits Génies	services_proximite	Paris	75	1	https://www.les-petits-genies.com
les-petits-velos.com	Les Petits Vélos	services_proximite	Paris	75	1	https://les-petits-velos.com/
les-piedssouslatable.fr	Les Pieds sous la Table	restauration	Bordeaux	33	1	http://www.les-piedssouslatable.fr
les-pizzas-d-emilie.com	Les pizzas d'Émilie	restauration	Bordeaux	33	1	https://les-pizzas-d-emilie.com/
les-plaisirs-de-carthage-marseille.eatbu.com	Les Plaisirs de Carthage	restauration	Marseille	13	1	https://les-plaisirs-de-carthage-marseille.eatbu.com/
les-sales-momes.com	Les Sales Mômes	restauration	Lille	59	1	https://www.les-sales-momes.com
les-sens-nice.fr	Les Sens	restauration	Nice	6	1	https://www.les-sens-nice.fr/
les-soeurs-veg.fr	Les Soeurs Veg	restauration	Toulouse	31	1	https://les-soeurs-veg.fr
les-terrasses-du-parc-imperial-40.webself.net	Les Terrasses du Parc Impérial	restauration	Nice	6	1	https://les-terrasses-du-parc-imperial-40.webself.net/accueil
les3dynasties.com	Les 3 Dynasties	restauration	Toulouse	31	1	https://www.les3dynasties.com/
les4freresbedri.com	Les 4 frères Bédri	restauration	Paris	75	1	http://www.les4freresbedri.com/
les5marmites.fr	Les 5 marmites	restauration	Lille	59	1	https://www.les5marmites.fr/
les9dragons.fr	Les 9 Dragons	restauration	Toulouse	31	1	http://www.les9dragons.fr/
lesabotvert.fr	Le Sabot Vert	restauration	Lille	59	1	https://lesabotvert.fr/
lesafran-lille.fr	Safran	restauration	Lille	59	1	https://lesafran-lille.fr
lesagitateurs.com	Les Agitateurs	restauration	Nice	6	2	https://www.lesagitateurs.com/
lesainthonest.fr	Le Saint Honest	restauration	Toulouse	31	1	https://www.lesainthonest.fr/
lesaintsimon.fr	Le Saint-Simon	restauration	Toulouse	31	1	https://www.lesaintsimon.fr/
lesalon-villedavray.fr	Le Salon	beaute_bienetre	Paris	75	1	http://www.lesalon-villedavray.fr/
lesalon75020.com	Le Salon	beaute_bienetre	Paris	75	1	https://www.lesalon75020.com/
lesalonam.fr	AM Coiffure	beaute_bienetre	Paris	75	1	https://www.lesalonam.fr
lesalonavecy.fr	Le salon avec Y	beaute_bienetre	Paris	75	1	https://www.lesalonavecy.fr/
lesalonbyamandine.fr	Le Salon	beaute_bienetre	Lyon	69	1	https://www.lesalonbyamandine.fr/
lesalonbyloonis.fr	Le Salon by Loonis	beaute_bienetre	Nantes	44	1	https://lesalonbyloonis.fr/
lesalondelise.fr	Le Salon d'Élise	beaute_bienetre	Lyon	69	1	https://www.lesalondelise.fr/
lesalonquiparle.fr	Le salon qui parle	beaute_bienetre	Nantes	44	1	https://www.lesalonquiparle.fr/
lesalonviroflay.com	Le Salon	beaute_bienetre	Paris	75	1	https://lesalonviroflay.com
lesandes.com	Les Andes	services_proximite	Paris	75	1	https://www.lesandes.com
lesanglesbarbier.fr	Les Angles	beaute_bienetre	Lyon	69	1	https://www.lesanglesbarbier.fr
lesanjuan.com	Le San Juan	restauration	Nice	6	1	http://www.lesanjuan.com/
lesasiatides.com	Les Asiatides	restauration	Toulouse	31	1	http://www.lesasiatides.com/
lesastelles.fr	Les Astelles	artisanat_btp	Amiens	80	1	http://www.lesastelles.fr/
lesavoureux.business.site	Le Savoureux Kebab	restauration	Paris	75	1	https://lesavoureux.business.site
lesbalancelles.com	Les Balancelles	restauration	Nice	6	1	https://lesbalancelles.com/
lesbarboristes.fr	Les Barboristes	beaute_bienetre	Paris	75	1	https://lesbarboristes.fr
lesbeauxmets-marseille.fr	Les Beaux Mets	restauration	Marseille	13	1	https://www.lesbeauxmets-marseille.fr/
lesbikersinsalyon.wordpress.com	Les Bikers	services_proximite	Lyon	69	1	https://lesbikersinsalyon.wordpress.com/
lesbistronautes.fr	Les Bistronautes	restauration	Lille	59	1	https://lesbistronautes.fr/
lesboisdumidi.com	Les Bois du Midi	artisanat_btp	Toulouse	31	1	https://www.lesboisdumidi.com
lesboucheesdoubles59.com	Les Bouchées Doubles	restauration	Lille	59	1	http://www.lesboucheesdoubles59.com/
lesbouillonstoulousains.fr	Les Bouillons Toulousains	restauration	Toulouse	31	1	https://lesbouillonstoulousains.fr/
lesbuffetsduvieuxport.com	Les Buffets du Vieux-Port	restauration	Marseille	13	1	https://www.lesbuffetsduvieuxport.com/
lesburgersdecolette.fr	Les Burgers de Colette	restauration	Toulouse	31	2	https://www.lesburgersdecolette.fr/
lesburgersdejo.com	Jo's Burger	restauration	Marseille	13	1	https://lesburgersdejo.com/
lesburgersdepapa.fr	Les Burgers de Papa	restauration	Paris	75	1	https://www.lesburgersdepapa.fr/
lescale-pasteur-le-blanc-mesnil.eatbu.com	L'Escale	restauration	Paris	75	1	https://lescale-pasteur-le-blanc-mesnil.eatbu.com/?lang=fr
lescale-restaurant-niolon.com	L'Escale - Restaurant Niolon	restauration	Marseille	13	1	https://www.lescale-restaurant-niolon.com/
lescale59.eatbu.com	L'escale	restauration	Lille	59	1	https://lescale59.eatbu.com
lescalme.fr	L'Escalme	restauration	Montpellier	34	1	https://lescalme.fr/
lescapade-restaurant-halal.fr	L'Escapade	restauration	Lille	59	1	http://lescapade-restaurant-halal.fr/
lescapademarseille.com	L'Escapade	restauration	Marseille	13	1	https://www.lescapademarseille.com/
lescavesdelamarechale.com	Les Caves de la Maréchale	restauration	Toulouse	31	1	https://www.lescavesdelamarechale.com/
lescedresdulibanapalavas.com	Les Cèdres du Liban	restauration	Montpellier	34	1	http://lescedresdulibanapalavas.com/
lescharpentesetlestravaux.fr	Les Charpentes Et Les Travaux Thierry Trupel	artisanat_btp	Brest	29	1	https://lescharpentesetlestravaux.fr/
leschoixdanna.com	Les Choix d'Anna	restauration	Nice	6	1	https://leschoixdanna.com/
lescoiffeursdusud.com	Les Coiffeurs du Sud	beaute_bienetre	Marseille	13	1	https://www.lescoiffeursdusud.com/
lescoiffeursdusudpointerouge.com	Les Coiffeurs du Sud	beaute_bienetre	Marseille	13	1	https://lescoiffeursdusudpointerouge.com/
lescompagnonsdelagrappe.com	Les Compagnons de la Grappe	restauration	Nice	6	1	https://lescompagnonsdelagrappe.com/
lescompagnonsdelagrappe.mobi	Les Compagnons de la Grappe	restauration	Lille	59	1	https://www.lescompagnonsdelagrappe.mobi/
lescomptoirsdelabeaute.com	Les Comptoirs de la Beauté	beaute_bienetre	Paris	75	1	https://lescomptoirsdelabeaute.com/
lescopains.fr	Les copains d'abord	restauration	Toulouse	31	1	https://www.lescopains.fr/
lescriquets.com	L'Hostellerie des Criquets	restauration	Bordeaux	33	1	https://www.lescriquets.com/
lescycles-re.fr	Cycles-Re	services_proximite	Toulouse	31	1	https://www.lescycles-re.fr/
lescyclopolitains.fr	Les Cyclopolitains	services_proximite	Paris	75	1	https://lescyclopolitains.fr/
lesdelicesdelavillette.com	Les Délices de la Villette	restauration	Lyon	69	1	http://www.lesdelicesdelavillette.com/
lesdelicesdelinde.eresto.net	Les Délices De l'Inde	restauration	Lille	59	1	http://lesdelicesdelinde.eresto.net
lesdeuxcanailles.com	Les Deux Canailles	restauration	Nice	6	1	https://www.lesdeuxcanailles.com/
leseauxdemars-restaurant.com	Les Eaux de Mars	restauration	Marseille	13	1	https://leseauxdemars-restaurant.com/
lesecretdusourcil.fr	Le Secret du Sourcil	beaute_bienetre	Nantes	44	1	http://lesecretdusourcil.fr/
lesenfantsgates.net	Les enfants gâtés	restauration	Marseille	13	1	https://www.lesenfantsgates.net
lesenfantsrouges.fr	Les Enfants Rouges	restauration	Montpellier	34	1	https://www.lesenfantsrouges.fr/
lesenssix.fr	Le Sens Six	restauration	Montpellier	34	1	https://www.lesenssix.fr/
lesevidences.fr	Cantine des Évidences	restauration	Lille	59	1	https://lesevidences.fr/page-projet-cantine/
lesfenetresaveyronnaises.fr	Les Fenêtres Aveyronnaises	artisanat_btp	Paris	75	1	https://www.lesfenetresaveyronnaises.fr/
lesfeuillantines.fr	Les Feuillantines	restauration	Toulouse	31	1	https://www.lesfeuillantines.fr/
lesfilsamaman.com	Les Fils à Maman	restauration	Lille	59	1	https://www.lesfilsamaman.com/restaurants/lille/
lesfortestetes.com	Les Fortes Têtes	restauration	Toulouse	31	1	https://lesfortestetes.com/
lesfrangines-lapausegourmande.fr	Les Frangines	restauration	Lille	59	1	https://lesfrangines-lapausegourmande.fr/
lesfreresdesbatignolles.com	Frères des Batignoles	restauration	Paris	75	1	https://www.lesfreresdesbatignolles.com/
lesgarconsbarbiers.com	Les Garçons Barbiers	beaute_bienetre	Paris	75	1	https://www.lesgarconsbarbiers.com
lesgourmands.com	Les Gourmands	restauration	Montpellier	34	1	https://lesgourmands.com
lesgrainsdemimma.fr	Les Grains de Mimma	restauration	Lille	59	1	https://lesgrainsdemimma.fr/
leshahidhaba.com	Le Shahi Dhaba	restauration	Toulouse	31	1	https://leshahidhaba.com/
leshallesdadrien.fr	Les Halles d'Adrien	restauration	Toulouse	31	1	https://www.leshallesdadrien.fr/
leshallesdelamajor.com	Les halles de la Major	restauration	Marseille	13	1	leshallesdelamajor.com
leshallesdelatransition.com	Les Halles de la Transition	restauration	Toulouse	31	1	https://www.leshallesdelatransition.com/
leshogun.fr	Le Shogun	restauration	Bordeaux	33	1	https://leshogun.fr/
leshommesdabord.fr	Les Hommes d'Abord	beaute_bienetre	Lyon	69	3	https://leshommesdabord.fr/
lesjantesdunord.org	Maison du Vélo	services_proximite	Lille	59	3	https://www.lesjantesdunord.org/
lesjardinsdecandie.com	Les Jardins de Candie	restauration	Toulouse	31	1	https://lesjardinsdecandie.com/
lesjardinsdelacepiere.fr	Les Jardins de la Cépière	restauration	Toulouse	31	1	https://www.lesjardinsdelacepiere.fr/
lesjardinsdelacolline.fr	Les Jardins de la Colline	artisanat_btp	Paris	75	1	https://www.lesjardinsdelacolline.fr/
lesjardinsdelenclos.fr	Les Jardins de l'Enclos	restauration	Toulouse	31	1	http://www.lesjardinsdelenclos.fr/
lesjardinsdelolympe.com	Les Jardins de l'Olympe	restauration	Toulouse	31	1	https://www.lesjardinsdelolympe.com/
lesjardinsdelopera.fr	Les Jardins de l'Opéra	restauration	Toulouse	31	1	https://www.lesjardinsdelopera.fr
lesjardinsdelyssa.fr	Les Jardins d'Elyssa	restauration	Toulouse	31	1	http://www.lesjardinsdelyssa.fr/
lesjardinsducapitole.fr	Les Jardins du Capitole	restauration	Nice	6	1	https://lesjardinsducapitole.fr
lesjardinsducloitredemars.fr	Les Jardins du Cloître de Marseille	restauration	Marseille	13	1	https://lesjardinsducloitredemars.fr/
lesmainsdansleguidon.fr	Les Mains dans le Guidon	services_proximite	Lille	59	4	https://www.lesmainsdansleguidon.fr
lesmaisons.com	Maisons.com Pontault-Combault	artisanat_btp	Paris	75	1	https://www.lesmaisons.com/nos-agences/pontault-combault
lesmaisonstynevez.fr	Les Maisons Ty Nevez	artisanat_btp	Brest	29	1	https://www.lesmaisonstynevez.fr/
lesmauvaisgarcons.fr	Les Mauvais Garçons	beaute_bienetre	Paris	75	1	https://www.lesmauvaisgarcons.fr/index.php/salon-neuve-popincourt
lesmenuiseriesparisiennes.com	Les menuiseries parisiennes	artisanat_btp	Paris	75	1	https://www.lesmenuiseriesparisiennes.com
lesmetiersdhaubourdin.fr	Pressing du Parc	services_proximite	Lille	59	1	http://www.lesmetiersdhaubourdin.fr/general/pressing-du-parc/34
lesmetsenmelee.com	Les Mets en Mêlée	restauration	Toulouse	31	1	http://lesmetsenmelee.com/
lesmimosasducours.com	Les mimosas du cours	restauration	Nice	6	1	https://www.lesmimosasducours.com/
lesmomesmontpellier.fr	Les Mômes	restauration	Montpellier	34	1	https://lesmomesmontpellier.fr
lesmonediers.fr	La Mounède	restauration	Toulouse	31	1	https://lesmonediers.fr/
lesmosaiquesdelavilaine.com	Les Mosaïques de la Vilaine	artisanat_btp	Rennes	35	1	https://www.lesmosaiquesdelavilaine.com/
lesmuses-aesthetic.com	Les muses	beaute_bienetre	Paris	75	1	https://lesmuses-aesthetic.com/
lesnam.fr	Nouveaux Ateliers Mécaniques	automobile	Nancy	54	1	https://lesnam.fr
lesneakersatelier.com	Le Sneakers Atelier	services_proximite	Paris	75	1	https://www.lesneakersatelier.com
lesnegociants.fr	Les Négociants	restauration	Bordeaux	33	1	https://lesnegociants.fr/
lesneservice.com	Lesné Service	artisanat_btp	Rennes	35	1	https://www.lesneservice.com/
lesocle.eatbu.com	Le Socle	restauration	Nice	6	1	https://lesocle.eatbu.com
lespanisses.fr	Les Panisses	restauration	Marseille	13	1	http://lespanisses.fr
lespassionnes-toulouse.fr	Les Passionnés	restauration	Toulouse	31	1	https://www.lespassionnes-toulouse.fr
lespecheurs.com	Les Pêcheurs	restauration	Nice	6	1	https://lespecheurs.com/
lespetitscrus.com	Les Petits Crus	restauration	Toulouse	31	1	https://www.lespetitscrus.com/
lespetitsvelosdemaurice.fr	Les Petits Vélos de Maurice	services_proximite	Paris	75	1	https://lespetitsvelosdemaurice.fr/
lespinsdalep.fr	Les pins d'Alep	restauration	Nice	6	1	https://lespinsdalep.fr
lesplaneurs.com	Les Planeurs	restauration	Toulouse	31	1	https://lesplaneurs.com/
lesprit-coiffure-feyzin.fr	L’esprit Coiffure	beaute_bienetre	Lyon	69	1	https://www.lesprit-coiffure-feyzin.fr/
lesprit-de-famille.business.site	L’Esprit de Famille	restauration	Lille	59	1	https://lesprit-de-famille.business.site/
lespritauvert.com	L'esprit au vert	artisanat_btp	Paris	75	1	https://lespritauvert.com/
lespritroutier.fr	L'Esprit Routier - Les 3 Cardinaux	restauration	Bordeaux	33	1	http://www.lespritroutier.fr/
lesrecoltants.fr	Les Récoltants	restauration	Bordeaux	33	1	https://www.lesrecoltants.fr/
lessensduzen.fr	Les Sens du Zen	beaute_bienetre	Paris	75	1	https://www.lessensduzen.fr/
lesspasdusud.befull.fr	Les Spas du sud	beaute_bienetre	Marseille	13	1	http://lesspasdusud.befull.fr/
lestampille-ei.com	Estampille	artisanat_btp	Orleans	45	1	https://www.lestampille-ei.com/
lesteinturiersdubonheur.fr	Les Teinturiers du bonheur	services_proximite	Paris	75	1	https://lesteinturiersdubonheur.fr/
lesterel.com	L'Esterel	restauration	Nice	6	1	https://lesterel.com
lesthermes-toulouse.fr	Les Thermes	restauration	Toulouse	31	1	https://lesthermes-toulouse.fr
lesthetiquedessens.fr	Esthétique des Sens	beaute_bienetre	Paris	75	1	https://lesthetiquedessens.fr/
lestontonsafro.fr	Les Tontons Afro	restauration	Lille	59	1	https://www.lestontonsafro.fr/
lestontonsviandards.fr	Les Tontons Viandards	restauration	Toulouse	31	1	https://lestontonsviandards.fr
lestoquees.com	Les Toquées	restauration	Lille	59	1	https://lestoquees.com/
lestresorsduliban.fr	Les Trésors du Liban	restauration	Marseille	13	1	https://www.lestresorsduliban.fr/
lestroissoupes.fr	Les Trois Soupes	restauration	Toulouse	31	1	https://lestroissoupes.fr/
lestudiodulinge.fr	Le Studio du linge	services_proximite	Paris	75	1	https://www.lestudiodulinge.fr
lesupremevillejuif.com	Le Suprême	restauration	Paris	75	1	https://lesupremevillejuif.com/fr
lesvelosbernard.fr	Les Vélos Bernard : ça Répare et ça Repart	services_proximite	Lille	59	1	http://lesvelosbernard.fr
lesvelosdefratello.com	Les vélos de Fratello	services_proximite	Lyon	69	1	https://www.lesvelosdefratello.com/
lesvelosdelabreche.fr	Les Vélos de La Brèche	services_proximite	Paris	75	1	https://lesvelosdelabreche.fr/
lesvelosdepaname.fr	Les Velos de Panames	services_proximite	Paris	75	1	https://lesvelosdepaname.fr/
lesvelosparisiens.com	Les Vélos Parisiens	services_proximite	Paris	75	1	http://www.lesvelosparisiens.com
lesveloswap.fr	Les vélos wap	services_proximite	Lille	59	1	https://lesveloswap.fr/
lesvignesrestaurant.com	Les Vignes	restauration	Montpellier	34	1	http://www.lesvignesrestaurant.com/
lesvoyageursbordeaux.fr	Les Voyageurs	restauration	Bordeaux	33	1	https://lesvoyageursbordeaux.fr/fr
letableau-artisanscoiffeurs.com	Le Tableau	beaute_bienetre	Nantes	44	1	http://www.letableau-artisanscoiffeurs.com
letalion.fr	Le Talion	beaute_bienetre	Paris	75	1	https://letalion.fr/
letapecycles.com	L'Étape	services_proximite	Grenoble	38	1	https://www.letapecycles.com/
letchap.fr	Le Tchap	restauration	Toulouse	31	1	https://letchap.fr/
letempsdunepause.fr	Le temps d'une pause	restauration	Bordeaux	33	1	https://www.letempsdunepause.fr/
letempsdunete-plage.fr	Le Temps d‘un été	restauration	Nice	6	1	https://www.letempsdunete-plage.fr/
letempsdunregard-paris.fr	Le temps d'un regard	beaute_bienetre	Paris	75	1	https://www.letempsdunregard-paris.fr/
leterredelsud.fr	Le Terre del Sud	restauration	Nice	6	1	https://leterredelsud.fr/fr
letimer-officiel.com	Le Timer	restauration	Paris	75	1	https://letimer-officiel.com/
letimgad-lille.zenchef.com	Le Timgad	restauration	Lille	59	1	http://letimgad-lille.zenchef.com/
letoboggan.fr	Le Toboggan	restauration	Lille	59	1	http://www.letoboggan.fr/
letoigou.fr	Le Toigou	restauration	Marseille	13	1	https://www.letoigou.fr/
letono.fr	Le Tono	restauration	Nice	6	1	https://www.letono.fr/
letotoutard.fr	Tôt ou Tard	restauration	Montpellier	34	1	https://www.letotoutard.fr/
letraiteurdelabourse.fr	Le Traiteur de la Bourse	restauration	Paris	75	1	https://www.letraiteurdelabourse.fr
letrianglelancelot.fr	Le Triangle Lancelot	artisanat_btp	Rennes	35	1	https://www.letrianglelancelot.fr/
letriporteur.fr	Le Triporteur	services_proximite	Paris	75	1	https://www.letriporteur.fr/vincennesberault/
letriporteur.org	Le Triporteur	services_proximite	Paris	75	1	https://www.letriporteur.org
letriseratop.wixsite.com	Le Tri sera Top	services_proximite	Toulouse	31	1	https://letriseratop.wixsite.com/letriseratop
letroquetgaronne.fr	Le Troquet Garonne	restauration	Toulouse	31	1	https://www.letroquetgaronne.fr/
lettucegarden.fr	Lettuce Garden	restauration	Bordeaux	33	1	https://www.lettucegarden.fr/
levelandais.com	Le Velandais	services_proximite	Paris	75	1	https://www.levelandais.com/
levelodebelleville.com	Le Vélo de Belleville	services_proximite	Paris	75	1	https://www.levelodebelleville.com/
leveloelectrique.fr	Leveloelectrique.fr	services_proximite	Paris	75	1	https://www.leveloelectrique.fr/
levelographe.fr	Le Velographe	services_proximite	Paris	75	1	https://levelographe.fr/fr/
levelosurlapiste.business.site	Le vélo sur la piste	services_proximite	Paris	75	1	https://levelosurlapiste.business.site/
levenitien-cugnaux.eatbu.com	Le vénitien	restauration	Toulouse	31	1	https://levenitien-cugnaux.eatbu.com
leverytable-lyon-8.fr	Le Very Table	restauration	Lyon	69	1	https://leverytable-lyon-8.fr/
levesuviotoulouse.fr	Le Vesuvio	restauration	Toulouse	31	1	https://levesuviotoulouse.fr/
levidencerestaurant.com	L'Évi'Dence	restauration	Bordeaux	33	1	https://levidencerestaurant.com
levingt4.fr	Vingt4	restauration	Nice	6	1	https://www.levingt4.fr/
levirginie.com	Le Virginie	restauration	Nice	6	1	https://www.levirginie.com/
lewitloof.com	Le Bistrot du Witloof	restauration	Lille	59	1	https://www.lewitloof.com/
lexus-metz.fr	Lexus	automobile	Metz	57	1	https://www.lexus-metz.fr
lexus.fr	Garage Veyrunes	automobile	Nimes	30	1	https://www.lexus.fr/concessions/reparateur-agree-lexus-nimes
leyen.fr	Le Yen	restauration	Nice	6	1	https://leyen.fr/restaurant-nice/
leyenprado.fr	Le Yen Seiiki	restauration	Marseille	13	1	http://www.leyenprado.fr/
leyibienetre.business.site	Le Yi Bien-être	beaute_bienetre	Paris	75	1	https://leyibienetre.business.site/
lezorba-mouscron.be	Le Zorba	restauration	Lille	59	1	https://www.lezorba-mouscron.be/
lezz-et.net	Lezzet	restauration	Lille	59	1	https://lezz-et.net/
lezzetkebab-kehl.de	Lezzet	restauration	Strasbourg	67	1	https://www.lezzetkebab-kehl.de/
lf.fr	La Famille - Lille Europe	restauration	Lille	59	1	https://www.lf.fr/restaurants/la-famille-lille-lille-europe
lfacycles.fr	French Atelier cycles	services_proximite	Paris	75	1	https://www.lfacycles.fr/
lgaiette.fr	L'Gaïette	restauration	Lille	59	1	https://www.lgaiette.fr/
lgmenuiserie10.fr	Lg Menuiserie	artisanat_btp	Troyes	10	1	https://www.lgmenuiserie10.fr/
lhegoarestaurant.fr	L'Hégoa	restauration	Bordeaux	33	1	https://www.lhegoarestaurant.fr/
lhoustalet.fr	L'Houstalet	restauration	Toulouse	31	1	https://lhoustalet.fr/
libanaislyon.wixsite.com	Libanais Lyon	restauration	Lyon	69	1	https://libanaislyon.wixsite.com/libanaislyon
libre-et-bon-paris-15.fr	Libre & Bon	restauration	Paris	75	1	https://libre-et-bon-paris-15.fr
libshop.fr	Libshop	restauration	Paris	75	1	https://libshop.fr/restaurants/libshop-paris-8/
libshop.paris	Libshop	restauration	Paris	75	1	https://libshop.paris/
lift-auto83.fr	Lift Auto	automobile	Toulon	83	1	https://www.lift-auto83.fr/
lightman-electricite.fr	LightMan	artisanat_btp	Paris	75	1	http://www.lightman-electricite.fr/
ligneetdetente.fr	Ligne et Détente	beaute_bienetre	Lyon	69	1	https://www.ligneetdetente.fr
liguane.fr	L'Iguane	restauration	Bordeaux	33	1	http://www.liguane.fr
liilabeauty.fr	Liila Beauty Institut	beaute_bienetre	Lyon	69	1	https://liilabeauty.fr/institut-de-beaute-lyon/
lilawadeemassage7.wixsite.com	Lilawadee	beaute_bienetre	Paris	75	1	https://lilawadeemassage7.wixsite.com/lilawadee
liledecrete.com	L'Île de Crête	restauration	Lille	59	1	https://www.liledecrete.com/
lili-beauty-institut.fr	Lily Beauty	beaute_bienetre	Rouen	76	1	https://www.lili-beauty-institut.fr/
liliancoiffure.fr	Lilian Coiffure	beaute_bienetre	Paris	75	1	https://www.liliancoiffure.fr/
liliesburger.fr	Lilie's Burger	restauration	Bordeaux	33	1	https://liliesburger.fr/
lilin-raviolis.com	Lilin	restauration	Marseille	13	1	www.lilin-raviolis.com
lillasushi.fr	Lilla Sushi	restauration	Lille	59	1	https://www.lillasushi.fr/
lille-centre.cyclable.com	Cyclable Lille	services_proximite	Lille	59	1	https://lille-centre.cyclable.com/
lille-nord.cyclable.com	Cyclable Nord Lille	services_proximite	Lille	59	1	https://lille-nord.cyclable.com
lille.demosphere.net	MontéVélo	services_proximite	Lille	59	1	https://lille.demosphere.net/lieu/4860
lille.pirates-paradise.fr	Pirates Paradise	restauration	Lille	59	1	https://lille.pirates-paradise.fr/
lille.pitayaresto.fr	Pitaya	restauration	Lille	59	1	https://lille.pitayaresto.fr/
lillenium-lille.com	Belchicken	restauration	Lille	59	1	https://www.lillenium-lille.com/boutiques/belchicken/
lilot-soins.fr	L’Îlot	beaute_bienetre	Paris	75	1	https://www.lilot-soins.fr
limmatmarseille.com	Limmat	restauration	Marseille	13	1	https://www.limmatmarseille.com/
limoncellopizza.com	Limencello	restauration	Paris	75	1	http://www.limoncellopizza.com/
limperiale-restaurant.fr	L'Impériale	restauration	Toulouse	31	1	https://limperiale-restaurant.fr/
limsept.fr	Lim sept	restauration	Paris	75	1	https://www.limsept.fr/
lina-lunch.business.site	Lina Lunch . DOUBLE L	restauration	Paris	75	1	https://lina-lunch.business.site/
lincontournable-barbershop.com	L'incontournable barbershop	beaute_bienetre	Toulouse	31	1	https://www.lincontournable-barbershop.com
linktr.ee	Chic Beauté Nails	beaute_bienetre	Paris	75	2	https://linktr.ee/ChicBeauteNails
lino-daily-pessac.cover.page	Lino Daily Italian Food	restauration	Bordeaux	33	1	https://lino-daily-pessac.cover.page/fr
linstant-nice.com	L'Instant	restauration	Nice	6	1	https://www.linstant-nice.com/
linstantdisa.com	L'Instant d'Isa	beaute_bienetre	Lyon	69	1	https://www.linstantdisa.com/
linstantvegetal.com	L'Instant Végétal	beaute_bienetre	Paris	75	1	https://linstantvegetal.com/
linstitutdebeaute.com	L'Institut de Beauté	beaute_bienetre	Nantes	44	1	https://www.linstitutdebeaute.com/
linstitutdesophie.fr	L'Institut de Sophie	beaute_bienetre	Paris	75	1	https://www.linstitutdesophie.fr/
lintervilles.fr	L'Interville	restauration	Lille	59	1	https://lintervilles.fr/
linvidia-street-food-paris-12.fr	L’Invidia	restauration	Paris	75	1	https://linvidia-street-food-paris-12.fr
litalia.fr	Litalia Pizzeria	restauration	Bordeaux	33	2	https://litalia.fr
litaliananice.com	Pizzeria l'italiana	restauration	Nice	6	1	https://litaliananice.com/
litalienne.fr	Fedita	restauration	Toulouse	31	1	http://www.litalienne.fr/
littlebaobei.com	Little Baobei	restauration	Paris	75	1	https://www.littlebaobei.com
littleitaly-lille.com	Little Italy	restauration	Lille	59	1	https://www.littleitaly-lille.com/
littleitaly-saintandrelezlille.fr	Little Italy	restauration	Lille	59	1	https://littleitaly-saintandrelezlille.fr/fr
littlepokenice.com	Little Poke	restauration	Nice	6	1	https://www.littlepokenice.com/
ljcservices-fenetres.com	LJC Services - Partenaire Arcades et Baies	artisanat_btp	Paris	75	1	https://www.ljcservices-fenetres.com/
llum-toulouse.fr	Llum	restauration	Toulouse	31	1	https://www.llum-toulouse.fr/
lm-proprete.fr	LM Propreté	services_proximite	Rennes	35	1	https://www.lm-proprete.fr/
lmeca.fr	LM Méca	artisanat_btp	Pau	64	1	https://lmeca.fr/
lmt-services.fr	La Main Tendue	services_proximite	Nice	6	1	http://www.lmt-services.fr/
loberge-pub.com	Loberge Resto Club	restauration	Marseille	13	1	http://www.loberge-pub.com/
lobsta.fr	Lobsta	restauration	Nice	6	1	https://lobsta.fr/en/nice-airport-t1/
location-velo.star.fr	Maison du Vélo	services_proximite	Rennes	35	1	https://location-velo.star.fr
locations.chipotle.fr	Chipotle	restauration	Paris	75	1	https://locations.chipotle.fr/paris/96-boulevard-saint-germain
locations.hollandbikes.com	Holland Bikes	services_proximite	Paris	75	2	https://locations.hollandbikes.com/location-velo-operas/
locations.pretamanger.fr	Pret à Manger	restauration	Paris	75	1	https://locations.pretamanger.fr/paris/110-avenue-de-france
locobyjems.com	Street Loco	restauration	Bordeaux	33	1	https://locobyjems.com
loft-pizza.fr	Loft Pizza	restauration	Paris	75	1	https://www.loft-pizza.fr
loft33.fr	LOFT 33 Bordeaux	restauration	Bordeaux	33	1	http://www.loft33.fr
logis-bois.fr	LogisBois	artisanat_btp	Reims	51	1	https://logis-bois.fr/
logivitae.fr	LogiVitae	services_proximite	Paris	75	1	https://logivitae.fr/
loire-menager-service.fr	Loire Ménager Service	services_proximite	Saint-Etienne	42	1	http://www.loire-menager-service.fr/
loisirs-vtt.fr	Loisirs VTT Pollionnay	services_proximite	Lyon	69	1	http://www.loisirs-vtt.fr/
loksiamspa.com	Lôk Siam Spa	beaute_bienetre	Paris	75	1	https://loksiamspa.com/
loleas.blogspot.com	l'Oleas	restauration	Marseille	13	1	http://loleas.blogspot.com
loliveraie-restaurant-chateau-gombert.com	L'Oliveraie	restauration	Marseille	13	1	https://www.loliveraie-restaurant-chateau-gombert.com/
lolivier-nice.eatbu.com	l'Olivier	restauration	Nice	6	1	https://lolivier-nice.eatbu.com
lomenech.fr	Lomenech	artisanat_btp	Lorient	56	1	https://www.lomenech.fr/
long-quan.fr	Long Quan	restauration	Toulouse	31	1	https://www.long-quan.fr/
longjumeau.speedrabbitpizza.com	Speed Rabbit Pizza	restauration	Paris	75	1	https://longjumeau.speedrabbitpizza.com/categories/pizzas
longledantonius.site-solocal.com	L’Ongle d’Antony	beaute_bienetre	Paris	75	1	https://longledantonius.site-solocal.com/
longtimeliner.fr	Long Time Liner	beaute_bienetre	Paris	75	1	https://www.longtimeliner.fr/
looklemon.com	Look lemon Coiffeur paris 16	beaute_bienetre	Paris	75	1	http://www.looklemon.com/
lookmycils.com	I Look My Cils	beaute_bienetre	Paris	75	1	https://lookmycils.com
loostaminet.fr	Loos'Taminet	restauration	Lille	59	1	https://www.loostaminet.fr/
lopiccolo.fr	Lo Piccolo	artisanat_btp	Pau	64	1	https://lopiccolo.fr
loqua.fr	Loqua	restauration	Lyon	69	1	https://loqua.fr
lorangeriejardinpublic-bordeaux.fr	L'Orangerie	restauration	Bordeaux	33	1	https://lorangeriejardinpublic-bordeaux.fr
lorconcept-toiture.com	Lor'Concept Toiture	artisanat_btp	Nancy	54	1	https://lorconcept-toiture.com
lordpressing.com	Lord Pressing	services_proximite	Nice	6	1	https://lordpressing.com
lorenove.fr	Fenêtres Lorenove	artisanat_btp	Paris	75	1	https://www.lorenove.fr
lorenzopizza.fr	Pizza Lorenzo	restauration	Marseille	13	1	https://www.lorenzopizza.fr/
lorepol.eatbu.com	L'Orépol	restauration	Bordeaux	33	1	http://lorepol.eatbu.com/?lang=fr
lorflam.fr	Lorflam	artisanat_btp	Lorient	56	1	https://www.lorflam.fr/
lorientfast.com	L'Orient Fast	restauration	Paris	75	1	https://lorientfast.com/
lorienthail-villenave.eatbu.com	L'Orienthail	restauration	Bordeaux	33	1	https://lorienthail-villenave.eatbu.com/?lang=fr
loriginal-restaurant-montpellier.fr	L’Original	restauration	Montpellier	34	1	https://www.loriginal-restaurant-montpellier.fr/
lorraine-evasion.fr	Lorraine Évasion	automobile	Nancy	54	1	https://lorraine-evasion.fr/
lorraine-pieces-poids-lourds-57.fr	Lorraine Pièces Poids lourds	automobile	Metz	57	1	https://www.lorraine-pieces-poids-lourds-57.fr
lorraineparebrise.fr	Lorraine Pare-brise	automobile	Metz	57	1	https://www.lorraineparebrise.fr
los-primos-lyon.fr	Los Primos	restauration	Lyon	69	1	https://los-primos-lyon.fr
los3compadres.com	Los 3 compadres	restauration	Lille	59	1	http://www.los3compadres.com
losamoelletoulouse.com	L'Os à Moëlle	restauration	Toulouse	31	1	https://www.losamoelletoulouse.com
losbrothers.website	Los Brothers	restauration	Paris	75	1	https://losbrothers.website/
lostaldugout.com	La Broche de l'Ôstal	restauration	Bordeaux	33	1	https://www.lostaldugout.com/r%C3%B4tisserie-la-broche
lotus-bleu.fr	Le Lotus Bleu	restauration	Paris	75	1	https://www.lotus-bleu.fr
lotusdor.fr	Le Lotus d'Or	restauration	Nice	6	1	https://www.lotusdor.fr/
lou-gesu.eatbu.com	Lou Gesu	restauration	Nice	6	1	https://lou-gesu.eatbu.com
lou-pelandroun.com	Lou Pelandroun	restauration	Nice	6	1	https://www.lou-pelandroun.com/
loubalico.com	Lou Balico	restauration	Nice	6	1	https://loubalico.com/
louchambri.com	Lou Chambri	restauration	Marseille	13	1	http://www.louchambri.com/
louis-et-gabrielle.fr	Louis et Gabrielle	beaute_bienetre	Paris	75	1	https://louis-et-gabrielle.fr/
louis-herboristerie.com	Herboristerie Louis	beaute_bienetre	Paris	75	1	https://www.louis-herboristerie.com/content/46-herboristerie-de-saint-ouen-grand-paris
louka-pizza.fr	Louka Pizza	restauration	Lille	59	1	https://louka-pizza.fr/
loulou-coiffure.com	Loulou Coiffure	beaute_bienetre	Paris	75	1	https://www.loulou-coiffure.com/
loungecut.fr	Lounge Cut	beaute_bienetre	Lyon	69	1	http://www.loungecut.fr/
loupantail.com	Lou Pantaïl	restauration	Nice	6	1	https://www.loupantail.com/
loupastrouil.fr	Lou Pastrouil	restauration	Nice	6	1	https://loupastrouil.fr
loupoumpouille.fr	Lou Poumpouille	restauration	Nice	6	1	https://www.loupoumpouille.fr/
loury.com	Chez Loury	restauration	Marseille	13	1	https://www.loury.com/
loutape-nice.com	Lou Tape	restauration	Nice	6	1	https://www.loutape-nice.com/
louverture.fr	L'Ouverture	artisanat_btp	Marseille	13	1	https://www.louverture.fr/
lova.primafamily.fr	Prima Lova	restauration	Toulouse	31	1	https://lova.primafamily.fr/
lovalino.fr	L'Ovalino	restauration	Montpellier	34	1	https://www.lovalino.fr/
lovelyspa.fr	Lovely Spa	beaute_bienetre	Paris	75	1	https://www.lovelyspa.fr
lovepizza.fr	Love Pizza	restauration	Paris	75	1	https://www.lovepizza.fr/
lowfrictiondreams.com	Lille Fives Atelier Vélo	services_proximite	Lille	59	1	https://lowfrictiondreams.com/#services
lozanne.mondovelo.fr	Mondovélo	services_proximite	Lyon	69	1	https://lozanne.mondovelo.fr/
lozannetacos.fr	Le Tacos	restauration	Lyon	69	1	https://lozannetacos.fr
lr-coiffure-esthetique.fr	LR Coiffure Esthétique	beaute_bienetre	Paris	75	1	https://www.lr-coiffure-esthetique.fr/
lrhabitat.com	LR Habitat	artisanat_btp	Rennes	35	1	https://lrhabitat.com/
lrvision-film.com	Rapid Pare Brise	automobile	Montpellier	34	1	http://www.lrvision-film.com
lsi-asso.fr	L'Atelier Vélo	services_proximite	Lille	59	1	http://www.lsi-asso.fr/atelier-velo/
lsrdv.com	LNC Beauty	beaute_bienetre	Paris	75	1	https://lsrdv.com/lncbeauty
ltmodernes.fr	Les Temps Modernes	restauration	Toulouse	31	1	https://www.ltmodernes.fr/
lu-francalin.fr	Lu Fran Calin	restauration	Nice	6	1	https://lu-francalin.fr/
lucie-ultrafrais.fr	Lucie	restauration	Paris	75	2	https://lucie-ultrafrais.fr/
lucienfevriero.fr	Lucien Févriéro	artisanat_btp	Marseille	13	1	https://lucienfevriero.fr/
luciesaintclair.fr	Lucie Saint-Clair	beaute_bienetre	Paris	75	1	https://luciesaintclair.fr/les-salons/boulogne/
luckypanda.fr	Lucky Panda	restauration	Lille	59	1	https://www.luckypanda.fr/
luckyregal.com	Lucky Régal'	restauration	Nice	6	1	https://www.luckyregal.com
luckysbarber.fr	Lucky's Barber Shop	beaute_bienetre	Paris	75	1	https://www.luckysbarber.fr
luks-kebab.com	Lüks	restauration	Paris	75	1	https://luks-kebab.com/
luks-kebab.fr	Lüks kebab	restauration	Paris	75	1	https://luks-kebab.fr/
luludanslaprairie.com	Maison Yoü (by Lulu dans la prairie)	restauration	Bordeaux	33	1	http://www.luludanslaprairie.com/
lumicycles.fr	Lumicycles	services_proximite	Toulouse	31	1	https://lumicycles.fr
luminescence-bienetredetente.fr	L'atelier du bien-être	beaute_bienetre	Marseille	13	1	https://www.luminescence-bienetredetente.fr/
luminescence-toulouse.fr	Institut Luminescence	beaute_bienetre	Toulouse	31	1	https://www.luminescence-toulouse.fr/
lunaongle.com	Luna Ongle	beaute_bienetre	Lyon	69	1	https://www.lunaongle.com/
lunicco.fr	Lunicco	restauration	Paris	75	12	https://www.lunicco.fr/point-de-vente/qwartz
lusogaz.com	Lusogaz	artisanat_btp	Paris	75	1	https://www.lusogaz.com/
luuly.fr	Luuly	restauration	Bordeaux	33	1	https://www.luuly.fr/
luxme.fr	LuxMe	beaute_bienetre	Lyon	69	1	http://luxme.fr
luxosante.com	Luxosanté	beaute_bienetre	Lyon	69	1	https://www.luxosante.com/
luxurybeautyplan.fr	Luxury Beauty	beaute_bienetre	Marseille	13	1	https://www.luxurybeautyplan.fr/
luzine-restaurant.com	L'Uzine	restauration	Nice	6	1	https://www.luzine-restaurant.com/
luzipizza.fr	Luzi Pizza Forest	restauration	Lille	59	1	http://luzipizza.fr
lv-beauty.fr	LV Beauty	beaute_bienetre	Paris	75	1	https://lv-beauty.fr
lvh-electronique.fr	LVH Electronique	services_proximite	Rennes	35	1	http://www.lvh-electronique.fr/
lyanacoiffure.fr	Lyn'aya	beaute_bienetre	Paris	75	1	https://lyanacoiffure.fr/
lycamobile.fr	Lyca Mobile	services_proximite	Paris	75	1	https://lycamobile.fr
lylys-ongles-et-beaute.fr	Ongles & Beauté	beaute_bienetre	Toulouse	31	1	http://www.lylys-ongles-et-beaute.fr/
lynailsparis.fr	Ly Nails	beaute_bienetre	Paris	75	1	https://www.lynailsparis.fr/
lyon-bellecour.cyclable.com	Cyclable	services_proximite	Lyon	69	1	https://lyon-bellecour.cyclable.com
lyon.pizza-peppone-burger.fr	Peppone	restauration	Lyon	69	1	https://lyon.pizza-peppone-burger.fr/
lyon4.cyclable.com	Cyclable Croix-Rousse	services_proximite	Lyon	69	1	https://lyon4.cyclable.com/
lyon6-endermospa-lpg.fr	Endermospa	beaute_bienetre	Lyon	69	1	https://www.lyon6-endermospa-lpg.fr
lyon6.cyclable.com	Cyclable Foch	services_proximite	Lyon	69	1	https://lyon6.cyclable.com/
lyon7.cyclable.com	Cyclable Jean Jaurès	services_proximite	Lyon	69	1	https://lyon7.cyclable.com/
lyon8.sushihand.fr	Sushi Hand	restauration	Lyon	69	1	https://lyon8.sushihand.fr/
lyoncyclechic.fr	Lyon Cycle Chic	services_proximite	Lyon	69	1	http://www.lyoncyclechic.fr/
lyonfenetres.com	Lyon Fenêtres	artisanat_btp	Lyon	69	1	https://www.lyonfenetres.com/
lyonsaxe.iriparo.com	Riparo prink	services_proximite	Lyon	69	1	https://lyonsaxe.iriparo.com
lys-tea.fr	Lys Tea	restauration	Montpellier	34	1	https://lys-tea.fr/
m-by-mo-bachir.business.site	M by Mo Bachir	restauration	Toulouse	31	1	https://m-by-mo-bachir.business.site/
m-energies.fr	M-ENERGIES Nancy	artisanat_btp	Nancy	54	1	https://m-energies.fr/
m.proxiconfort.fr	Proxi Confort - Électroménager Services - Télé Technique	services_proximite	Rennes	35	1	https://m.proxiconfort.fr/magasin/proxi-confort-betton
m.restaurants.mcdonalds.fr	McDonald's	restauration	Paris	75	1	https://m.restaurants.mcdonalds.fr/mcdonalds-versailles-rive-droite
m2ievm.com	Vélostation	services_proximite	Paris	75	1	https://m2ievm.com/aavelo/
m2peinture.fr	M2Peinture	artisanat_btp	Marseille	13	1	https://www.m2peinture.fr/
ma-carrosserie-essey.fr	Ma carrosserie	automobile	Nancy	54	1	https://www.ma-carrosserie-essey.fr/
ma-maison-renov.fr	Ma Maison Renov	artisanat_btp	Paris	75	1	https://ma-maison-renov.fr
ma-poissonnerie.mc	La Pêcherie U Luvassu	restauration	Nice	6	1	https://www.ma-poissonnerie.mc/
mabichesurletoit.com	Ma Biche Sur Le Toit	restauration	Toulouse	31	1	https://www.mabichesurletoit.com/
mabornelr.com	MA BORNE LR	artisanat_btp	Rennes	35	1	https://mabornelr.com/
mabulleensante.fr	Ma Bulle en Santé	beaute_bienetre	Toulouse	31	1	https://mabulleensante.fr/
mac-draveil.eatbu.com	Mac Draveil Restauration Rapide	restauration	Paris	75	1	https://mac-draveil.eatbu.com/
macadam-sellerie.jimdofree.com	Macadam (Sellerie et maroquinerie)	services_proximite	Paris	75	1	https://macadam-sellerie.jimdofree.com/
macadamboissy.com	Macadam	restauration	Paris	75	1	https://macadamboissy.com/
macadamgarage.fr	Macadam	services_proximite	Paris	75	1	https://macadamgarage.fr/
macadamia-coiffure.fr	Macadamia Coiffure	beaute_bienetre	Lyon	69	1	https://www.macadamia-coiffure.fr/
macfood.eatbu.com	Mac Food 94	restauration	Paris	75	1	https://macfood.eatbu.com/?lang=fr
macking77.fr	Macking	restauration	Paris	75	1	https://macking77.fr/
madame-tortue.fr	Madame Tortue	restauration	Paris	75	1	https://madame-tortue.fr/
madamebalzac.fr	Madame Balzac	beaute_bienetre	Paris	75	1	https://www.madamebalzac.fr/
madamebaudruche.fr	Madame Baudruche	restauration	Toulouse	31	1	https://madamebaudruche.fr/
madamefeetout.com	Madame Fée Tout	services_proximite	Paris	75	1	https://www.madamefeetout.com
madameli33.com	Madame Li	restauration	Bordeaux	33	1	https://www.madameli33.com/
madamepoutine.com	Madame Poutine	restauration	Toulouse	31	1	https://www.madamepoutine.com/
madamesansgene.fr	Madame Sans Gêne	beaute_bienetre	Toulouse	31	1	https://www.madamesansgene.fr/
madasteph-food.business.site	Mardasteph Food	restauration	Lille	59	1	https://madasteph-food.business.site/
madeincoiff.fr	Made In Coiff	beaute_bienetre	Lyon	69	1	https://www.madeincoiff.fr/
madeinconflans.fr	Cordonnerie Pinheiro	services_proximite	Paris	75	1	https://madeinconflans.fr/pageweb/cordonnerie-pinheiro
madeincycles.fr	Madein Cycles	services_proximite	Montpellier	34	1	https://www.madeincycles.fr
madeinfrenchparis16.com	Made in French	beaute_bienetre	Paris	75	1	https://madeinfrenchparis16.com
mademoiselle-bio.com	Mademoiselle Bio	beaute_bienetre	Paris	75	1	https://www.mademoiselle-bio.com/boutique-institut/saint-martin
mademoiselle-soline.fr	Les Brunchs de Mademoiselle Soline	restauration	Toulouse	31	1	https://www.mademoiselle-soline.fr/
mademoisellebobun.com	Mademoiselle Bobun	restauration	Bordeaux	33	1	https://mademoisellebobun.com
mademoiselleboris.com	Mademoiselle Boris	restauration	Montpellier	34	1	https://mademoiselleboris.com/
mademoisellerelax.fr	Mademoiselle Relax	beaute_bienetre	Toulouse	31	3	https://www.mademoisellerelax.fr
madfood.fr	Mad Food	restauration	Strasbourg	67	1	https://www.madfood.fr
maelis-centrelaser.com	Centre d'Épilation Laser	beaute_bienetre	Paris	75	1	https://www.maelis-centrelaser.com
maepoke.fr	Maé Poké	restauration	Paris	75	1	https://www.maepoke.fr
maestrolartisan.fr	Maestro L'Artisan	beaute_bienetre	Lyon	69	1	https://www.maestrolartisan.fr/
mafiarottolo.fr	Mafia Rottolo	restauration	Strasbourg	67	1	https://www.mafiarottolo.fr/
magasin-dijon.arcadesetbaies.com	Arcades & Baies	artisanat_btp	Dijon	21	1	https://magasin-dijon.arcadesetbaies.com
magasin-grigny.arcadesetbaies.com	Pdg Menuiserie - Partenaire Arcades Et Baies	artisanat_btp	Paris	75	1	https://magasin-grigny.arcadesetbaies.com
magasin-perpignan.arcadesetbaies.com	Mcm - Partenaire Arcades Et Baies	artisanat_btp	Perpignan	66	1	https://magasin-perpignan.arcadesetbaies.com
magasin-toulouse.arcadesetbaies.com	Menuiserie Morere Sas	artisanat_btp	Toulouse	31	1	https://magasin-toulouse.arcadesetbaies.com/
magasin-velo-electrique.com	Newteon	services_proximite	Nice	6	1	http://www.magasin-velo-electrique.com
magasin.precisium-distribution.fr	Autoroul	automobile	Strasbourg	67	1	https://magasin.precisium-distribution.fr/240-autoroul
magasin.save.co	Save	services_proximite	Paris	75	1	https://magasin.save.co/ile-de-france/val-doise/sannois/save-sannois-169
magasingeneralvelo.fr	Magasin Général du Vélo	services_proximite	Paris	75	1	https://www.magasingeneralvelo.fr/
magasins.bleulibellule.com	Bleu Libellule	beaute_bienetre	Paris	75	1	https://magasins.bleulibellule.com/ile-de-france/val-de-marne/thiais/bleu-libellule-thiais-67
magasins.kpark.fr	K par K	artisanat_btp	Paris	75	6	https://magasins.kpark.fr/74-kpark-paris-la-fayette
magnolia-cafe-restaurant-nice.fr	Magnolia Café	restauration	Nice	6	1	https://magnolia-cafe-restaurant-nice.fr
magnum-caveamanger-toulouse.eatbu.com	Magnum	restauration	Toulouse	31	1	https://magnum-caveamanger-toulouse.eatbu.com/
maharajatoulouse.fr	Le Maharaja	restauration	Toulouse	31	1	https://www.maharajatoulouse.fr/
maharani-lille.fr	Maharani	restauration	Lille	59	1	http://www.maharani-lille.fr/
mai-pizza.e-monsite.com	Maï Pizza	restauration	Nice	6	1	https://mai-pizza.e-monsite.com/
maicuisine.fr	Maï cuisine	restauration	Nice	6	1	https://www.maicuisine.fr/
mailapizza.fr	Maila Pizza	restauration	Paris	75	1	https://www.mailapizza.fr/
maillard-brasserie.fr	Brasserie Maillard	restauration	Bordeaux	33	1	https://maillard-brasserie.fr/
mairie-orsay.fr	Village de food trucks	restauration	Paris	75	1	https://www.mairie-orsay.fr/orsay-vous/actualites/vie-pratique/1315-un-village-de-foodtrucks-sur-le-quartier-du-moulon
mairie-tournefeuille.fr	Le Rayon	services_proximite	Toulouse	31	1	https://www.mairie-tournefeuille.fr/actualite/le-rayon-une-nouvelle-structure-municipale-dediee-aux-mobilites-durables/
maison-bonnaire.fr	Maison Bonnaire	restauration	Montpellier	34	1	https://maison-bonnaire.fr/
maison-de-re.com	Maison de Ré	restauration	Nice	6	1	https://maison-de-re.com
maison-des-meches.fr	Maison des Mèches	beaute_bienetre	Paris	75	1	https://www.maison-des-meches.fr
maison-et-services.com	Maison & Services	services_proximite	Paris	75	1	https://www.maison-et-services.com/trouver-mon-prestataire/france/ile-de-france/paris/maison-services-paris-16
maison-flamel.com	Maison Flamel	beaute_bienetre	Paris	75	1	https://maison-flamel.com
maison-franco.fr	Maison Franco	restauration	Bordeaux	33	1	https://www.maison-franco.fr
maison-gigi.fr	Maison Gigi	beaute_bienetre	Lyon	69	1	https://www.maison-gigi.fr
maison-jeilan.fr	Maison Jeilan	beaute_bienetre	Lyon	69	1	https://www.maison-jeilan.fr/
maison-joia.com	Maison Joia	restauration	Nice	6	2	https://maison-joia.com/
maison-l.eatbu.com	Maison L	restauration	Lille	59	1	https://maison-l.eatbu.com
maison-nouvelle.fr	Maison Nouvelle	restauration	Bordeaux	33	1	https://maison-nouvelle.fr/
maison-sarment.jimdosite.com	Maison Sarment	restauration	Toulouse	31	1	https://maison-sarment.jimdosite.com/
maisonbalme.com	Balme	restauration	Lille	59	1	https://www.maisonbalme.com/magasins/lille-58
maisonbis.fr	maison bis	beaute_bienetre	Nantes	44	1	https://www.maisonbis.fr/
maisonbuon.com	Maison Buon	restauration	Marseille	13	1	https://www.maisonbuon.com/
maisonchachacoiffure.fr	Maison Chacha	beaute_bienetre	Toulouse	31	1	https://www.maisonchachacoiffure.fr/
maisonchaya.fr	Maison Chaya	restauration	Toulouse	31	1	https://maisonchaya.fr
maisondafrique-restaurant.fr	Maison D’Afrique	restauration	Toulouse	31	1	https://maisondafrique-restaurant.fr
maisondartistes.fr	Maison d'Artistes	beaute_bienetre	Toulouse	31	1	https://www.maisondartistes.fr/
maisondeladetente.fr		beaute_bienetre	Paris	75	1	https://www.maisondeladetente.fr/
maisondesmarquises.com	La Maison des Marquises	beaute_bienetre	Paris	75	1	http://www.maisondesmarquises.com
maisondesmobilitescyclables.fr	Station V	services_proximite	Toulouse	31	1	https://maisondesmobilitescyclables.fr
maisondesvinsdulanguedoc.com	Le restaurant de la Maison des Vins du Languedoc	restauration	Montpellier	34	1	https://www.maisondesvinsdulanguedoc.com/le-restaurant
maisonducassoulet.com	Maison du Cassoulet	restauration	Toulouse	31	1	https://maisonducassoulet.com/
maisondufleuve.com	La Maison du Fleuve	restauration	Bordeaux	33	1	http://www.maisondufleuve.com
maisondulacbleu.com	La Maison du Lac Bleu	restauration	Bordeaux	33	1	http://maisondulacbleu.com/
maisondulaser.fr	Maison du Laser	beaute_bienetre	Paris	75	1	https://www.maisondulaser.fr
maisondusoin.fr	Maison du soin	beaute_bienetre	Lyon	69	1	https://www.maisondusoin.fr
maisonduvelotoulouse.com	Maison du Vélo	services_proximite	Toulouse	31	1	https://www.maisonduvelotoulouse.com/
maisonesthete.com	Maison du Laser	beaute_bienetre	Paris	75	1	https://maisonesthete.com/
maisonlaloge.com	La Loge	beaute_bienetre	Paris	75	1	maisonlaloge.com
maisonminceur.fr	La Maison Minceur	beaute_bienetre	Paris	75	1	https://www.maisonminceur.fr
maisonpellestorveyrier.com	Maison Pellestor Veyrier	restauration	Toulouse	31	1	https://maisonpellestorveyrier.com/
maisons-alfort.cyclable.com	Cyclable	services_proximite	Paris	75	1	https://maisons-alfort.cyclable.com/
maisons-alysia.com	Maisons Alysia	artisanat_btp	Rennes	35	2	https://www.maisons-alysia.com/
maisons-bebium.com	Maisons Bebium	artisanat_btp	Lyon	69	2	https://www.maisons-bebium.com/agence/lyon-sud-2636
maisons-crisalis.net	Maisons Crisalis	artisanat_btp	Mulhouse	68	1	https://www.maisons-crisalis.net/fr/
maisons-demeurance.com	Maisons Demeurance	artisanat_btp	Rennes	35	1	https://www.maisons-demeurance.com/constructeur/rennes/
maisons-ericlor.com	Maisons Ericlor - Orléans	artisanat_btp	Orleans	45	1	https://www.maisons-ericlor.com/
maisons-mtb.fr	Maisons MTB	artisanat_btp	Rennes	35	1	https://www.maisons-mtb.fr/
maisons-peps.com	Maisons Pep's	artisanat_btp	Lorient	56	1	https://www.maisons-peps.com/
maisons-still.fr	Maisons Still	artisanat_btp	Reims	51	1	https://www.maisons-still.fr
maisons-vivalia.fr	Maisons Vivalia Lorient	artisanat_btp	Lorient	56	1	https://www.maisons-vivalia.fr/
maisonsamaran.fr	Maison Samaran	restauration	Toulouse	31	1	https://maisonsamaran.fr/points-de-vente/victor-hugo-toulouse/#la-cantine
maisonsberdin.com	Maisons Berdin	artisanat_btp	Reims	51	1	https://maisonsberdin.com/
maisonsdaujourdhui.fr	Les Maisons d'Aujourd'hui	artisanat_btp	Paris	75	1	https://www.maisonsdaujourdhui.fr/
maisonsevolution.fr	Maisons Evolution	artisanat_btp	Paris	75	1	https://www.maisonsevolution.fr/
maisonssesame.fr	Maisons Sésame	artisanat_btp	Paris	75	1	https://www.maisonssesame.fr/
maisonsvalentine.fr	Maisons Valentine	artisanat_btp	Lyon	69	1	https://www.maisonsvalentine.fr/
maisonutopique.fr	Maison utopique	beaute_bienetre	Paris	75	1	https://maisonutopique.fr/
maisonversailles44.fr	Maison Versailles	beaute_bienetre	Nantes	44	1	https://www.maisonversailles44.fr
maisy-k.fr	Maisy.K	beaute_bienetre	Paris	75	1	https://maisy-k.fr/
maitrepanda.fr	Maitre Panda	restauration	Paris	75	1	https://www.maitrepanda.fr/
majolielaverie.fr	Ma Jolie Laverie	services_proximite	Paris	75	1	https://www.majolielaverie.fr/
majorellebordeaux.fr	Majorelle	restauration	Bordeaux	33	1	https://majorellebordeaux.fr/
majorette-loos.fr	Majorette café	restauration	Lille	59	1	https://www.majorette-loos.fr
maker.pizza	Maker Jeûneurs	restauration	Paris	75	1	http://maker.pizza/
makesushi31000.fr	Make Sushi	restauration	Toulouse	31	1	https://www.makesushi31000.fr/
makilakafe.com	Makila Kafé	restauration	Bordeaux	33	1	https://www.makilakafe.com/
makisushitokyo.fr	Maki Sushi Tokyo	restauration	Paris	75	1	https://makisushitokyo.fr/
makitime.fr	Maki Time	restauration	Bordeaux	33	1	https://www.makitime.fr/
makiwao.fr	MakiWaō	restauration	Lille	59	1	https://www.makiwao.fr/
mako-nikkei.com	Mako	restauration	Bordeaux	33	1	https://www.mako-nikkei.com/
makysushi.com	Maky Sushi	restauration	Montpellier	34	1	https://makysushi.com
malabarpurple.fr	Malabar Purple	restauration	Strasbourg	67	1	https://www.malabarpurple.fr/
malessiveici.fr	malessiv'ici	services_proximite	Toulouse	31	1	https://malessiveici.fr/tournefeuille/
mamabali-spa.com	Mamabali	beaute_bienetre	Paris	75	1	https://www.mamabali-spa.com
mamacosy.fr	Mama Cosy	beaute_bienetre	Paris	75	1	https://www.mamacosy.fr/
mamagaya-pizza.fr	Mamagaya	restauration	Paris	75	1	https://www.mamagaya-pizza.fr/
mamakech.fr	Mamakech	restauration	Montpellier	34	1	https://www.mamakech.fr/
mamakitchencaffe.com	Mama Kitchen Caffè	restauration	Lille	59	1	http://mamakitchencaffe.com/
mamashelter.com	Mama Shelter	restauration	Toulouse	31	1	https://mamashelter.com/toulouse/
mamasushi.fr	Ma-Ma Sushi	restauration	Toulouse	31	1	https://www.mamasushi.fr/
mambo-miam-miam.fr	Mambo Miam Miam	restauration	Lille	59	1	https://mambo-miam-miam.fr
mame-diarra-marseille.fr	Mame Diarra	restauration	Marseille	13	1	https://mame-diarra-marseille.fr/fr
mami-wata.com	Mami-Wata	restauration	Toulouse	31	1	https://mami-wata.com/
mamiche.fr	Mamiche Traiteur	restauration	Paris	75	1	https://www.mamiche.fr/
mamielasagnes.fr	Mamie Lasagnes	restauration	Montpellier	34	2	https://www.mamielasagnes.fr
mammamia-saleya.com	Mamma Mia	restauration	Nice	6	1	https://mammamia-saleya.com/
mammaroma.com	Mamma Roma	restauration	Paris	75	1	https://www.mammaroma.com
mammaroma.fr	Mamma Roma	restauration	Nice	6	1	https://www.mammaroma.fr/fr/home
mamymontpellier.fr	Mamy	restauration	Montpellier	34	1	https://mamymontpellier.fr/
manbat-batteries.fr	Batteries Accus Technologies Toulouse Sud	automobile	Toulouse	31	1	https://www.manbat-batteries.fr/
mandos.fr	Mando's	restauration	Paris	75	1	https://mandos.fr/restaurants/
mange-moi.eatbu.com	Mange Moi	restauration	Nice	6	1	https://mange-moi.eatbu.com
manger-autrement.com	Manger Autrement	restauration	Toulouse	31	1	http://manger-autrement.com
mangezmoi-franconville.fr	Mangez-Moi	restauration	Paris	75	1	https://mangezmoi-franconville.fr/
manikua.com	Manikua	beaute_bienetre	Paris	75	1	https://manikua.com/
manjeandco.com	Manjé & co	restauration	Paris	75	1	https://www.manjeandco.com
manmodimsum.com	Man Mo Bordeaux	restauration	Bordeaux	33	1	https://www.manmodimsum.com/bordeaux/
manolyakebab.fr	Manolya Kebab	restauration	Strasbourg	67	1	https://www.manolyakebab.fr
manparts.fr	ManParts	automobile	Nancy	54	1	https://www.manparts.fr/
mantesino.fr	Mantesino	restauration	Toulouse	31	1	https://mantesino.fr
manucure-russe-paris.fr	Belgravia manucure russe	beaute_bienetre	Paris	75	1	https://www.manucure-russe-paris.fr/
manucureduparc.fr	Manucure Du Parc	beaute_bienetre	Paris	75	1	https://manucureduparc.fr
manukur.com	Belle toujours	beaute_bienetre	Paris	75	1	http://www.manukur.com
maobong.com	Maobong	beaute_bienetre	Lyon	69	1	http://www.maobong.com
maolis.com	Maolis	beaute_bienetre	Paris	75	1	https://maolis.com
maongbai.com	Maong Baï	restauration	Lille	59	1	https://www.maongbai.com/
maozusa.com	Maoz	restauration	Paris	75	1	https://maozusa.com/
mapartdesanges.com	Ma Part des Anges	restauration	Bordeaux	33	1	http://www.mapartdesanges.com
mapincealinge.com	Laundromat	services_proximite	Paris	75	1	https://www.mapincealinge.com/
mapiore.com	Mapiore	artisanat_btp	Marseille	13	1	https://mapiore.com/
mapoulette95.fr	Ma Poulette	restauration	Paris	75	1	https://www.mapoulette95.fr/
mapremierecantine.fr	Ma Première Cantine	restauration	Montpellier	34	1	https://mapremierecantine.fr/restaurants-montpellier/index.html
maps.app.goo.gl	Chori sur Seine	restauration	Paris	75	1	https://maps.app.goo.gl/hNrDE9oFQnSg4wBt6?g_st=ipc
marachouse.fr	marac house	beaute_bienetre	Paris	75	1	http://marachouse.fr
marafiki-restaurant.fr	Marafiki	restauration	Marseille	13	1	https://www.marafiki-restaurant.fr/
marccailliau.be	Marc Cailliau	services_proximite	Lille	59	1	https://www.marccailliau.be/
marcelandco-resto.com	Marcel & Co	restauration	Montpellier	34	1	https://www.marcelandco-resto.com
marcelbistrochic.com	Marcel	restauration	Nice	6	1	https://www.marcelbistrochic.com/
marcello.pizza	Marcello	restauration	Toulouse	31	1	https://www.marcello.pizza/
marcelo-coffee.com	1982 Coiffure	beaute_bienetre	Paris	75	1	https://www.marcelo-coffee.com
marcelslatelierduhamburgers.eatbu.com	Marcel's L'atelier du Hamburger	restauration	Marseille	13	1	https://marcelslatelierduhamburgers.eatbu.com/
marco-martinangeli-coiffeur.com	Marco martinangeli coiffeur	beaute_bienetre	Paris	75	1	https://www.marco-martinangeli-coiffeur.com/
marcq-en-baroeul.org	Tiers-lieu vélo	services_proximite	Lille	59	1	https://www.marcq-en-baroeul.org/mon-quotidien/toute-lactualite/mai-a-velo-le-tiers-lieu-velo
marcusetmoi.com	Marcus&Moi	restauration	Nice	6	1	http://www.marcusetmoi.com
mare-aux-canards.com	La Mare Aux Canards	restauration	Toulouse	31	1	http://www.mare-aux-canards.com/
marechiaro.fr	Marechiaro	restauration	Nice	6	1	https://marechiaro.fr/
mariajuanatacos.fr	Maria & Juana	restauration	Montpellier	34	1	https://mariajuanatacos.fr/
marie-lombardi-coiffure.fr	Haute Coiffure	beaute_bienetre	Paris	75	1	https://marie-lombardi-coiffure.fr/
mariecurry.fr	Marie Curry	restauration	Bordeaux	33	1	https://mariecurry.fr/
marionnaud.fr	Marionnaud	beaute_bienetre	Paris	75	1	https://www.marionnaud.fr/magasin/marionnaud-asnieres-bourguignon
mariposasvege.com	Mariposas	restauration	Marseille	13	1	https://mariposasvege.com
marly-pneus.eurotyre.fr	Eurotyre	automobile	Metz	57	1	https://marly-pneus.eurotyre.fr
marmarays.com	Marmaray's	restauration	Lyon	69	1	https://www.marmarays.com/
marmite-de-pierrot.com	La marmite de Pierrot	restauration	Lille	59	1	https://www.marmite-de-pierrot.com/
marmitejoyeuse.org	La Marmite Joyeuse	restauration	Marseille	13	1	https://www.marmitejoyeuse.org/
marokkostreet.com	Marokko Street	restauration	Marseille	13	1	https://marokkostreet.com/
marque-page-restaurant.com	Le Marque Page	restauration	Lille	59	1	https://www.marque-page-restaurant.com/
marrakech-restaurant.fr	Marrakech	restauration	Toulouse	31	1	https://www.marrakech-restaurant.fr/
marseille-velodrome.cyclable.com	Cyclable	services_proximite	Marseille	13	1	https://marseille-velodrome.cyclable.com/
martenat.fr	Rédélé	automobile	Rouen	76	1	https://www.martenat.fr/etablissement-redele/
marthe-cosmetique.com	Marthe	beaute_bienetre	Nantes	44	1	https://www.marthe-cosmetique.com/28-salon-beaute-marthe-nantes
martinet-nettoyage.com	Roger Martinet	services_proximite	Paris	75	1	http://www.martinet-nettoyage.com/
marwabahri.com	Marwa Bahri	beaute_bienetre	Lyon	69	1	https://marwabahri.com
marycohr.com	La Maison de l'Esthétique	beaute_bienetre	Lyon	69	1	https://www.marycohr.com/fr/salon/champagne-au-mont-d-or-12/la-maison-de-l-esthetique
marysacademy.fr	Mary's Academy	beaute_bienetre	Paris	75	1	https://www.marysacademy.fr/
mas-de-lafeuillade.com	Mas De Lafeuillade	restauration	Montpellier	34	1	https://www.mas-de-lafeuillade.com/
mas-sushi.com	Mas Sushi	restauration	Nice	6	2	https://www.mas-sushi.com/
masala-solferino.fr	Masala St.	restauration	Lille	59	1	https://masala-solferino.fr/
masaninstitut.fr	Masan Beauty Institut	beaute_bienetre	Paris	75	1	https://masaninstitut.fr/
mascareignes-cafe.fr	Mascareignes	restauration	Nice	6	1	https://mascareignes-cafe.fr/
masdesfilles.com	Le Mas des Filles	restauration	Montpellier	34	1	https://www.masdesfilles.com/
masdevence.azurline.com	La Table du Mas	restauration	Nice	6	1	https://masdevence.azurline.com/table
masproximite.fr	MAS Proximité	artisanat_btp	Toulouse	31	1	https://www.masproximite.fr/
massae-massage.fr	Massaé	beaute_bienetre	Saint-Etienne	42	1	https://www.massae-massage.fr/
massage-aubagne.com	Aïkantika	beaute_bienetre	Marseille	13	1	https://massage-aubagne.com/
massage-lyon-yalin.com	Massage Ya Lin	beaute_bienetre	Lyon	69	2	http://www.massage-lyon-yalin.com/
massage-sauna-fleurdelys.fr	Massage & Sauna Fleur de Lys	beaute_bienetre	Lyon	69	1	https://www.massage-sauna-fleurdelys.fr/
massage-thai-91.fr	Sabai Thai Spa	beaute_bienetre	Paris	75	1	https://www.massage-thai-91.fr
massage95880.com	Institut Beauté Enghien les Bains	beaute_bienetre	Paris	75	1	https://www.massage95880.com/
massagelyon.business.site	Tuina l'indochine	beaute_bienetre	Lyon	69	1	https://massagelyon.business.site/
massagelyonjuyuan.com	Ju Yuan	beaute_bienetre	Lyon	69	1	http://www.massagelyonjuyuan.com
massagenuru.fr	Massage Nuru	beaute_bienetre	Paris	75	1	https://massagenuru.fr
massagethailandaisstetienne.fr	Saengla Nuad Thaï	beaute_bienetre	Saint-Etienne	42	1	https://www.massagethailandaisstetienne.fr/
massagevisageparis.fr	Massage Visage Paris (MVP)	beaute_bienetre	Paris	75	1	https://www.massagevisageparis.fr/
massato-paris.fr	Massato Marais	beaute_bienetre	Paris	75	1	http://massato-paris.fr/
massenacafe.com	Massena	restauration	Marseille	13	1	https://massenacafe.com/
massilia-bike-system.com	Cycles Robert Beck	services_proximite	Marseille	13	1	http://massilia-bike-system.com
massy.sansushifrance.fr	San Sushi	restauration	Paris	75	1	https://www.massy.sansushifrance.fr/
massy.thebarbercompany.fr	The Barber Company	beaute_bienetre	Paris	75	1	https://www.massy.thebarbercompany.fr/
mast.fr	Mast - Braise & Vin	restauration	Toulouse	31	1	http://www.mast.fr/
master-poulet.fr	Master Poulet	restauration	Paris	75	1	https://www.master-poulet.fr/
mastertacos.com	Master Tacos	restauration	Lyon	69	1	http://www.mastertacos.com/
mate-depannages.fr	Mate dépannage	artisanat_btp	Paris	75	1	https://www.mate-depannages.fr
materiel-velo.com	Materiel-velo.com	services_proximite	Paris	75	5	https://www.materiel-velo.com/a220-magasin-materiel-velo-herblay.html
mathie.fr	Mathié	artisanat_btp	Toulouse	31	1	https://www.mathie.fr/
mathieuetaureliefrasez.fr	Aurélie Frasez- Coiffure et Esthétique	beaute_bienetre	Toulouse	31	1	https://mathieuetaureliefrasez.fr/
matsacaffe.fr	Matsa Caffè	restauration	Bordeaux	33	1	https://matsacaffe.fr/
matsuri.fr	Matsuri	restauration	Paris	75	2	https://www.matsuri.fr/
matt-burger.fr	Matt' Burger	restauration	Montpellier	34	1	https://www.matt-burger.fr/
matza.fr	Matza	restauration	Marseille	13	1	https://www.matza.fr/
maumarinsaveurs.com	Maumarin Saveurs	restauration	Montpellier	34	1	https://maumarinsaveurs.com
maurice-marseille.com	Maurice	restauration	Marseille	13	1	https://www.maurice-marseille.com/fr
mavy-coiffure.com	Mavy	beaute_bienetre	Nantes	44	1	http://mavy-coiffure.com/
maxicrousty.fr	Maxi Crousty	restauration	Paris	75	1	https://www.maxicrousty.fr
maximepraderecoiffeur.fr	Maxime Pradère	beaute_bienetre	Toulouse	31	1	https://www.maximepraderecoiffeur.fr/
mayly.fr	May Ly	restauration	Nice	6	1	https://www.mayly.fr/
mayoketchup.fr	Mayo Ketchup	restauration	Lyon	69	1	http://mayoketchup.fr
maysara-institut.fr	Maysara Institut	beaute_bienetre	Paris	75	1	https://maysara-institut.fr
mayssabeach.fr	Le Mayssa	restauration	Nice	6	1	https://www.mayssabeach.fr/
mayucca.fr	Ma Yucca	restauration	Nice	6	1	https://mayucca.fr/
mayumi-toulouse.com	Mayumi	restauration	Toulouse	31	1	https://mayumi-toulouse.com/
mazzolina.fr	Mazzolina	restauration	Toulouse	31	1	https://mazzolina.fr
mc-coiffure.ecoif.fr	MC Coiffure	beaute_bienetre	Lyon	69	1	https://mc-coiffure.ecoif.fr/
mc2auto.fr	MC2 Auto	automobile	Lyon	69	1	https://www.mc2auto.fr
mc2g-app.com	Absolue coiffure	beaute_bienetre	Paris	75	1	https://www.mc2g-app.com/Luna?action=AGL&login=absoluecoiffure
mcdonalds.de	McDonald's	restauration	Strasbourg	67	1	https://www.mcdonalds.de/restaurant/kehl-koenigsbergerstr-17
mcdonalds.fr	McDonald's	restauration	Paris	75	61	https://www.mcdonalds.fr/restaurants/mcdonalds-nanterre-prefecture/818
mcp-menuiserie.com	MCP	artisanat_btp	Le Havre	76	1	https://mcp-menuiserie.com/
md-frites.fr	MD Frites	restauration	Lille	59	1	https://md-frites.fr/
mdb-idf.org	Atelier d'autoréparation vélo	services_proximite	Paris	75	1	https://mdb-idf.org/noisy-le-grand-atelier/
mdbois.fr	MDB - Les Métiers du Bois Caen	artisanat_btp	Caen	14	1	https://www.mdbois.fr/
mdcs-groupe.com	MDCS NÎMES	automobile	Nimes	30	1	https://www.mdcs-groupe.com/
mdm-menuiseries.fr	Miroiterie du Médoc	artisanat_btp	Bordeaux	33	1	https://www.mdm-menuiseries.fr/
mdsn.fr	MDSN	artisanat_btp	Paris	75	1	https://www.mdsn.fr/
mdurand.fr	Menuiserie Durand	artisanat_btp	Lyon	69	1	https://www.mdurand.fr/
mecanicycle.fr	Mécanicycle	services_proximite	Toulouse	31	1	https://www.mecanicycle.fr/
mecapulsegarage.fr	Meca Pulse Garage	automobile	Toulouse	31	1	https://www.mecapulsegarage.fr/
medard-coiffure.fr	Médard	beaute_bienetre	Rouen	76	1	https://www.medard-coiffure.fr
medley.fr	Medley	beaute_bienetre	Paris	75	1	https://www.medley.fr
meert.fr	Méert	restauration	Lille	59	1	https://www.meert.fr/content/9-notre-restaurant-de-lille
meetthemeat.fr	Meet The Meat	restauration	Toulouse	31	1	https://www.meetthemeat.fr/
megahertzfrance.com	MegaHertz	services_proximite	Paris	75	1	https://www.megahertzfrance.com
meilleurkebabdefrance.fr	MKF Meilleur Kebab de France	restauration	Lyon	69	1	https://meilleurkebabdefrance.fr/fr
meinerkebab.com	Meiner	restauration	Paris	75	1	https://www.meinerkebab.com/
meiso.fr	Meïsō	beaute_bienetre	Paris	75	1	https://www.meiso.fr
meister-kebap.com	Meister	restauration	Paris	75	1	https://www.meister-kebap.com
meisterkebab.com	Meister	restauration	Paris	75	1	https://www.meisterkebab.com
melobowls.com	Makito	restauration	Bordeaux	33	1	https://www.melobowls.com/
meltingpotrestaurant.fr	Le Melting Pot	restauration	Lille	59	1	http://www.meltingpotrestaurant.fr
meltslowsmokedbarbecue.com	Melt Deli	restauration	Paris	75	1	https://www.meltslowsmokedbarbecue.com/deli-by-melt
memphis-restaurant.com	Memphis	restauration	Montpellier	34	1	https://www.memphis-restaurant.com/restaurant/memphis-montpellier
menageparfait.fr	Ménage Parfait Services	services_proximite	Paris	75	1	https://menageparfait.fr
mensattitude.fr	Men's Attitude	beaute_bienetre	Lyon	69	1	https://www.mensattitude.fr/
menuiserie-allain-versailles.fr	Menuiserie Allain	artisanat_btp	Paris	75	1	https://www.menuiserie-allain-versailles.fr
menuiserie-arias.com	Arias	artisanat_btp	Toulouse	31	1	https://www.menuiserie-arias.com
menuiserie-blondeau.com	Blondeau	artisanat_btp	Orleans	45	1	https://www.menuiserie-blondeau.com/
menuiserie-clenet.com	Menuiserie Clenet	artisanat_btp	Paris	75	1	https://www.menuiserie-clenet.com/fr/
menuiserie-copin.com	Menuiserie Copin	artisanat_btp	Reims	51	1	https://www.menuiserie-copin.com/
menuiserie-galien.com	Menuiserie Galien	artisanat_btp	Paris	75	1	http://www.menuiserie-galien.com/
menuiserie-generale-robic.fr	Menuiserie Générale Robic	artisanat_btp	Lorient	56	1	https://www.menuiserie-generale-robic.fr
menuiserie-hubert.fr	Hubert Menuiserie	artisanat_btp	Caen	14	1	http://www.menuiserie-hubert.fr
menuiserie-joly-nancy.fr	Menuiserie Joly Jean-Marc	artisanat_btp	Nancy	54	1	https://www.menuiserie-joly-nancy.fr/
menuiserie-judit-vaucresson.fr	Menuiserie Judit	artisanat_btp	Paris	75	1	https://www.menuiserie-judit-vaucresson.fr
menuiserie-kissenberger.com	Gilbert Kissenberger	artisanat_btp	Nancy	54	1	https://www.menuiserie-kissenberger.com/
menuiserie-occitane.com	Menuiserie Occitane SARL	artisanat_btp	Toulouse	31	1	https://www.menuiserie-occitane.com/
menuiserie-ombreetlumiere.fr	Ombre et Lumière	artisanat_btp	Rouen	76	1	https://www.menuiserie-ombreetlumiere.fr/
menuiserie-renovation-bois.fr	ID Concept Bois	artisanat_btp	Rennes	35	1	http://www.menuiserie-renovation-bois.fr/
menuiserie-sarraud.com	Menuiserie Sarraud Frères	artisanat_btp	Bordeaux	33	1	https://www.menuiserie-sarraud.com/
menuiserie-stangreciak.fr	Menuiserie Stangreciak	artisanat_btp	Orleans	45	1	https://www.menuiserie-stangreciak.fr/
menuiseriebre.fr	Didier Bré	artisanat_btp	Paris	75	1	https://www.menuiseriebre.fr
menuiseriedenis.com	Menuiserie Denis	artisanat_btp	Reims	51	1	https://menuiseriedenis.com/
menuiseriefixart.fr		artisanat_btp	Lyon	69	1	http://www.menuiseriefixart.fr
menuiserieletombe.fr	Menuiserie Willy Letombe	artisanat_btp	Rouen	76	1	http://www.menuiserieletombe.fr
menuiseries-antoine.com	Menuiseries Antoine	artisanat_btp	Marseille	13	1	http://www.menuiseries-antoine.com/fr-FR/
menuiseries-rcm.fr	Fenêtrier VEKA RCM	artisanat_btp	Paris	75	1	https://www.menuiseries-rcm.fr/
menuiseriesornay.fr	Sornay	artisanat_btp	Lyon	69	1	https://www.menuiseriesornay.fr/
menuiserievibrac.fr	Menuiserie Vibrac	artisanat_btp	Nancy	54	1	https://www.menuiserievibrac.fr/
mercier-david-nancy.fr	Mercier-David	artisanat_btp	Nancy	54	1	https://www.mercier-david-nancy.fr/
mere-grand-restaurant-toulouse.fr	Mère Grand	restauration	Toulouse	31	1	https://www.mere-grand-restaurant-toulouse.fr/
merignac.com	Restaurant Seniors du Jard	restauration	Bordeaux	33	1	https://www.merignac.com/equipement/foyer-restaurant-senior-du-jard
merlin-pieces-auto.fr	Merlin Pièces Auto	automobile	Rennes	35	1	http://www.merlin-pieces-auto.fr/
mersinparis.fr	Mersin	restauration	Paris	75	1	https://mersinparis.fr/
mesa-lille.com	Mesa	restauration	Lille	59	1	https://www.mesa-lille.com
mesrouesdevelo.com	Mes Roues de Vélo	services_proximite	Grenoble	38	1	https://mesrouesdevelo.com
meta-e-meta-restaurant-nice.eatbu.com	Metà e metà	restauration	Nice	6	1	https://meta-e-meta-restaurant-nice.eatbu.com/
metairiedeterrefort.fr	Métairie de Terrefort restaurant et chambres d’hôtes	restauration	Bordeaux	33	1	https://metairiedeterrefort.fr/
metakin.fr	MétaKin	services_proximite	Grenoble	38	1	https://www.metakin.fr/
metalleriepayot.com	Métallerie Ferronerie Payot SARL	artisanat_btp	Nancy	54	1	https://www.metalleriepayot.com/
metallerietissoux.fr	SARL Métallerie Tissoux	artisanat_btp	Nancy	54	1	http://www.metallerietissoux.fr/
metamorphose-feeling.com	Métamorphose	beaute_bienetre	Paris	75	1	http://www.metamorphose-feeling.com/
meteoreat.com	METEOReat	restauration	Strasbourg	67	1	https://www.meteoreat.com/
mets-pizzeria.fr	M&S Pizzeria	restauration	Toulouse	31	1	http://mets-pizzeria.fr/
metsens-bordeaux.fr	MetSens	restauration	Bordeaux	33	1	https://metsens-bordeaux.fr/fr
metsmots.fr	Mets Mots	restauration	Bordeaux	33	1	https://www.metsmots.fr/
metzger-soudure.fr	Metzger SA	artisanat_btp	Mulhouse	68	1	https://www.metzger-soudure.fr/
metzgerlorraine.fr	Metzger Essey-lès-Nancy	artisanat_btp	Nancy	54	1	https://www.metzgerlorraine.fr/
meuh-restaurant.fr	Meuh ! Restaurant	restauration	Bordeaux	33	2	https://www.meuh-restaurant.fr/villenave
meunierbordeaux.fr	Meunier	restauration	Bordeaux	33	1	https://meunierbordeaux.fr
mezap.pizza	Mezap Pizza	restauration	Lyon	69	1	https://mezap.pizza/
mezzarosa.com	Mezza Rosa	restauration	Nice	6	1	https://mezzarosa.com/
mezze-and-co.com	Mezze & Co	restauration	Lille	59	1	https://www.mezze-and-co.com/
mezzencore.fr	Mezzencore	restauration	Paris	75	1	https://www.mezzencore.fr/
mezzodipasta.fr	Mezzo di Pasta	restauration	Paris	75	2	https://www.mezzodipasta.fr/
mgr-lyon.com	Marbrerie Générale du Rhône	artisanat_btp	Lyon	69	1	https://www.mgr-lyon.com/
mh-concept.co	MH Coiffure	beaute_bienetre	Lyon	69	1	https://mh-concept.co/
mia-pizza-saint-leu-la-foret.eatbu.com	Mia Pizza	restauration	Paris	75	1	https://mia-pizza-saint-leu-la-foret.eatbu.com/
miam-miam-toulouse.eatbu.com	Miam Mian	restauration	Toulouse	31	1	https://miam-miam-toulouse.eatbu.com
miamifood.fr	Miami Food	restauration	Toulouse	31	1	http://www.miamifood.fr/
miange-midemon.fr	Mi-Ange Mi-Démon	beaute_bienetre	Nantes	44	1	https://www.miange-midemon.fr/
mianonna.order.dish.co	Mia Nonna	restauration	Marseille	13	1	https://mianonna.order.dish.co/menus
miaomiaodelices.com	Miao Miao	restauration	Bordeaux	33	1	https://www.miaomiaodelices.com/
micgirl.fr	MC Girl	services_proximite	Paris	75	1	https://micgirl.fr/password
michel-sarran.com	Michel Sarran	restauration	Toulouse	31	1	http://www.michel-sarran.com
micheldervyn.eu	Michel Dervyn	beaute_bienetre	Lyon	69	1	https://www.micheldervyn.eu/
micheldervyn.fr	Michel Dervyn	beaute_bienetre	Paris	75	1	https://www.micheldervyn.fr/
micheldevelo.com	Michel de Velo	services_proximite	Paris	75	1	https://www.micheldevelo.com/
michelrestaurant.fr	Michel	restauration	Lille	59	1	https://www.michelrestaurant.fr/
mickaelgreg-coiffure.com	Salon Mixte Barneoud	beaute_bienetre	Marseille	13	1	https://mickaelgreg-coiffure.com/
micro-hs.com	RCS Informatique	services_proximite	Marseille	13	1	https://www.micro-hs.com/
microbrasseriebeglaise.com	La Béglaise	restauration	Bordeaux	33	1	https://www.microbrasseriebeglaise.com/
micrococktails.com	MicroCocktails.com	services_proximite	Paris	75	1	https://www.micrococktails.com
midas.fr	Midas Lyon Garibaldi	automobile	Lyon	69	23	https://www.midas.fr/stores/auvergne-rhone-alpes/rhone/lyon/lyon-garibaldi_1111
mieline.com	Mieline	restauration	Lille	59	1	https://www.mieline.com/
mikado-montpellier.fr	Mikado	restauration	Montpellier	34	1	https://mikado-montpellier.fr/
mikasushi.fr	Mika sushi	restauration	Lyon	69	1	https://mikasushi.fr
milano-pizza.fr	Pizza Milano	restauration	Paris	75	1	https://www.milano-pizza.fr
milanopizza77.com	Milano Pizza	restauration	Paris	75	1	https://www.milanopizza77.com/
milizac-guipronvel.bzh	Eco trait'toit	artisanat_btp	Brest	29	1	https://milizac-guipronvel.bzh/annuaires/ecotraittoit/
millepatte.com	Millepatte	services_proximite	Paris	75	1	https://millepatte.com/agences/paris/
millesime-restaurant.fr	Millésime	restauration	Lille	59	1	https://www.millesime-restaurant.fr/
milospizza.fr	Milo's pizza	restauration	Nice	6	1	https://milospizza.fr
mima-institut.com	Mima Institut	beaute_bienetre	Paris	75	1	https://www.mima-institut.com/
mimoza-preci-coiffure.business.site	Mimoza preci coiffure	beaute_bienetre	Paris	75	1	https://mimoza-preci-coiffure.business.site/
minato.house	Minato	restauration	Paris	75	1	http://minato.house
mini-cucina.com	Mini Cucina	restauration	Lyon	69	1	https://www.mini-cucina.com/
minibcycles.com	MiniB Cycles	services_proximite	Paris	75	1	https://minibcycles.com/
miniroseparis.fr	Mini Rose Nails	beaute_bienetre	Paris	75	1	https://www.miniroseparis.fr
minitalie.fr	pizzeria - La Minitalie	restauration	Lille	59	1	https://www.minitalie.fr
minjat.com	Minjat!	restauration	Toulouse	31	1	https://www.minjat.com
mipi.pizza	Atelier Du Veau	restauration	Paris	75	1	http://www.mipi.pizza
miriaform.com	Hammam Spa Miriaform	beaute_bienetre	Paris	75	1	https://www.miriaform.com
miroiterie-bougard-78.com	Miroiterie Bougard	artisanat_btp	Paris	75	1	https://miroiterie-bougard-78.com/
miroiterie-liot.fr	Miroiterie Liot	artisanat_btp	Le Havre	76	1	https://miroiterie-liot.fr/
miroiterieduvaldemarne.fr	Komilfo	artisanat_btp	Paris	75	1	https://www.miroiterieduvaldemarne.fr/
miss-fish.fr	Miss Fish	restauration	Toulouse	31	1	https://www.miss-fish.fr/
missbeaute.net	Miss Beauté	beaute_bienetre	Toulouse	31	1	https://www.missbeaute.net/
missenard-climatique.fr	Missenard	artisanat_btp	Reims	51	1	https://www.missenard-climatique.fr/agence-reims-witry/
mistacos.fr	Mis Tacos	restauration	Lyon	69	1	https://www.mistacos.fr/
mister-garden.com	Mister Garden	restauration	Paris	75	1	https://mister-garden.com/mister-garden-casanova.html
mister-haircut-factory.com	Mister Haircut Factory	beaute_bienetre	Toulouse	31	1	https://www.mister-haircut-factory.com/
mister-kebab13.fr	Mister Kebab	restauration	Marseille	13	1	https://www.mister-kebab13.fr/
mister-maki.fr	Mister Maki	restauration	Paris	75	1	https://www.mister-maki.fr/
mister-pizza.com	Mister Pizza	restauration	Nice	6	1	https://www.mister-pizza.com/
misterburgerpizzaslezennes.my.canva.site	Mister Burger & Pizza	restauration	Lille	59	1	https://misterburgerpizzaslezennes.my.canva.site/
misterchicken.fr	Mister Chicken	restauration	Lille	59	1	https://misterchicken.fr/
misterhaircut.com	Mister Haircut	beaute_bienetre	Toulouse	31	1	https://misterhaircut.com
mistermenuiserie.com	Mister Menuiserie	artisanat_btp	Paris	75	1	https://www.mistermenuiserie.com/shop/mistermenuiserie-les-ulis.html
misterminit.eu	Mister Minit	services_proximite	Paris	75	5	https://misterminit.eu/fr_fr/boutiques/mister-minit-champs-sur-marne-carrefour
misterpancakes.fr	Mr Pancakes	restauration	Paris	75	1	https://misterpancakes.fr/
mistertoit.com	Mister Toît	artisanat_btp	Caen	14	1	https://mistertoit.com/
mistral-food95.fr	Mistral food	restauration	Paris	75	1	https://www.mistral-food95.fr/
mitchs.fr	Mitch's sandwichs	restauration	Bordeaux	33	1	https://www.mitchs.fr
mitico-stradafood.fr	Mitico	restauration	Strasbourg	67	1	http://mitico-stradafood.fr/
mix-restaurant.com	Mix'	restauration	Lyon	69	1	https://www.mix-restaurant.com/
mixbeauty.com	Mix Beauty	beaute_bienetre	Paris	75	1	https://mixbeauty.com/
mixite-coiffure.fr	Mixité coiffure	beaute_bienetre	Paris	75	1	https://www.mixite-coiffure.fr/
miyama.byclickeat.fr	Miyama	restauration	Toulouse	31	1	https://miyama.byclickeat.fr/
miyanailsinstitutparis.fr	Miya Nails Institut	beaute_bienetre	Paris	75	1	https://miyanailsinstitutparis.fr
mizuki-toulouse.fr	Mizuki Ramen	restauration	Toulouse	31	1	https://mizuki-toulouse.fr/
mjc-fontanil.fr	Repair Café du Fontanil	services_proximite	Grenoble	38	1	https://www.mjc-fontanil.fr/page/570333-repair-cafe
mjfbatiment.com	MJF Bâtiment	artisanat_btp	Paris	75	1	https://www.mjfbatiment.com/
mjperformance.fr	MJ Performances	automobile	Brest	29	1	https://mjperformance.fr/
mjplomberie35.com	MJ	artisanat_btp	Rennes	35	1	https://mjplomberie35.com/
mkcoiffure.fr	MK Coiffure	beaute_bienetre	Paris	75	1	https://www.mkcoiffure.fr
mll3moustache.com	Mademoiselle Moustache	beaute_bienetre	Paris	75	1	http://www.mll3moustache.com/
mmepompette.com	Mme Pompette	restauration	Toulouse	31	1	https://www.mmepompette.com/
mobile-recycle.fr	Mobile Recycle	services_proximite	Lyon	69	1	https://mobile-recycle.fr
mobiliernr.com	Mobilier NR	artisanat_btp	Rennes	35	1	https://www.mobiliernr.com/mobilier-nr/
mobilite-mystation.fr	My Station	services_proximite	Paris	75	1	https://www.mobilite-mystation.fr/
modshair-sevres.fr	Mod's Hair	beaute_bienetre	Paris	75	1	https://www.modshair-sevres.fr/
modshair.com	Mod's Hair	beaute_bienetre	Paris	75	1	https://www.modshair.com
moelleuses-et-persillees.fr	Moelleuses et Persillées	restauration	Bordeaux	33	1	https://www.moelleuses-et-persillees.fr/
mojifusionfood.com	Moji	restauration	Toulouse	31	1	https://mojifusionfood.com/
molette-restaurant.fr	Molette	restauration	Toulouse	31	1	https://www.molette-restaurant.fr/
moli.eatbu.com	Moli	restauration	Toulouse	31	1	https://moli.eatbu.com/
molinobordeaux.fr	Molino	restauration	Bordeaux	33	1	https://molinobordeaux.fr/
mollyjeffersonpizza.fr	Molly Jefferson's Pizza	restauration	Paris	75	1	https://www.mollyjeffersonpizza.fr/
moltomonpere.fr	Molto Pizze	restauration	Lille	59	1	https://www.moltomonpere.fr/molto/
moment-couleur.fr	Moment Couleur	beaute_bienetre	Paris	75	1	https://www.moment-couleur.fr/
momentchezsoi.fr	Moment Chez Soi	beaute_bienetre	Paris	75	1	https://www.momentchezsoi.fr/
momentdevasion78.com	Moment d'Évasion	beaute_bienetre	Paris	75	1	https://www.momentdevasion78.com/
momentumelectric.com	Momentum Electric	services_proximite	Paris	75	1	https://momentumelectric.com/
momo-house-montmartre.fr	Momo House	restauration	Paris	75	1	https://momo-house-montmartre.fr/
momo-house.fr	Momo House	restauration	Paris	75	1	https://momo-house.fr/fr
mon-cuisinier.fr	Mon cuisinier	restauration	Montpellier	34	1	https://www.mon-cuisinier.fr/
monaparis.fr	Mona	beaute_bienetre	Paris	75	1	https://www.monaparis.fr/
monapizza.fr	Mona Pizza	restauration	Toulouse	31	1	https://www.monapizza.fr/
monbeauveloparis11.fr	Mon beau vélo	services_proximite	Paris	75	1	https://monbeauveloparis11.fr/
monboum.fr	Boum Burger	restauration	Toulouse	31	1	http://monboum.fr/boum-burger-2/
moncoiffeur-exclusif.com	Mon coiffeur ma famille Exclusif	beaute_bienetre	Nantes	44	1	https://www.moncoiffeur-exclusif.com/salons-coiffure/thouare-sur-loire
moncoiffeur.fr	Iléa Coiffure	beaute_bienetre	Paris	75	6	https://www.moncoiffeur.fr/coiffeur/ilea-coiffure-herblay
moncoiffeurexclusif75011.com	HE	beaute_bienetre	Paris	75	1	https://www.moncoiffeurexclusif75011.com/
moncourtiermaison.fr	Mon Courtier Maison	artisanat_btp	Orleans	45	1	https://www.moncourtiermaison.fr/
moncoyote.com	Coyote	automobile	Lyon	69	1	https://www.moncoyote.com/fr/store/lyon.html
monde-habitat.fr	Le Monde de l'Habitat	artisanat_btp	Paris	75	1	https://www.monde-habitat.fr
mondialparebrise.fr	Mondial Pare-Brise	automobile	Lyon	69	9	https://www.mondialparebrise.fr/trouver-mon-centre/mondial-pare-brise-civrieux-d-azergues
mondovelo.fr	Mondovélo	services_proximite	Lyon	69	1	https://www.mondovelo.fr/magasins/140-mondovelo-lozanne
monentretien.fr	Mon Entretien	artisanat_btp	Nancy	54	1	https://monentretien.fr/
monkey-mood.fr	Monkey Mood	restauration	Bordeaux	33	1	https://monkey-mood.fr
monmaki.fr	Mon Maki	restauration	Nice	6	1	https://monmaki.fr/
monoprix.fr	Monoprix	restauration	Paris	75	1	https://www.monoprix.fr/monoprix-passy-plaza-paris-75016-s
monpetitcali.com	Sushi Food Truck Plan de Campagne	restauration	Marseille	13	1	https://www.monpetitcali.com/
monpetitpoulet.com	Mon Petit Poulet	restauration	Paris	75	1	https://www.monpetitpoulet.com
monpetitthai.com	Mon Petit Thaï	restauration	Lille	59	1	http://www.monpetitthai.com/
monreparateur.bzh	Mon Réparateur	services_proximite	Rennes	35	1	https://www.monreparateur.bzh/
monsalonbymelanie.com	Mon salon, by Mélanie	beaute_bienetre	Rouen	76	1	https://monsalonbymelanie.com/
monsieur-embrayage-35.com	Monsieur Embrayage	automobile	Rennes	35	1	https://www.monsieur-embrayage-35.com
monsieurchaussure.com	Monsieur Chaussure	services_proximite	Paris	75	1	https://www.monsieurchaussure.com
monsieurcycles.fr	Monsieur Cycles	services_proximite	Paris	75	1	https://monsieurcycles.fr/
monsieurgeorges.fr	M. Georges	restauration	Toulouse	31	1	https://www.monsieurgeorges.fr/
monsieurkebab.com	Monsieur Kebab	restauration	Paris	75	1	http://monsieurkebab.com
monsieurlekebabier.com	Monsieur le Kébabier	restauration	Bordeaux	33	1	https://monsieurlekebabier.com
monsieuroscar-beffroi.com	Le Beffroi	restauration	Lille	59	1	http://monsieuroscar-beffroi.com/
monsieurpapilles.fr	Monsieur Papilles	restauration	Bordeaux	33	1	https://monsieurpapilles.fr/
monsieurpignonmadameguidon.com	Monsieur Pignon Madame Guidon	services_proximite	Toulouse	31	1	https://www.monsieurpignonmadameguidon.com/
monspad.fr	Monspad	services_proximite	Paris	75	1	https://monspad.fr/
montcycle.fr	Montcycle	services_proximite	Lyon	69	1	https://www.montcycle.fr/
montebat.com	Montebat	artisanat_btp	Paris	75	1	https://montebat.com/
montecarlosbm.com	Le Louis XV - Alain Ducasse à l'Hôtel de Paris	restauration	Nice	6	8	https://www.montecarlosbm.com/en/restaurant-monaco/le-louis-xv-alain-ducasse-hotel-de-paris
montini-pizza.com	Montini Pizza	restauration	Toulouse	31	1	https://www.montini-pizza.com/fr/la-carte
montpellier-centre.cyclable.com	Cyclable - On Avance	services_proximite	Montpellier	34	1	https://montpellier-centre.cyclable.com/
montpellier-lattes.mondovelo.fr	Mondovélo	services_proximite	Montpellier	34	1	https://montpellier-lattes.mondovelo.fr
montpellier-ouest-saint-jean-de-vedas.campanile.com	Campanile	restauration	Montpellier	34	1	https://montpellier-ouest-saint-jean-de-vedas.campanile.com/fr-fr/hotel-restaurants
montpellier-sud.cyclable.com	Cyclable	services_proximite	Montpellier	34	1	https://montpellier-sud.cyclable.com/
montpellier.over-watt.fr	Overwatt	services_proximite	Montpellier	34	1	https://montpellier.over-watt.fr
montpellier.pirates-paradise.fr	Pirates Paradise	restauration	Montpellier	34	1	https://montpellier.pirates-paradise.fr/
monveloenseine.fr	Mon vélo en Seine	services_proximite	Paris	75	1	https://monveloenseine.fr/
monviet31500.fr	Món Việt	restauration	Toulouse	31	1	https://www.monviet31500.fr/
monzu.fr	Monzù	restauration	Bordeaux	33	3	https://www.monzu.fr/chartrons
moon-nantes.fr	Moon	beaute_bienetre	Nantes	44	1	https://www.moon-nantes.fr
moonburger.fr	Moon burger	restauration	Marseille	13	1	https://www.moonburger.fr
moraju.fr	Morajú	restauration	Bordeaux	33	1	https://moraju.fr/
mordus-resto.fr	Restaurant Mordus	restauration	Toulouse	31	1	https://www.mordus-resto.fr/
morgane-coiffure.com	Morgane coiffure	beaute_bienetre	Toulouse	31	1	https://morgane-coiffure.com
morisse-nayrat.com	Morisse Nayrat	automobile	Rouen	76	1	https://www.morisse-nayrat.com/
morrysbagel.wixsite.com	Morry's Bagels	restauration	Paris	75	1	https://morrysbagel.wixsite.com/website
mortier-construction.fr	Mortier Construction	artisanat_btp	Rennes	35	1	https://www.mortier-construction.fr/
moshi-moshi.mc	Moshi Moshi	restauration	Nice	6	1	https://www.moshi-moshi.mc/
mosto.fr	Mosto Buffet	restauration	Bordeaux	33	1	http://mosto.fr
motherindia.fr	Mother India	restauration	Nice	6	1	https://motherindia.fr
moto-passion.fr	L'atelier 2 Jules	automobile	Rouen	76	1	https://www.moto-passion.fr/
moto-star-biarritz.com	Moto Star	automobile	Bayonne	64	1	http://www.moto-star-biarritz.com
motortech.fr	Motortech	automobile	Toulon	83	1	https://motortech.fr/
motrio.fr	Garage Baumann	automobile	Strasbourg	67	6	https://www.motrio.fr/
mousse.paris	Mousse	beaute_bienetre	Paris	75	1	https://www.mousse.paris/
moutier-services-electricite-plomberie.fr	Moutier Services	artisanat_btp	Paris	75	1	https://www.moutier-services-electricite-plomberie.fr/
moya31830.fr	Moya	restauration	Toulouse	31	1	https://moya31830.fr
mozaik95.eatbu.com	Mozaïk	restauration	Paris	75	1	https://mozaik95.eatbu.com/?lang=fr
mozza.mc	Mozza	restauration	Nice	6	1	https://www.mozza.mc/
mozzafiato-pizzerias.eatbu.com	Mozza Fiato	restauration	Toulouse	31	1	https://mozzafiato-pizzerias.eatbu.com/?lang=fr
mr-albert.com	Monsieur Albert	restauration	Nice	6	2	https://mr-albert.com/nice-place-massena/
mr-kebab.fr	Mr Kebab	restauration	Lille	59	1	https://mr-kebab.fr/
mrlhotdog.com	Mr.L	restauration	Toulouse	31	1	https://mrlhotdog.com/
mrmathieu-nice.com	Le Sandwich à l'état pur	restauration	Nice	6	1	https://mrmathieu-nice.com/
mrwings.wherebly.com	Mr Wings	restauration	Paris	75	1	https://mrwings.wherebly.com/
ms-club.fr	MS Club	restauration	Marseille	13	1	https://www.ms-club.fr/
ms-plafond.fr	MS Plafond	artisanat_btp	Nancy	54	1	https://ms-plafond.fr
msb-restaurant.fr	MSB	restauration	Lyon	69	1	https://www.msb-restaurant.fr/restaurants-msb
mtvelo.com	MT Vélo	services_proximite	Paris	75	1	https://mtvelo.com/
muchacha.fr	¡Muchacha!	restauration	Lyon	69	1	https://www.muchacha.fr
muette.franchise-biguine.com	Biguine	beaute_bienetre	Paris	75	1	https://muette.franchise-biguine.com
multirestauration.com	Multi Restauration Méditerranée	restauration	Marseille	13	1	https://www.multirestauration.com/
multiservicesdaniel.site-solocal.com	Multiservices	services_proximite	Toulouse	31	1	https://multiservicesdaniel.site-solocal.com/
multitude-lyon.fr	Multitude	artisanat_btp	Lyon	69	1	https://www.multitude-lyon.fr
mumtaz-mahal-lille.fr	Mumtaz Mahal	restauration	Lille	59	1	https://mumtaz-mahal-lille.fr
mundoya.fr	Mundoya	beaute_bienetre	Paris	75	1	https://www.mundoya.fr/
munichkebab.shop	Munich Kebab	restauration	Paris	75	1	https://munichkebab.shop/
muret-lavage.com	Kärcher	automobile	Toulouse	31	1	https://www.muret-lavage.com/
museaumusette.fr	Museau Musette	restauration	Toulouse	31	1	https://www.museaumusette.fr/
must-tacos.com	Must Tacos	restauration	Toulouse	31	1	https://www.must-tacos.com
mutelec.fr	Mutelec	artisanat_btp	Paris	75	1	https://mutelec.fr
mvelo.fr	M'Vélo	services_proximite	Montpellier	34	1	https://www.mvelo.fr/
my-big-bang.fr	My Big Bang	beaute_bienetre	Nantes	44	1	https://www.my-big-bang.fr/studios/basse-goulaine/
my-velo.fr		services_proximite	Paris	75	3	https://my-velo.fr/
myaisai.com	C'Bio Color	beaute_bienetre	Paris	75	1	https://www.myaisai.com/
myfluffypancakes.com	My Fluffy	restauration	Bordeaux	33	1	https://myfluffypancakes.com/
mygaufre.com	My Gaufre & My Poké	restauration	Nice	6	1	https://mygaufre.com
mylcoiffure.com	Myl coiffure	beaute_bienetre	Lyon	69	2	http://www.mylcoiffure.com/
mylittlecocoon-paris.com	Imea Beauty	beaute_bienetre	Paris	75	1	https://www.mylittlecocoon-paris.com
mylittlewarung.com	My Little Warung	restauration	Marseille	13	1	https://www.mylittlewarung.com/restaurant/marseille-dromel/
mylittlewok.com	My Little Wok	restauration	Toulouse	31	1	https://www.mylittlewok.com
mymanucure.com	My Manucure	beaute_bienetre	Paris	75	1	https://www.mymanucure.com/
mymenuweb.com	Toto - Pizzeria	restauration	Montpellier	34	1	https://mymenuweb.com/fr/restaurants/69945/
mynailbar.fr	Léa nails	beaute_bienetre	Paris	75	1	https://www.mynailbar.fr/91/draveil/lea-nails-draveil-h-h-nails-61327
mypizzafamily.fr	Family Pizza	restauration	Paris	75	1	http://www.mypizzafamily.fr
myriamcoiffure-maisonsalfort.fr	Myriam Coiffure	beaute_bienetre	Paris	75	1	https://www.myriamcoiffure-maisonsalfort.fr/
mysumo.fr	Sumo Suhi Bar	restauration	Marseille	13	1	https://mysumo.fr/
mysunlab.org	SunLab	services_proximite	Paris	75	1	https://mysunlab.org/
mysushi.com	My Sushi	restauration	Nice	6	1	https://www.mysushi.com/
n88dles.fr	N88dles	restauration	Toulouse	31	1	https://n88dles.fr/
naam.love	Naam	restauration	Lille	59	1	https://www.naam.love/
naanerie.fr	NBK Naanerie	restauration	Lyon	69	1	https://naanerie.fr/index.php/nbkfrance-fr-nospointsdeventes/
naanstreetlille.fr	Nann Street	restauration	Lille	59	1	https://www.naanstreetlille.fr/
naanwichriz.com	Naanwich'riz	restauration	Lyon	69	1	https://naanwichriz.com
nachfrance.com	Nach!	restauration	Paris	75	1	https://www.nachfrance.com/
nachos.fr	Nachos	restauration	Paris	75	1	https://nachos.fr/paris-forum-halles/
nacreenantes.fr	Nacrée	beaute_bienetre	Nantes	44	1	https://nacreenantes.fr/
naga-streetfood.com	NÂGA Street-food	restauration	Nice	6	1	https://naga-streetfood.com/
nagomiramen.eatbu.com	Nagomi Ramen	restauration	Paris	75	1	https://nagomiramen.eatbu.com/
nagoyaroll.com	Nagoya Roll	restauration	Lille	59	1	https://nagoyaroll.com/
nagsarraf.wixsite.com	Flandres Liban	restauration	Lille	59	1	https://nagsarraf.wixsite.com/flandres-liban
nailsodeon.fr	Nails Odéon	beaute_bienetre	Paris	75	1	https://www.nailsodeon.fr
nailspa.fr	Bac-Ha Nail Spa	beaute_bienetre	Paris	75	1	https://www.nailspa.fr/
nailvyvy.fr	Nail Vyvy	beaute_bienetre	Paris	75	1	https://nailvyvy.fr/
nailxperience.com	Nail Xperience	beaute_bienetre	Paris	75	1	https://www.nailxperience.com/
nainai.fr	Naï Naï	restauration	Bordeaux	33	1	https://www.nainai.fr
nakatsu.fr	Nakatsu	restauration	Paris	75	1	https://nakatsu.fr/
nakedfood.fr	Naked	restauration	Paris	75	1	https://www.nakedfood.fr/
namani.fr	NAMANI	beaute_bienetre	Paris	75	1	https://www.namani.fr/
namastebeaute.fr	Namaste Beauté	beaute_bienetre	Paris	75	1	https://namastebeaute.fr/
namawinerestaurant.com	Nama	restauration	Bordeaux	33	1	https://www.namawinerestaurant.com/
nancy.eliteparebrise.fr	Élite Pare-Brise	automobile	Nancy	54	1	https://nancy.eliteparebrise.fr/
nancy.soprema-entreprises.fr	Soprema	artisanat_btp	Nancy	54	1	https://nancy.soprema-entreprises.fr/
nancytoiture.com	Nancy Toiture	artisanat_btp	Nancy	54	1	https://www.nancytoiture.com/
nantes-erdre-automobile.com	Nantes Erdre Automobile	automobile	Nantes	44	1	https://www.nantes-erdre-automobile.com
naoko.fr	Naoko	beaute_bienetre	Paris	75	1	https://naoko.fr/
naomienails.com	Noamie Nails	beaute_bienetre	Paris	75	1	https://naomienails.com
naosbeach.com	Naos Beach	restauration	Nice	6	1	https://www.naosbeach.com/
napizza-traditionnelle.com	Nap'izza	restauration	Lyon	69	1	https://www.napizza-traditionnelle.com/
napoli-ristorante.com	Le Napoli	restauration	Paris	75	1	https://www.napoli-ristorante.com/
napoligang.fr	Napoli Gang	restauration	Paris	75	1	https://napoligang.fr/
naraithai.fr	Naraï Thaï	restauration	Toulouse	31	1	https://www.naraithai.fr/
nashiargan.com	Nashi Store	beaute_bienetre	Paris	75	1	https://nashiargan.com
nashvillehotchicken.fr	Nashville Hot Chicken	restauration	Lille	59	1	https://www.nashvillehotchicken.fr/
natbel.fr	Natbel Institut	beaute_bienetre	Saint-Etienne	42	1	https://natbel.fr/
natiliahairdesigner.fr	Natilia hair designer	beaute_bienetre	Paris	75	1	https://www.natiliahairdesigner.fr/
nationalexpress.fr	Nationale Express	services_proximite	Lille	59	1	https://www.nationalexpress.fr/
natur-zen.fr	Natur & Zen	beaute_bienetre	Paris	75	1	https://www.natur-zen.fr
natural-spa-institut.fr	Natural Spa Institut	beaute_bienetre	Paris	75	1	https://natural-spa-institut.fr
naturavelo.com	Naturavélo Grenoble	services_proximite	Grenoble	38	1	http://naturavelo.com/
nature-creation56.com	Nature Création	artisanat_btp	Lorient	56	1	https://www.nature-creation56.com/
naturons.fr	Naturons!	restauration	Toulouse	31	1	https://www.naturons.fr/
nb-esthetique.com	NB Esthétique	beaute_bienetre	Paris	75	1	https://www.nb-esthetique.com
nba.fr	Distinxion	automobile	Rennes	35	1	https://www.nba.fr/
nemesis-kebab.fr	NEMESIS Artisan Kebabier	restauration	Paris	75	1	https://www.nemesis-kebab.fr/
nemstar75.fr	Nem Star	restauration	Paris	75	1	https://nemstar75.fr
nennellamia-pizza.com	Nenella Mia	restauration	Bordeaux	33	1	https://nennellamia-pizza.com/
neoparts.autodistribution.fr	Autodistribution Neoparts	automobile	Montpellier	34	1	https://neoparts.autodistribution.fr
neorelax.fr	Néo Relax	beaute_bienetre	Paris	75	1	https://www.neorelax.fr
neothermie.com	NeoThermie	artisanat_btp	Paris	75	1	https://neothermie.com/contact/#agences-neothermie-plombier-chauffagiste
neovelec.fr	Neovelec	services_proximite	Paris	75	1	http://www.neovelec.fr/
nespo-restaurant.com	Nespo	restauration	Nice	6	1	https://www.nespo-restaurant.com/
netauto.fr	Netauto Services	automobile	Rennes	35	1	https://www.netauto.fr/
netese-nettoyage.fr	Netese	services_proximite	Nice	6	1	https://www.netese-nettoyage.fr/
nettoyage-78.com	R. J. Nettoyage	services_proximite	Paris	75	1	https://nettoyage-78.com
neuilly-coiffure.fr	Neuilly Coiffure	beaute_bienetre	Nantes	44	1	https://www.neuilly-coiffure.fr/
neuillysurmarne.fr	Accueil Mini-Golf	restauration	Paris	75	1	https://www.neuillysurmarne.fr/equipement-sportif/mini-golf/
neuville-sur-saone.sushi-k.fr	Sushi K	restauration	Lyon	69	1	https://neuville-sur-saone.sushi-k.fr/
newbharati.com	New Bharati	restauration	Nice	6	1	https://newbharati.com/
newdelhi-palace.com	New Delhi Palace	restauration	Toulouse	31	1	http://newdelhi-palace.com/
newdelhi-toulouse.com	New Dehli	restauration	Toulouse	31	1	https://newdelhi-toulouse.com/
newindia.metro.bar	New India	restauration	Montpellier	34	1	https://newindia.metro.bar/
newindien.com	New Indien	restauration	Nice	6	1	https://newindien.com/
newlinecoiffure.fr	New Line	beaute_bienetre	Lyon	69	1	http://www.newlinecoiffure.fr/
newlookhair.fr	New Look Hair	beaute_bienetre	Paris	75	1	https://www.newlookhair.fr/
newmacchic.com	New Mac Chic	restauration	Paris	75	1	https://www.newmacchic.com/
newschooltacos.fr	New School Tacos X Big Smash	restauration	Lyon	69	3	https://www.newschooltacos.fr
newsoulfood.fr	New Soul Food le Maquis	restauration	Paris	75	1	https://newsoulfood.fr
newtimes-pizza.fr	pizza time's	restauration	Paris	75	1	https://www.newtimes-pizza.fr/
nexeau.fr	Nexeau Recherche de Fuites Île-De-France	artisanat_btp	Paris	75	2	https://nexeau.fr/experts
nia-nails-paris.com	Nia Nails	beaute_bienetre	Paris	75	1	https://nia-nails-paris.com
nice-aeroport.campanile.com	Campanile Nice Aéroport	restauration	Nice	6	1	https://nice-aeroport.campanile.com
nice.aeroport.fr	Pan Garni	restauration	Nice	6	2	https://www.nice.aeroport.fr/en/services/restaurants-bars/pan-garni
nice.cyclable.com	Mode Cyclable	services_proximite	Nice	6	1	https://nice.cyclable.com/
nicetnl.fr	McDonald's	restauration	Nice	6	2	https://www.nicetnl.fr/project/mcdonalds/
nickelfood.fr	Nickel Food	restauration	Lille	59	1	https://nickelfood.fr/
nicoand.co	NICO&Co	beaute_bienetre	Paris	75	1	http://www.nicoand.co/
nicolas-pourcheresse.fr	Chez Mon Cousin	restauration	Lille	59	1	https://nicolas-pourcheresse.fr/fr/chez-mon-cousin.html
nicolas-toiture.fr	Nicolas Toiture	artisanat_btp	Nancy	54	1	https://www.nicolas-toiture.fr/
nicolaswaldorf.com	Nicolas Waldorf	beaute_bienetre	Paris	75	1	http://nicolaswaldorf.com/
nicollepeinture14.com	Nicolas & Fils	artisanat_btp	Caen	14	1	https://www.nicollepeinture14.com/
nigiri-thai-lille.eatbu.com	Nigiri Thai	restauration	Lille	59	1	https://nigiri-thai-lille.eatbu.com
nikkibeach.com	Nikki Beach Monte Carlo	restauration	Nice	6	1	https://www.nikkibeach.com/destinations/beach-clubs/monaco/
nikkisushi.com	Nikki Sushi	restauration	Marseille	13	1	http://www.nikkisushi.com/aix-centre/page-accueil?action=choice&redirect=1
ninasushi.com	Nina Sushi	restauration	Marseille	13	1	https://ninasushi.com/
ninibeaute.fr	NiNi Beauté	beaute_bienetre	Paris	75	1	https://ninibeaute.fr/
niortfreres.fr	Niort Frères	automobile	Rouen	76	2	https://www.niortfreres.fr/
nissan-la-rochelle.edenauto.com	Nissan Rapid Service	automobile	La Rochelle	17	1	https://nissan-la-rochelle.edenauto.com/
nissatamoul.com	Nissa Tamoul	restauration	Nice	6	1	https://www.nissatamoul.com/
nivault.com	Carrelage Nivault	artisanat_btp	Caen	14	1	https://www.nivault.com
nkdtech.fr	NKD Tech Grenoble	services_proximite	Grenoble	38	1	https://www.nkdtech.fr
nobinobi-streetfood.com	Nobi Nobi	restauration	Bordeaux	33	2	https://www.nobinobi-streetfood.com/
nocibe.fr	Nocibé	beaute_bienetre	Paris	75	1	https://www.nocibe.fr/fr/l/colombes/parfumeries/02560078
nohos-deli.business.site	L'Atelier du Sandwich	restauration	Bordeaux	33	1	https://nohos-deli.business.site/
nokingnowrap.fr	La Griffe - No King No Wrap	automobile	Toulon	83	1	https://www.nokingnowrap.fr
noli-paris.fr	Noli	restauration	Paris	75	1	https://noli-paris.fr
nolimitcycle.fr	No Limit Cycle Atelier Mobile	services_proximite	Paris	75	1	http://www.nolimitcycle.fr/
nomadbeauty.fr	Nomad	beaute_bienetre	Lyon	69	1	https://nomadbeauty.fr/
nomadecycles.fr	Nomade cycles	services_proximite	Lyon	69	1	https://nomadecycles.fr/
nonettebanhmi.com	Nonette	restauration	Paris	75	1	https://www.nonettebanhmi.com/
nonlosopizzeriastreetfood.eatbu.com	Non Lo So...	restauration	Paris	75	1	https://nonlosopizzeriastreetfood.eatbu.com/?lang=fr
nonnamiapizzeria.fr	Nonna Mia	restauration	Paris	75	1	https://nonnamiapizzeria.fr
nonnanostra.fr	Nonna Nostra	restauration	Bordeaux	33	1	https://www.nonnanostra.fr/
nonnarestaurant.fr	Nonna	restauration	Nice	6	1	https://www.nonnarestaurant.fr/
noo-wok.fr	Noo Wok	restauration	Paris	75	1	https://www.noo-wok.fr/
noon-restaurant.fr	Noon	restauration	Paris	75	1	https://www.noon-restaurant.fr/
noorifamily.com	NooRi	restauration	Paris	75	1	https://www.noorifamily.com
nooris.com	Nooris	restauration	Nice	6	1	https://www.nooris.com/fr/
nooyorkhotdog.fr	Noo-York	restauration	Paris	75	1	https://www.nooyorkhotdog.fr
norbert-dray.com	Norbert Dray	beaute_bienetre	Nantes	44	2	https://www.norbert-dray.com/
nordiquefrance.com	Nordique France	beaute_bienetre	Paris	75	1	https://www.nordiquefrance.com/showrooms/paris/
normandie-accessoires.com	Normandie Accessoires	automobile	Rouen	76	1	http://www.normandie-accessoires.com
normisol.fr	Normisol	artisanat_btp	Le Havre	76	1	https://www.normisol.fr/
notes-et-saveurs.com	Notes et Saveurs	restauration	Toulouse	31	1	https://www.notes-et-saveurs.com/
nottinghill-coffee.com	Notting Hill	restauration	Lille	59	1	https://www.nottinghill-coffee.com/
nouvelhair-viroflay.fr	Nouvel'Hair	beaute_bienetre	Paris	75	1	https://www.nouvelhair-viroflay.fr/
nova-tek.fr	Novatek	services_proximite	Nice	6	1	https://nova-tek.fr/
novettino.com	Novettino Poissonière	restauration	Paris	75	1	https://www.novettino.com/
novo-burger.com	Novo Burger	restauration	Toulouse	31	1	https://www.novo-burger.com
novoburger-etatsunis.fr	Novo Burger	restauration	Toulouse	31	1	https://novoburger-etatsunis.fr/
novotel.com	Novotel Nice Aeroport Arenas	restauration	Nice	6	1	http://www.novotel.com
nu-lille.fr	Nū Lille	restauration	Lille	59	1	https://www.nu-lille.fr/
nuances-restaurant.com	Nuances	restauration	Nice	6	1	https://www.nuances-restaurant.com/
nuancescoiffureparis.fr	Nuances Coiffure	beaute_bienetre	Paris	75	1	https://www.nuancescoiffureparis.fr/
nubuck06.fr	Le Nubuck	restauration	Nice	6	1	https://www.nubuck06.fr/
nuit-de-saigon-restaurant-cap-dail.eatbu.com	Nuit de Saïgon	restauration	Nice	6	1	https://nuit-de-saigon-restaurant-cap-dail.eatbu.com/
nuru-spa.fr	Nuru spa	beaute_bienetre	Paris	75	1	https://nuru-spa.fr/
nuvoletta.fr	Nuvoletta	restauration	Nice	6	1	https://nuvoletta.fr/
o-barbecue.business.site	Ô Barbecue	restauration	Lille	59	1	https://o-barbecue.business.site/
o-barbierparis.fr	Ôh-Barbier	beaute_bienetre	Paris	75	1	https://www.o-barbierparis.fr
o-bon-vivre-restaurant-palavas-les-flots.fr	Ö bon vivre	restauration	Montpellier	34	1	https://www.o-bon-vivre-restaurant-palavas-les-flots.fr/
o-buffet.com	O’ Buffet	restauration	Montpellier	34	1	https://www.o-buffet.com
o-burger-nice.eatbu.com	O'Burger	restauration	Nice	6	1	https://o-burger-nice.eatbu.com/?lang=fr
o-costa-v2.com	Ô Costa	restauration	Lille	59	1	https://o-costa-v2.com
o-driscoll.eatbu.com	O' DRISCOLL	restauration	Bordeaux	33	1	https://o-driscoll.eatbu.com/
o-forme.com	O'Forme	beaute_bienetre	Lyon	69	1	https://www.o-forme.com
o-jasmin.fr	O'Jasmin	restauration	Montpellier	34	1	www.o-jasmin.fr
o-lusitano69.com	O Lusitano	restauration	Lyon	69	1	http://www.o-lusitano69.com/
o-petits-patons.eatbu.com	Ô Petits Pâtons	restauration	Toulouse	31	1	https://o-petits-patons.eatbu.com/?lang=fr
o-restaurant-de-la-place-bruguieres.eatbu.com	Ô restaurant de la place	restauration	Toulouse	31	1	https://o-restaurant-de-la-place-bruguieres.eatbu.com/
o-saint-michel-bordeaux.fr	Ô Saint Michel	restauration	Bordeaux	33	1	https://o-saint-michel-bordeaux.fr
o-saveurs.com	Ô Saveurs	restauration	Toulouse	31	1	https://o-saveurs.com/
o-snack.fr	O'Snack	restauration	Montpellier	34	1	https://o-snack.fr
o-tacos.com	O'Tacos	restauration	Paris	75	2	https://o-tacos.com/
o-tacos.fr	O'Tacos	restauration	Paris	75	1	https://www.o-tacos.fr/
o2.fr	O2	services_proximite	Paris	75	1	https://www.o2.fr/o2-antony-4-avenue-gabriel-peri-92160
o27.fr	O'27	restauration	Lille	59	1	http://o27.fr/
o2feel.com	Pour Mon Vélo	services_proximite	Paris	75	1	https://www.o2feel.com/
o2velo.fr	O2 Vélo	services_proximite	Lyon	69	1	https://www.o2velo.fr/
o35dwich.fr	O'35 Dwich	restauration	Lille	59	1	https://www.o35dwich.fr/
o9pokeparis.fr	O'9 Poké	restauration	Paris	75	1	https://www.o9pokeparis.fr
oakberry-nice.com	Oakberry Açaí bowls	restauration	Nice	6	1	https://oakberry-nice.com/
oakberry.com	Oakberry Açai	restauration	Lyon	69	1	https://www.oakberry.com
oakberryleshalles.com	Oakberry Açaí bowls	restauration	Paris	75	1	https://oakberryleshalles.com
oalizes-coiffure.com	O’Alizés - salon de coiffure Meudon	beaute_bienetre	Paris	75	1	https://oalizes-coiffure.com/
obali.fr	Ô Bali	restauration	Toulouse	31	1	https://obali.fr/
obarbier.com	O Barbier	beaute_bienetre	Lyon	69	1	https://obarbier.com/pages/vaulx-en-velin
obasilic.com	O'BASILIC	restauration	Paris	75	1	https://www.obasilic.com/
obay-route-nice.eatbu.com	O Bay Route	restauration	Nice	6	1	https://obay-route-nice.eatbu.com/?lang=fr
obbe.fr	Ouvrages Bois Bureau d'Études	artisanat_btp	Lyon	69	1	https://www.obbe.fr/
obergedulac.fr	O’berge du lac	restauration	Lille	59	1	http://www.obergedulac.fr/
objectifcoiffure-hairsalon.business.site	Objectif Coiffure	beaute_bienetre	Paris	75	1	http://objectifcoiffure-hairsalon.business.site/
objetotheque.fr	BBcyclette - Atelier d'aide à la réparation de vélo	services_proximite	Lille	59	1	https://objetotheque.fr/atelier/atelier-velo-reparation-bbcyclette/
obo-bike.com	Specialized	services_proximite	Rennes	35	1	https://www.obo-bike.com/
obraise-restaurants.fr	O'Braisé	restauration	Paris	75	1	https://www.obraise-restaurants.fr/detail-restaurant/restaurant-o-braise-cachan
obuns.fr	O bun's	restauration	Paris	75	1	https://obuns.fr/
oceane-avakian.com	Océane Avakian	beaute_bienetre	Lyon	69	1	https://oceane-avakian.com
oceanekbeautyroom.com	Coiffeur Beauty Room Paris 7	beaute_bienetre	Paris	75	1	https://www.oceanekbeautyroom.com/prestations-coiffure
oceanosa.com	Oceanosa	restauration	Nice	6	1	https://oceanosa.com/
ocheez-taverny.com	O'Cheez	restauration	Paris	75	1	https://ocheez-taverny.com/
ochicken-strasbourg.fr	O'Chicken	restauration	Strasbourg	67	1	https://ochicken-strasbourg.fr/
ochoresto.com	Ocho	restauration	Paris	75	1	https://www.ochoresto.com/
ocincopizza.fr	O'cinco	restauration	Paris	75	1	https://ocincopizza.fr/
ocivelo.fr	Ocivélo	services_proximite	Saint-Etienne	42	1	https://ocivelo.fr/
ocni-restaurant.com	L'OCNI	restauration	Bordeaux	33	1	https://ocni-restaurant.com/
ocosymeal94.com	O'cosymeal	restauration	Paris	75	1	https://ocosymeal94.com/
ocpe.fr	Occitanie Pièces Electroménager	services_proximite	Toulouse	31	1	https://ocpe.fr/
ocuizin.fr	Ô Cuiz'In	restauration	Toulouse	31	1	https://www.ocuizin.fr/
odegam-toiture.fr	Ôdegam	artisanat_btp	Rennes	35	1	https://odegam-toiture.fr/
odelicesdemilie.fr	Ô Délices d'Émilie	restauration	Toulouse	31	1	https://odelicesdemilie.fr/
odesign-plomberie.fr	O'Design	artisanat_btp	Nice	6	1	https://www.odesign-plomberie.fr/
odomtoulouse.com	Odom	restauration	Toulouse	31	1	https://odomtoulouse.com/
ofenogusto.com	O'Feno Gusto	restauration	Toulouse	31	1	https://ofenogusto.com/
offenburger-offiziell.de	OffenBurger	restauration	Strasbourg	67	1	https://www.offenburger-offiziell.de
officinagusto.fr	Officina Gusto	restauration	Toulouse	31	1	https://www.officinagusto.fr/
ofreropizza.com	O'Fréro	restauration	Toulouse	31	1	https://www.ofreropizza.com/
ogalodeysines.com	Restaurant O Galo d'Eysines	restauration	Bordeaux	33	1	https://www.ogalodeysines.com/menu
ogp-cachan-restaurant.eatbu.com	Original Grill Poulet	restauration	Paris	75	1	https://ogp-cachan-restaurant.eatbu.com/
ogreedys.fr	O'Greedys	restauration	Paris	75	1	https://ogreedys.fr/
ogrilladesfumees.fr	O'Grillades Fumée	restauration	Paris	75	1	https://ogrilladesfumees.fr
oh-my-wash.fr	Oh My Wash !	services_proximite	Toulouse	31	1	https://www.oh-my-wash.fr/
ohbalma.fr	La Taverne de l'Ours	restauration	Toulouse	31	1	https://ohbalma.fr/
ohbowls.fr	oh!bowls	restauration	Marseille	13	1	https://www.ohbowls.fr/
ohlavache.fr	Oh la vache !	restauration	Toulouse	31	1	https://ohlavache.fr/
ohmangezmoi.eatbu.com	Oh Mangez Moi	restauration	Toulouse	31	1	https://ohmangezmoi.eatbu.com/
ohmycream.com	Oh my Cream !	beaute_bienetre	Paris	75	1	https://www.ohmycream.com
ohmyresto.fr	Petit Voyage	restauration	Toulouse	31	1	https://ohmyresto.fr/etablissement/petit-voyage
ojardindugout.fr	Ô Jardin du Goût	restauration	Bordeaux	33	1	https://www.ojardindugout.fr/
ojardingourmand.com	Ô Jardin Gourmand	restauration	Toulouse	31	1	https://www.ojardingourmand.com
okcaroule.fr	Ok Ça Roule	services_proximite	Paris	75	1	https://www.okcaroule.fr/
oki-clean.com	Oki	automobile	Nancy	54	1	https://www.oki-clean.com/
oki-uchi.eatbu.com	ÔKI Uchi	restauration	Toulouse	31	1	https://oki-uchi.eatbu.com
oklafood.fr	Okla Food	restauration	Bordeaux	33	1	https://oklafood.fr/
okmont.fr	Okmont	artisanat_btp	Rennes	35	1	https://www.okmont.fr/
okpeintures.fr	Circle K	artisanat_btp	Bordeaux	33	1	https://www.okpeintures.fr/
okpoke.fr	Ok Poké	restauration	Paris	75	1	http://okpoke.fr/
okra-restaurant.com	OKRA	restauration	Bordeaux	33	1	https://www.okra-restaurant.com/
olesfemmes.fr	Ô Les Femmes	beaute_bienetre	Rouen	76	1	https://www.olesfemmes.fr/
oliveartichaut.com	Olive & Artichaut	restauration	Nice	6	1	https://oliveartichaut.com/
olivula-restaurant.fr	L'Olivula	restauration	Nice	6	1	https://www.olivula-restaurant.fr
olla-oasisurbaine.com	Olla Oasis Urbaine	restauration	Montpellier	34	1	https://www.olla-oasisurbaine.com/
oma-cantine.com	OMA Cantine	restauration	Lille	59	1	https://oma-cantine.com/
omacafe.fr	Oma Café	restauration	Bordeaux	33	1	https://omacafe.fr/?utm_source=ig&utm_medium=social&utm_content=link_in_bio
omai-nice.com	Ô Mai	restauration	Nice	6	1	http://www.omai-nice.com
omalo.fr	O'malo	restauration	Paris	75	1	https://www.omalo.fr/
ombreetlumiere-coiffure.fr	Ombre & Lumière	beaute_bienetre	Nantes	44	1	https://www.ombreetlumiere-coiffure.fr/
omorena.com	O'Morena	restauration	Nice	6	1	https://www.omorena.com/
omust.fr	Le Must	restauration	Lille	59	1	https://omust.fr/
onaka-group.com	Onakaya	restauration	Nice	6	1	https://onaka-group.com/onakaya/
one-repar.fr	One Repar	services_proximite	Paris	75	1	https://one-repar.fr/
onem.fr	ô Nem	restauration	Marseille	13	1	http://onem.fr/
onet.fr	Onet	services_proximite	Marseille	13	1	https://www.onet.fr/proprete-services/
ongl-story.com	Ongl’ Story	beaute_bienetre	Paris	75	1	https://www.ongl-story.com/
ongledelareine.com	Zenea Nails	beaute_bienetre	Paris	75	1	https://www.ongledelareine.com/
onglerie-rouen.fr	B-Zen	beaute_bienetre	Rouen	76	1	https://www.onglerie-rouen.fr/
onglerienant.com	Le Boudoir d'Esther	beaute_bienetre	Nantes	44	1	https://onglerienant.com
ongles3n.fr	Onglerie 3N	beaute_bienetre	Nantes	44	1	https://www.ongles3n.fr/
onglesenfleurs.fr	Ongles en Fleurs	beaute_bienetre	Lyon	69	1	https://www.onglesenfleurs.fr/
onglissima.business.site	Onglissima	beaute_bienetre	Nantes	44	1	https://onglissima.business.site/
onlinebooking.ikosoft.com	Esy	beaute_bienetre	Paris	75	1	https://onlinebooking.ikosoft.com/5343F6BE3869F64D10B4D0001/FRA/Services/ChooseGender
onlymanversailles.fr	Only Man	beaute_bienetre	Paris	75	1	https://onlymanversailles.fr/
onoloa.fr	Onloa Poke	restauration	Lille	59	1	https://www.onoloa.fr/
op-fenetres-fha.com	Fenêtres d'Hier et d'Aujourd'hui	artisanat_btp	Paris	75	1	https://op-fenetres-fha.com/les-offres-promotionnelles/ste-fenetres-dhier-et-daujourdhui/menuiseries
opa-restaurant.fr	Opa	restauration	Lille	59	1	https://www.opa-restaurant.fr
opaisible.fr	Ô Paisible	restauration	Toulouse	31	1	https://www.opaisible.fr
opalmiersevran.eatbu.com	O palmier	restauration	Paris	75	1	https://opalmiersevran.eatbu.com
opel-44.com	Bsa Atlantique	automobile	Nantes	44	1	https://www.opel-44.com/
open-clean.fr	Laverie Open Clean	services_proximite	Toulouse	31	1	https://open-clean.fr/
openhair.fr	Open Hair	beaute_bienetre	Lyon	69	1	https://openhair.fr
opiumspa.fr	Opium Concept - Spa	beaute_bienetre	Toulouse	31	1	http://www.opiumspa.fr
opoulet-grille.fr	O'Poulet Grillé	restauration	Lille	59	1	https://opoulet-grille.fr
oppa59.fr	Oppa	restauration	Lille	59	1	https://oppa59.fr/
opspizza.fr	OPS Pizza	restauration	Paris	75	1	https://opspizza.fr/
optima-system.fr	Optima	automobile	Metz	57	1	https://www.optima-system.fr/agence-optima-grand-est-metz/
optimal-autoshop.fr	Optimal Autosport	automobile	Nancy	54	1	https://optimal-autoshop.fr
optimal-energy.fr	Optimal Energy	artisanat_btp	Caen	14	1	https://www.optimal-energy.fr/
optitbahut.fr	Ô P'tit Bahut	restauration	Bordeaux	33	1	https://www.optitbahut.fr/
opus-french-restaurant.business.site	Opus	restauration	Lille	59	1	https://opus-french-restaurant.business.site
orca-france.com	Orca	artisanat_btp	Nancy	54	1	https://orca-france.com
order.fivepizzaoriginal.com	Five Pizza	restauration	Paris	75	1	https://order.fivepizzaoriginal.com/restaurants/five-pizza-original-saint-maure-des-fosses
order.nkisushi.com	Nki	restauration	Nice	6	1	https://order.nkisushi.com/fr/shops/japonais/nki-sushi-nice-1
order.withqikserve.com	K-Vibe	restauration	Paris	75	1	https://order.withqikserve.com/K-Vibe/K-Vibe-Paris-Saint-Denis#/main/venue/menu
ordering.bolkiri.fr	Bolkiri Lille	restauration	Lille	59	1	https://ordering.bolkiri.fr/restaurants/bolkiri-lille
orevcassis.com	Ô REV	restauration	Marseille	13	1	https://www.orevcassis.com/
oriapizza.fr	Oria Pizza Napoletana e Pasta	restauration	Bordeaux	33	1	https://oriapizza.fr/
origanolapizza.com	Origano la pizza	restauration	Lille	59	1	https://www.origanolapizza.com/
originalburgergrill.com	Fives Original Burger Grill	restauration	Lille	59	1	https://www.originalburgergrill.com/
originalfalafel.fr	Original Falafel	restauration	Lyon	69	1	https://www.originalfalafel.fr
origine-bk.fr	Origine BK	restauration	Bordeaux	33	1	https://www.origine-bk.fr/
originesrestaurant-nice.com	Origines	restauration	Nice	6	1	https://www.originesrestaurant-nice.com/
orijines-oji.fr	Orijines OJI	restauration	Bordeaux	33	1	https://www.orijines-oji.fr/
orion-custom.bike	Orion Bike	services_proximite	Paris	75	1	https://www.orion-custom.bike/
ormenis.com	Ormenis	beaute_bienetre	Paris	75	1	https://www.ormenis.com/
orpi.com	24th Street Barber	beaute_bienetre	Paris	75	1	https://www.orpi.com/agmairiechampigny
orsay.centreservices.fr	Centre Services Orsay - Ménage et Repassage	services_proximite	Paris	75	1	https://orsay.centreservices.fr
orto.fr	Orto	restauration	Paris	75	1	https://www.orto.fr/
osakyo.com	Osakyo	restauration	Bordeaux	33	1	http://www.osakyo.com/
osasuke.fr	O'sasuke	restauration	Toulouse	31	1	https://osasuke.fr/
osaveursdorees.eatbu.com	Ô Saveurs Dorées	restauration	Toulouse	31	1	https://osaveursdorees.eatbu.com
osaveursduliban.com	O saveurs du Liban	restauration	Marseille	13	1	https://www.osaveursduliban.com/
oscar-restaurant-nice.com	Oscar	restauration	Nice	6	1	https://oscar-restaurant-nice.com/fr
oseafricancuisine.com	Osè ! Afro Streetfood	restauration	Paris	75	1	https://www.oseafricancuisine.com/
osezampizza.fr	O'Sezam Pizza	restauration	Paris	75	1	https://www.osezampizza.fr/
osha-paris.fr	Osha	restauration	Paris	75	1	https://osha-paris.fr/
osiamspa.com	Ô Siam spa	beaute_bienetre	Paris	75	1	https://osiamspa.com/
oskin.fr	Ōskin	beaute_bienetre	Paris	75	1	https://oskin.fr/
osm-pouletbraise-villierssurmarne.fr	O Saveurs Méditérannénnes	restauration	Paris	75	1	https://www.osm-pouletbraise-villierssurmarne.fr/
osmose-institut.webnode.fr	Osmose Diffusion de bien-être	beaute_bienetre	Nantes	44	1	https://osmose-institut.webnode.fr/
ospad.fr	Ospad	services_proximite	Paris	75	1	https://ospad.fr
osteria-da-luigi.fr	Osteria da Luigi	restauration	Bordeaux	33	1	https://www.osteria-da-luigi.fr/
osushium.com	Odiki Sushi	restauration	Montpellier	34	1	http://osushium.com/
otacosmontreuil.business.site	O'Tacos	restauration	Paris	75	1	https://otacosmontreuil.business.site
otemps-suspendu.fr	Ô Temps Suspendu Côté Est	restauration	Lyon	69	1	https://www.otemps-suspendu.fr/index-est.htlm
otokyo.fr	O’Tokyo	restauration	Toulouse	31	1	https://otokyo.fr/
ottoman-bordeaux.eatbu.com	Ottoman	restauration	Bordeaux	33	1	https://ottoman-bordeaux.eatbu.com/
ouestisol.fr	Ouest Isol & Ventil	artisanat_btp	Marseille	13	1	https://www.ouestisol.fr/
ouiglass.com	OuiGlass Genay	automobile	Lyon	69	1	https://ouiglass.com/tous-centres/genay
oukla91.eatbu.com	Restaurant Oukla 91	restauration	Paris	75	1	https://oukla91.eatbu.com
oulivie.com	Paysan d'Huile	restauration	Montpellier	34	1	https://www.oulivie.com/
ourea-restaurant.com	Ourea	restauration	Marseille	13	1	https://www.ourea-restaurant.com
ourkitchen.fr	O'Kitchen	restauration	Paris	75	1	http://www.ourkitchen.fr
oushiza.eatbu.com	Oushiza	restauration	Lille	59	1	https://oushiza.eatbu.com/
ouvertures-94.fr	ASF Ouvertures	artisanat_btp	Paris	75	1	https://www.ouvertures-94.fr/
ovelo.fr	Ovelo	services_proximite	Lyon	69	3	https://www.ovelo.fr/
ovillagetacos.fr	O'Village	restauration	Lyon	69	1	https://ovillagetacos.fr/
owelsh.fr	Ô Welsh	restauration	Lille	59	1	https://owelsh.fr/
oyat-traiteur.com	Oyat	restauration	Marseille	13	1	https://oyat-traiteur.com/
oze-restaurant.fr	Ô Zé	restauration	Bordeaux	33	1	https://oze-restaurant.fr/
ozen-spa-versailles.com	O zen Spa	beaute_bienetre	Paris	75	1	https://www.ozen-spa-versailles.com/
ozenasianfood.fr	Ô Zen	restauration	Toulouse	31	1	https://www.ozenasianfood.fr/
ozenetre.com	O Zen Etre	beaute_bienetre	Paris	75	1	https://www.ozenetre.com/nos-instituts-spa
pacesalute.com	Pace Salute	restauration	Toulouse	31	1	https://www.pacesalute.com/
pacha-saint-andre.fr	Pacha	restauration	Lille	59	1	https://www.pacha-saint-andre.fr/
pacheco-coiffure.com	Pacheco coiffure	beaute_bienetre	Lyon	69	1	https://www.pacheco-coiffure.com/salon-de-pusignan/
pacificbordeaux.fr	Pacific	restauration	Bordeaux	33	1	https://www.pacificbordeaux.fr/
pad-thai-lille.com	Pad Thai	restauration	Lille	59	1	https://www.pad-thai-lille.com/
padang-padang.com	Padang Padang	restauration	Bordeaux	33	1	http://www.padang-padang.com/
paella-chez-mireille-nice.eatbu.com	Chez Mireille	restauration	Nice	6	1	https://paella-chez-mireille-nice.eatbu.com
pagodathaimassage.com	Pagoda	beaute_bienetre	Paris	75	1	http://pagodathaimassage.com
pahoa-burger.fr	Pahoa Burger	restauration	Montpellier	34	1	https://pahoa-burger.fr
paillettesetcambouis.org	Paillettes & Cambouis	services_proximite	Paris	75	1	https://www.paillettesetcambouis.org
painalailstreetfood.fr	Pain à l'Ail	restauration	Marseille	13	1	https://www.painalailstreetfood.fr/
palaisdeseoul.fr	Le Palais de Seoul	restauration	Lille	59	1	https://palaisdeseoul.fr
palaiseau.aqualogia.fr	Aqualogia Palaiseau	services_proximite	Paris	75	1	https://palaiseau.aqualogia.fr/
palazzolille.fr	Le Palazzo	restauration	Lille	59	1	https://www.palazzolille.fr/
paloma-beaute.fr	Institut Paloma Beauté	beaute_bienetre	Paris	75	1	https://www.paloma-beaute.fr/accueil-paloma-beaute-guinot
pan-nice.com	Pan Nice	restauration	Nice	6	1	https://pan-nice.com/
panaille.fr	Panaille	restauration	Bordeaux	33	2	https://www.panaille.fr/
pancook.fr	Pancook Zénith	restauration	Lille	59	1	https://pancook.fr
pandachine.com	Panda Chine	restauration	Nice	6	1	https://pandachine.com/
paniers.paris	Paniers	restauration	Paris	75	1	https://www.paniers.paris
panineria-ceresola.business.site	Panineria Ceresola	restauration	Nice	6	1	https://panineria-ceresola.business.site/
panivore.fr	Panivore	restauration	Nice	6	1	https://www.panivore.fr/
panoramapizzacastanet.fr	Ô délices	restauration	Toulouse	31	1	https://panoramapizzacastanet.fr/
paomaparis.fr	Paoma	beaute_bienetre	Paris	75	1	https://paomaparis.fr/
papadum.fr	Papadum Indian food	restauration	Bordeaux	33	1	https://papadum.fr/
papadumindianfood.fr	Papadüm	restauration	Bordeaux	33	1	https://papadumindianfood.fr/fr
papafamiglia.com	Papà Lello	restauration	Bordeaux	33	1	https://papafamiglia.com/
papamariospizza.fr	Papa Mario's Pizza	restauration	Paris	75	1	https://www.papamariospizza.fr/
paparaffaele.com	Papà Raffaele	restauration	Lille	59	1	http://paparaffaele.com
papayatoulouse.com	Papaya	restauration	Toulouse	31	1	https://papayatoulouse.com
paperplanenice.com	Paper plane	restauration	Nice	6	1	https://www.paperplanenice.com/
papillon-pizza.fr	Papillon Pizza	restauration	Lille	59	1	https://papillon-pizza.fr
papillon.bike	Papillon	services_proximite	Paris	75	1	https://www.papillon.bike/
papillonsblancs-rxtg.org	Cyclo Papillons	services_proximite	Lille	59	1	https://www.papillonsblancs-rxtg.org/travail-protege-nord/esat-wattrelos/
papilouis.fr	Papi Louis	restauration	Bordeaux	33	1	https://papilouis.fr/
pappagallo.co	Pappagallo	restauration	Nice	6	1	https://www.pappagallo.co/
papyrestaurant.fr	Papy	restauration	Bordeaux	33	1	https://www.papyrestaurant.fr/
paradis-221.com	Paradis 221	restauration	Lille	59	1	https://www.paradis-221.com/
paradis.chezann.fr	Chez Ann	restauration	Paris	75	1	https://paradis.chezann.fr
paradise-sushi.fr	Paradise Sushi	restauration	Lille	59	1	https://www.paradise-sushi.fr
paradispizza.business.site	Paradis Pizza	restauration	Marseille	13	1	https://paradispizza.business.site/
paradoxales.fr	Paradoxale	beaute_bienetre	Paris	75	1	https://paradoxales.fr/
parcogest.com	Parcogest	services_proximite	Lille	59	1	https://www.parcogest.com/
parebrise-tla.fr	Actiglass PACA	automobile	Toulon	83	1	https://www.parebrise-tla.fr/
parenthesebienetreparis.fr	Parenthèse Bien-Être	beaute_bienetre	Paris	75	1	https://www.parenthesebienetreparis.fr/
paris-coiffure-very.fr	Atelier de coiffure Sophie Very	beaute_bienetre	Paris	75	1	http://www.paris-coiffure-very.fr/
paris-kleber.speedrabbitpizza.com	Speed Rabbit Pizza	restauration	Paris	75	1	https://paris-kleber.speedrabbitpizza.com/
paris.fr	Maison du Jardinage	artisanat_btp	Paris	75	1	https://www.paris.fr/equipements/maison-du-jardinage-pole-ressource-jardinage-urbain-1788
paris.rodolphe-co.com	Rodolphe & Co.	beaute_bienetre	Paris	75	1	http://paris.rodolphe-co.com
paris12.botanicbarber.com	Botanic Barber Paris 12	beaute_bienetre	Paris	75	1	https://paris12.botanicbarber.com/
paris12.cyclable.com	Cyclable	services_proximite	Paris	75	1	https://paris12.cyclable.com
paris14.cyclable.com	Cyclable	services_proximite	Paris	75	1	https://paris14.cyclable.com
paris15.cyclable.com	Cyclable	services_proximite	Paris	75	1	https://paris15.cyclable.com
paris17.cyclable.com	Cyclable	services_proximite	Paris	75	1	https://paris17.cyclable.com
paris19.botanicbarber.com	Botanic Barber	beaute_bienetre	Paris	75	1	https://paris19.botanicbarber.com/
paris19.cyclable.com	Cyclable	services_proximite	Paris	75	1	https://paris19.cyclable.com/
parisaeroport.fr	Brioche Dorée	restauration	Paris	75	1	https://www.parisaeroport.fr/passagers/shopping/enseignes?brandId=37&airportId=1&terminalId=25&level=undefined&isPublic=false
parisbeirut.com	Paris Beirut	restauration	Paris	75	1	http://parisbeirut.com
parisbikeco.com	Paris Bike Company	services_proximite	Paris	75	1	https://parisbikeco.com/
parisiennebeauty.com	Parisienne Beauty	beaute_bienetre	Paris	75	1	https://www.parisiennebeauty.com/
parisrosenail.com	Paris Rose Nails	beaute_bienetre	Paris	75	1	https://www.parisrosenail.com
parisvelosympa.com	Paris à Vélo, c’est Sympa	services_proximite	Paris	75	1	http://www.parisvelosympa.com
parkandsuites.com	Bistrot City	restauration	Montpellier	34	1	http://parkandsuites.com
partedis.com	Partedis	artisanat_btp	Toulouse	31	1	https://www.partedis.com/agence/toulouse-ramonville-chauffage-sanitaire/
partenaire.bmw.fr	Equation	automobile	Toulouse	31	1	https://partenaire.bmw.fr/equation-automobiles/
partenaire.mini.fr	Equation	automobile	Toulouse	31	1	https://partenaire.mini.fr/equation/
pascal-bonnerue.fr	Pascal Bonnerue Massothérapeute	beaute_bienetre	Paris	75	1	https://www.pascal-bonnerue.fr/
pascalcoste.com	Pascal Coste	beaute_bienetre	Paris	75	2	http://www.pascalcoste.com/salons/item/toulon-grand-var-copy-2-copy
pascalcostefontenilles.com	Pascal Coste	beaute_bienetre	Toulouse	31	1	https://pascalcostefontenilles.com/tournefeuille
pascalehagebeaute.com	Pascale Hage Beauté	beaute_bienetre	Paris	75	1	http://pascalehagebeaute.com/
pasquet.fr	PASQUET menuiseries	artisanat_btp	Rennes	35	1	https://www.pasquet.fr/agence-de-rennes.html
passionbeaute.fr	Passion Beauté	beaute_bienetre	Saint-Etienne	42	1	https://www.passionbeaute.fr/magasins/saint-etienne
passionespacebeaute.com	Passion coiffure	beaute_bienetre	Lyon	69	1	https://passionespacebeaute.com/
passionnail.fr	Passionnail	beaute_bienetre	Paris	75	1	https://www.passionnail.fr/
passionvernis75.wixsite.com	Passion Vernis	beaute_bienetre	Paris	75	1	https://passionvernis75.wixsite.com/passion-vernis
pasteletsarrasin.fr	Pastel et Sarrasin	restauration	Toulouse	31	1	http://pasteletsarrasin.fr/
pastificio-marcellino.fr	Pastificio Marcellino	restauration	Bordeaux	33	1	https://www.pastificio-marcellino.fr/
pastis-restaurant.com	Le Pastis	restauration	Montpellier	34	1	https://pastis-restaurant.com/
patetpizz.fr	Pat & Pizz	restauration	Toulouse	31	1	http://www.patetpizz.fr
patrick-diffusion-coiffeur.fr	Patrick Diffusion Junior	beaute_bienetre	Lyon	69	1	https://www.patrick-diffusion-coiffeur.fr/
patrimoinekabyle.fr	Patrimoine Kabyle	restauration	Lille	59	1	https://www.patrimoinekabyle.fr/
paul.fr	Paul	restauration	Paris	75	3	https://www.paul.fr/stores/paris_forum_des_halles_n1_kiosque
paulette.bike	Paulette Bike	services_proximite	Paris	75	1	https://paulette.bike/fr/index.php?controller=agence&agence_id=27
paulsworkshop.fr	Paul's Workshop	artisanat_btp	Caen	14	1	https://www.paulsworkshop.fr/
pausecoree.fr	Pause Corée	restauration	Paris	75	1	https://pausecoree.fr/
pausenatty.com	Pause Natty	restauration	Montpellier	34	1	https://pausenatty.com/
pausk.com	Paus'k	restauration	Bordeaux	33	2	https://pausk.com/
pavillon-garonne.fr	Pavillon Garonne	restauration	Bordeaux	33	1	https://pavillon-garonne.fr
pavillons-idf.fr	Pavillons D'ile De France Agence D'aulnay	artisanat_btp	Paris	75	2	https://www.pavillons-idf.fr/aulnay-sous-bois-constructeur-maison-seine-saint-denis-agence.html
payetacrepe.fr	BigM	restauration	Paris	75	1	http://www.payetacrepe.fr/
payot.com	Institut du Château	beaute_bienetre	Lyon	69	2	https://www.payot.com/FR/fr/ou-nous-trouver/institut-du-chateau
paysagescatalans.com	Paysages Catalans	artisanat_btp	Perpignan	66	1	https://www.paysagescatalans.com/
paysagesconseil.fr	Paysages Conseil	artisanat_btp	Caen	14	1	https://www.paysagesconseil.fr/paysagiste-caen/
paytafrange.fr	Paytafrange	beaute_bienetre	Lyon	69	1	https://www.paytafrange.fr/
pcokay.fr	PC okay	services_proximite	Paris	75	1	https://www.pcokay.fr/magasin-informatique-saint-germain-en-laye/
pcreparegrenoble.wordpress.com	PC Repare	services_proximite	Grenoble	38	1	https://pcreparegrenoble.wordpress.com/
peachbeauty.fr	Peach Beauty	beaute_bienetre	Lyon	69	1	https://peachbeauty.fr
peachy.beauty	Peachy	beaute_bienetre	Paris	75	1	https://peachy.beauty/
peaucaramel.com	Peau Caramel - Sothys	beaute_bienetre	Paris	75	1	https://www.peaucaramel.com/
pec-menuiserie.com	Grosfilex	artisanat_btp	Paris	75	1	https://pec-menuiserie.com
peelsofskin.com	Peel's of Skin	beaute_bienetre	Paris	75	1	https://peelsofskin.com/
peinture-breton.fr	Peinture Breton	artisanat_btp	Nancy	54	1	https://www.peinture-breton.fr/
peinture-carrosserie-larochelle.com	Car-Choc	automobile	La Rochelle	17	1	https://www.peinture-carrosserie-larochelle.com/
peinture-marlet.com	Marlet Peinture	artisanat_btp	Orleans	45	1	https://www.peinture-marlet.com
peinture-rennes.com	Thézé Peintures	artisanat_btp	Rennes	35	1	https://www.peinture-rennes.com/
peixes.fr	Peixes	restauration	Nice	6	2	https://www.peixes.fr/
pekopeko.fr	PEKO PEKO	restauration	Lille	59	1	https://www.pekopeko.fr/
pelleringiboire.fr	Pellerin Giboire	artisanat_btp	Rennes	35	1	https://www.pelleringiboire.fr/
pelotongp.com	Peloton GP	services_proximite	Paris	75	1	https://pelotongp.com/
penichearchimede.fr	Archimède	restauration	Lille	59	1	https://www.penichearchimede.fr/
pepe-pizza.fr	Pépé Pizza	restauration	Marseille	13	1	https://www.pepe-pizza.fr/
pepe-santana.fr	Pépé Santana	restauration	Paris	75	1	https://www.pepe-santana.fr
pepechicken.fr	Pepe Chicken by FastGoodCuisine	restauration	Lyon	69	1	https://www.pepechicken.fr
pepepina.fr	Pepe & Pina	restauration	Montpellier	34	1	https://www.pepepina.fr
pepere-restaurant.fr	Pépère	restauration	Toulouse	31	1	https://www.pepere-restaurant.fr/
pepper-grill.com	Pepper grill	restauration	Paris	75	1	https://pepper-grill.com
peppinotoulouse.com	Peppino	restauration	Toulouse	31	1	https://peppinotoulouse.com
pere-et-fish.belorder.com	Pere & Fish	restauration	Marseille	13	1	https://pere-et-fish.belorder.com/restaurants
pere-leon.com	Le Père Léon	restauration	Toulouse	31	1	https://www.pere-leon.com/toulouse/restaurant/menu/carte
pere-louis.fr	Père Louis	restauration	Bordeaux	33	1	https://pere-louis.fr/
pereetfishrestaurant.com	Père & Fish Lille	restauration	Lille	59	1	https://www.pereetfishrestaurant.com
perfecto-pizza.metro.bar	Perfecto Pizza	restauration	Paris	75	1	https://perfecto-pizza.metro.bar
perfectopizza94.fr	Perfecto Pizza	restauration	Paris	75	1	https://perfectopizza94.fr/
performancevelo.com	Performance Vélo	services_proximite	Saint-Etienne	42	1	https://performancevelo.com/
perlariviera.fr	Restaurant Perla Gourmet	restauration	Nice	6	1	https://www.perlariviera.fr/restaurant-hotel-villeneuve-loubet-cote-azur
perlesdemontecarlo.com	Les Perles de Monte-Carlo	restauration	Nice	6	1	https://www.perlesdemontecarlo.com/
perrache-tandoori-lyon.com	Perrache Tandoori	restauration	Lyon	69	1	https://perrache-tandoori-lyon.com/
perryfeerique.fr	Perry Féerique	services_proximite	Paris	75	1	https://perryfeerique.fr/
petercoffeeshop.com	Peter Coffee Shop	restauration	Bordeaux	33	1	https://petercoffeeshop.com/
petezki.fr	Petezki & Fils	artisanat_btp	Lyon	69	1	https://petezki.fr/
petit-jardin.com	Le Petit Jardin	restauration	Montpellier	34	1	https://www.petit-jardin.com/
petitdugo.fr	Le Petit Dugo	restauration	Marseille	13	1	https://petitdugo.fr/
petiteitalie.fr	La Petite Italie	restauration	Toulouse	31	1	https://petiteitalie.fr
petitnice-passedat.com	Le Petit Nice - Passédat	restauration	Marseille	13	1	http://www.petitnice-passedat.com/
petitsplaisirs-restaurant.fr	Petits Plaisirs • 物食记	restauration	Bordeaux	33	1	https://petitsplaisirs-restaurant.fr/
peugeot-oullins.fr	Peugeot Oullins Ms Automobiles	automobile	Lyon	69	1	https://peugeot-oullins.fr
peugeot.fr	Garage Blandin	automobile	Nantes	44	1	https://www.peugeot.fr/
pgp-parcs-et-jardins.fr	PGP Parcs et Jardins	artisanat_btp	Pau	64	1	https://pgp-parcs-et-jardins.fr
pharmacie-beauzelle.elsie-sante.fr	Pharmacie de Beauzelle	beaute_bienetre	Toulouse	31	1	https://pharmacie-beauzelle.elsie-sante.fr/
pharmacie-millefeuille-toulouse.mesoigner.fr	Pharmacie-Herboristerie Millefeuille	beaute_bienetre	Toulouse	31	1	https://pharmacie-millefeuille-toulouse.mesoigner.fr/
pharmacycle.fr	Pharmacycle	services_proximite	Paris	75	1	https://pharmacycle.fr
phibrowsparis.com	Tania Beauté	beaute_bienetre	Paris	75	1	http://www.phibrowsparis.com/
philippeankri.com	Philippe Ankri	beaute_bienetre	Lyon	69	1	http://www.philippeankri.com/
philippehubert-hautecoiffurefrancaise.com	Philippe Hubert Coiffure	beaute_bienetre	Paris	75	1	https://www.philippehubert-hautecoiffurefrancaise.com/
pho-38-nice.fr	Pho 38	restauration	Nice	6	1	https://pho-38-nice.fr/en
phodpho.fr	Phod Pho Thaï	beaute_bienetre	Lyon	69	1	https://www.phodpho.fr/
phone-center.fr	Phone Center	services_proximite	Paris	75	1	https://phone-center.fr/
phoneglass.fr	Phone Glass	services_proximite	Toulouse	31	1	https://phoneglass.fr/
phosaigon.jimdo.com	Pho Saigon	restauration	Bordeaux	33	1	https://phosaigon.jimdo.com/
phovietnam.fr	Pho Vietnam	restauration	Marseille	13	1	https://phovietnam.fr
phuket-wok.business.site	Phuket Wok	restauration	Paris	75	1	https://phuket-wok.business.site/
physiominsclamart.fr	Physiomins	beaute_bienetre	Paris	75	1	https://www.physiominsclamart.fr
piacere-pizzeria.fr	Piacere	restauration	Bordeaux	33	1	http://piacere-pizzeria.fr/
piazzo.fr	Piazzo	restauration	Paris	75	1	http://piazzo.fr
pica-tapas.com	Pica Tapas	restauration	Lille	59	1	http://www.pica-tapas.com/
piccolo-mondo-restaurant-nice.fr	Piccolo Mondo	restauration	Nice	6	1	https://www.piccolo-mondo-restaurant-nice.fr/
pick-it-up.fr	Pickit Up	restauration	Lille	59	1	https://pick-it-up.fr
pico.byclickeat.fr	Pico	restauration	Lille	59	1	https://pico.byclickeat.fr
picto.paris	Picto	restauration	Paris	75	1	https://www.picto.paris/
pide.paris	Pidè Paris	restauration	Paris	75	1	https://www.pide.paris
piecesaccessoiresvelo.fr	DistriCycle Grenoble	services_proximite	Grenoble	38	1	https://piecesaccessoiresvelo.fr/distri-cycle
piecesdoccasion.com	Star Autos	automobile	Strasbourg	67	1	https://www.piecesdoccasion.com/
piecesetpneus.com	Pièces et pneu	automobile	Nantes	44	5	https://www.piecesetpneus.com/magasins/piecesetpneus-reze/
pierre-fabre.com	Le Lab	beaute_bienetre	Toulouse	31	1	https://www.pierre-fabre.com/fr/article/pierre-fabre-reinvente-lexperience-retail-a-toulouse
pierre-rouge.com	Le complexe	restauration	Montpellier	34	1	http://www.pierre-rouge.com
pierrelambert.fr	Le Monde de Pierro	restauration	Paris	75	1	https://www.pierrelambert.fr/monde-pierro/
pierrequiroule.fr	Pierre qui Roule - L'Atelier	services_proximite	Toulouse	31	1	http://www.pierrequiroule.fr
pierrerouge.com	Restauration Campus Saint Joseph Pierre Rouge	restauration	Montpellier	34	1	https://www.pierrerouge.com/
pignonsurrue.paris	Pignon sur rue Paris	services_proximite	Paris	75	1	https://pignonsurrue.paris/
pignouflyon.fr	Pignouf	restauration	Lyon	69	1	https://pignouflyon.fr/
pimpmyburger.fr	Pimp My Burger	restauration	Toulouse	31	1	https://www.pimpmyburger.fr/
pincefesses.fr	Pince-Fesses	restauration	Bordeaux	33	1	https://pincefesses.fr
pinheiro-sc.com	Pinheiro Sanitaire & Chauffage	artisanat_btp	Paris	75	1	https://www.pinheiro-sc.com
pinky-cloud.fr	Pinky Cloud	restauration	Paris	75	1	https://pinky-cloud.fr/
pinocchio-pizza.com	Pinocchio	restauration	Lyon	69	1	http://www.pinocchio-pizza.com/
pinocchio-restaurant.fr	Pinocchio	restauration	Montpellier	34	1	https://pinocchio-restaurant.fr/montpellier
pinups-rouen.fr	Pinup's coiffure	beaute_bienetre	Rouen	76	1	https://www.pinups-rouen.fr
piou-piou.fr	Piou! Piou!	restauration	Paris	75	1	https://piou-piou.fr
piperno.fr	Piperno	restauration	Nice	6	1	https://piperno.fr/restaurants/4293-piperno-nice-saleya
pirs.fr	PIRS Isolation	artisanat_btp	Caen	14	1	https://pirs.fr/
pitadine.com	Pitadine	restauration	Nice	6	1	https://www.pitadine.com/nice
pitapitabordeaux.fr	Pita Pita	restauration	Bordeaux	33	1	https://www.pitapitabordeaux.fr/
pitastreetfood.fr	Pita street food Méditerranéenne	restauration	Paris	75	1	http://pitastreetfood.fr
pitaya-thaistreetfood.com	Pitaya	restauration	Paris	75	3	https://pitaya-thaistreetfood.com/r/pitaya-saint-maur-des-fosses
pitayaresto.fr	Pitaya	restauration	Bordeaux	33	1	https://www.pitayaresto.fr
pitcholina.fr	La Pitcholina	restauration	Toulouse	31	1	https://www.pitcholina.fr
pititto-toulouse.eatbu.com	Pititto	restauration	Toulouse	31	1	https://pititto-toulouse.eatbu.com
pixouphone.fr	Pixou Phone Emergency	services_proximite	Paris	75	1	https://pixouphone.fr
pizz-appel-lyon4.fr	Pizz'Appel	restauration	Lyon	69	1	https://pizz-appel-lyon4.fr/fr
pizz-aria.com	Pizz'Aria	restauration	Nice	6	1	https://www.pizz-aria.com/
pizz-art.net	Pizz'Art	restauration	Toulouse	31	1	https://pizz-art.net/
pizz-as.com	Pizz'as	restauration	Montpellier	34	1	https://pizz-as.com
pizz-avenue.fr	Pizz'Avenue	restauration	Lyon	69	1	https://www.pizz-avenue.fr/
pizza-addict.fr	Pizza Addict	restauration	Montpellier	34	1	https://pizza-addict.fr/
pizza-alouette.com	Pizza Alouette	restauration	Bordeaux	33	1	https://www.pizza-alouette.com/
pizza-asnieres.com	Chicken Pizza	restauration	Paris	75	1	https://www.pizza-asnieres.com
pizza-caldo.com	Caldo	restauration	Lille	59	1	https://pizza-caldo.com/
pizza-capri-toulouse.business.site	Pizza Capri	restauration	Toulouse	31	1	https://pizza-capri-toulouse.business.site/
pizza-capri.fr	Pizza Capri	restauration	Bordeaux	33	1	https://www.pizza-capri.fr/nos-boutiques/bordeaux-rue-sainte-catherine/
pizza-casa-diroma.com	Casa di Roma	restauration	Paris	75	1	https://www.pizza-casa-diroma.com/
pizza-charly.com	Pizza Charly	restauration	Marseille	13	1	https://www.pizza-charly.com/
pizza-cinq-paris18.fr	Pizza Cinq	restauration	Paris	75	1	https://www.pizza-cinq-paris18.fr/
pizza-city.fr	Pizza City	restauration	Lille	59	1	https://pizza-city.fr/halluin/
pizza-cresci-nice.com	La Pizza Cresci	restauration	Nice	6	1	https://www.pizza-cresci-nice.com
pizza-de-bordeneuve.com	Pizza Bordeneuve	restauration	Toulouse	31	1	https://www.pizza-de-bordeneuve.com/
pizza-digenova.fr	Pizza Di Genova	restauration	Paris	75	1	https://www.pizza-digenova.fr
pizza-don-pepe.fr	Don Pépé	restauration	Paris	75	1	https://www.pizza-don-pepe.fr
pizza-dor.fr	Pizza D'Or	restauration	Nice	6	1	https://pizza-dor.fr/
pizza-firmis-toulouse.eatbu.com	Pizza firmis	restauration	Toulouse	31	1	https://pizza-firmis-toulouse.eatbu.com/?lang=fr
pizza-lands-restaurant-saint-priest.eatbu.com	Pizza Lands	restauration	Lyon	69	1	https://pizza-lands-restaurant-saint-priest.eatbu.com
pizza-lemaestro.fr	Pizza Maestro	restauration	Paris	75	1	https://www.pizza-lemaestro.fr/
pizza-les2frangins.com	Les 2 Frangins	restauration	Marseille	13	1	https://www.pizza-les2frangins.com
pizza-lopez.fr	Pizza Lopez	restauration	Toulouse	31	1	https://pizza-lopez.fr/contact-carmes/
pizza-mama.com	Pizza Mama	restauration	Nice	6	1	https://pizza-mama.com/
pizza-medoquine.com	Pizzéria la Médoquine	restauration	Bordeaux	33	1	https://www.pizza-medoquine.com/
pizza-mezzora.fr	Pizza Mezzora	restauration	Paris	75	1	https://pizza-mezzora.fr/
pizza-mia-genay.eatbu.com	Pizza Mia	restauration	Lyon	69	1	https://pizza-mia-genay.eatbu.com/
pizza-mongelli.com	Pizza Mongelli Labège	restauration	Toulouse	31	1	https://www.pizza-mongelli.com/reservation-mongelli-labege/
pizza-napoli-06.fr	Pizza Napoli	restauration	Nice	6	1	https://www.pizza-napoli-06.fr/
pizza-ottimas.fr	Pizza Ottima's	restauration	Paris	75	1	https://pizza-ottimas.fr/
pizza-pepino.com	Pizza Pepino	restauration	Paris	75	1	https://www.pizza-pepino.com/
pizza-prades.fr	Grazie Mille	restauration	Montpellier	34	1	https://pizza-prades.fr/
pizza-regina.com	Pizza Régina	restauration	Strasbourg	67	1	https://www.pizza-regina.com/
pizza-saveurs.fr	Pizza Saveurs	restauration	Lille	59	1	https://www.pizza-saveurs.fr/
pizza-service94.fr	Pizza Service	restauration	Paris	75	1	https://www.pizza-service94.fr/
pizza-services.com	Pizza Service	restauration	Paris	75	1	https://www.pizza-services.com/
pizza-time.fr	Pizza Time	restauration	Lille	59	1	https://www.pizza-time.fr/
pizza-titi.com	Pizza TiTi	restauration	Marseille	13	1	https://www.pizza-titi.com/
pizza-zio.fr	Pizza Zio	restauration	Lille	59	1	https://www.pizza-zio.fr/
pizza.dominos.fr	Domino's	restauration	Lyon	69	1	http://pizza.dominos.fr/magasin/lyon-7-sud_69007
pizza67illkirch.com	Pizza 67	restauration	Strasbourg	67	1	http://pizza67illkirch.com/
pizzabeaumont.fr	La Baguette Impériale	restauration	Marseille	13	1	http://www.pizzabeaumont.fr/
pizzabeneto.eatbu.com	Pizza Beneto	restauration	Paris	75	1	https://pizzabeneto.eatbu.com
pizzabonici.com	Pizza Bonici	restauration	Toulouse	31	1	https://pizzabonici.com/toulouse-crampel/
pizzacap.fr	Pizza Cap	restauration	Toulouse	31	1	https://www.pizzacap.fr/
pizzacapricci.com	Pizza Capricci	restauration	Lyon	69	1	https://pizzacapricci.com/
pizzacaprilille.com	Pizza Capri	restauration	Lille	59	1	https://pizzacaprilille.com/
pizzacaprimontpellier.com	Pizza Capri	restauration	Montpellier	34	1	https://www.pizzacaprimontpellier.com/
pizzacentermilano-paris.com	Center Milano	restauration	Paris	75	1	https://www.pizzacentermilano-paris.com/
pizzacentermilano.com	Pizza Center Milano	restauration	Paris	75	1	http://pizzacentermilano.com/
pizzachelles.com	Pizza Chelles	restauration	Paris	75	1	https://www.pizzachelles.com/
pizzacie-95.webselfsite.net	Pizza & Cie	restauration	Montpellier	34	1	https://pizzacie-95.webselfsite.net
pizzacloud.fr	Pizza Cloud	restauration	Paris	75	1	https://www.pizzacloud.fr/
pizzacosy.fr	Pizza Cosy	restauration	Paris	75	1	https://pizzacosy.fr/pizzeria-chaville?utm_source=google&utm_medium=organic&utm_campaign=mybusiness-website
pizzadafrancesco.com	Francesco	restauration	Nice	6	1	https://www.pizzadafrancesco.com/
pizzadastefano.fr	PIZZA & PASTA STEFANO	restauration	Toulouse	31	1	http://pizzadastefano.fr
pizzadelambre.com	Pizza Delambre	restauration	Paris	75	1	https://pizzadelambre.com/
pizzadelameinau.com	Pizza de la Meinau	restauration	Strasbourg	67	1	https://pizzadelameinau.com/
pizzadelicieuse.fr	Pizza délicieuse	restauration	Lyon	69	1	https://pizzadelicieuse.fr/
pizzadelormeau.com	Pizza de l'Ormeau	restauration	Toulouse	31	1	http://www.pizzadelormeau.com/
pizzadelpassato.fr	Pizza Del Passato	restauration	Bordeaux	33	1	https://pizzadelpassato.fr
pizzadesdeuxrives.fr	Pizza des Deux Rives - Port du Rhin	restauration	Strasbourg	67	1	https://pizzadesdeuxrives.fr/
pizzadesprovinces.fr	Pizza des Provinces	restauration	Lyon	69	1	https://pizzadesprovinces.fr/
pizzadimama.fr	Pizza di Mama	restauration	Toulouse	31	1	https://www.pizzadimama.fr/
pizzaenzo.com	Enzo	restauration	Bordeaux	33	1	https://pizzaenzo.com/
pizzafalicon-nice.fr	Pizza falicon	restauration	Nice	6	1	https://www.pizzafalicon-nice.fr/
pizzagirlparis.com	Pizza Girl	restauration	Paris	75	1	https://www.pizzagirlparis.com
pizzagood95.fr	Pizza good	restauration	Paris	75	1	https://www.pizzagood95.fr/
pizzahit.fr	Pizza Hit	restauration	Lyon	69	1	http://www.pizzahit.fr
pizzahotaufeudebois.fr	Pizza Hot	restauration	Bordeaux	33	1	https://pizzahotaufeudebois.fr/
pizzahut.fr	Pizza Hut	restauration	Lille	59	3	http://pizzahut.fr
pizzajohns.fr	John's Pizza	restauration	Paris	75	1	https://www.pizzajohns.fr
pizzalabella.fr	Pizza La Bella	restauration	Nice	6	1	https://www.pizzalabella.fr/
pizzalacharmeuse.com	Pizza Nostra La Charmeuse	restauration	Paris	75	1	https://pizzalacharmeuse.com/
pizzalardenne.eatbu.com	Pizza Le Napoli	restauration	Toulouse	31	1	https://pizzalardenne.eatbu.com/
pizzalatosca.fr	La Tosca	restauration	Toulouse	31	1	http://pizzalatosca.fr/
pizzamalta.fr	Pizza Malta	restauration	Marseille	13	1	https://pizzamalta.fr/
pizzamamma78.fr	Allo Pizza Mamma	restauration	Paris	75	1	https://www.pizzamamma78.fr
pizzamap.fr	ISA restauration	restauration	Strasbourg	67	1	http://www.pizzamap.fr
pizzamargot.com	Pizza Margot	restauration	Montpellier	34	1	https://www.pizzamargot.com
pizzamarsala.fr	Pizza Marsala	restauration	Montpellier	34	1	https://www.pizzamarsala.fr/
pizzamarseille.fr	Casa Pizza	restauration	Marseille	13	1	http://www.pizzamarseille.fr/
pizzamilano91.fr	Milano Pizza 91	restauration	Paris	75	1	https://www.pizzamilano91.fr/
pizzamirabeau.com	Pizzeria Le Convention	restauration	Paris	75	1	https://www.pizzamirabeau.com/
pizzanicoramonville.fr	Pizza Coco Rocco	restauration	Toulouse	31	1	https://pizzanicoramonville.fr
pizzanovabessancourt.fr	Pizza Nova	restauration	Paris	75	1	https://www.pizzanovabessancourt.fr/
pizzaofeudebois.fr	Pizza Ô feu de bois	restauration	Toulouse	31	1	https://www.pizzaofeudebois.fr/
pizzapai.fr	Pizza Paï	restauration	Lille	59	1	https://www.pizzapai.fr/blog/restaurant/presto-pizza-pai-faches/
pizzapapa.fr	Pizza Papa	restauration	Toulouse	31	3	https://www.pizzapapa.fr/
pizzapapadistelo.com	Pizza Papa Distello	restauration	Toulouse	31	1	https://www.pizzapapadistelo.com/
pizzapierre.fr	Pizza Pierre	restauration	Toulouse	31	1	https://www.pizzapierre.fr/
pizzapierrot.com	Pizza Pierrot	restauration	Montpellier	34	2	https://pizzapierrot.com/topic/index.html
pizzapise.fr	Pizza Pise	restauration	Bordeaux	33	1	http://www.pizzapise.fr
pizzapronto.fr	Pizza Pronto	restauration	Paris	75	1	https://pizzapronto.fr/
pizzaprontoris.com	Pronto Pizza	restauration	Paris	75	1	https://www.pizzaprontoris.com/
pizzarella59.fr	Pizza Rella	restauration	Lille	59	1	https://www.pizzarella59.fr/
pizzarena.fr	Pizz'Arena	restauration	Toulouse	31	1	https://pizzarena.fr/
pizzarenard.fr	Pizza Renard	restauration	Strasbourg	67	4	https://www.pizzarenard.fr
pizzaromanella.business.site	Pizza Romanella	restauration	Paris	75	1	https://pizzaromanella.business.site
pizzas-kiki.com	Pizzas Kiki	restauration	Bordeaux	33	1	https://www.pizzas-kiki.com/
pizzasainteanne.com	Pizza Sainte Anne	restauration	Marseille	13	1	https://pizzasainteanne.com/
pizzaservice.fr	Pizza Service	restauration	Paris	75	1	http://pizzaservice.fr/pizzeria/st-denis/
pizzastreet.fr	Pizza Street	restauration	Montpellier	34	1	https://www.pizzastreet.fr/
pizzataiba.com	Taîba - Pizza & Sandwich	restauration	Paris	75	1	https://www.pizzataiba.com/pizzas.html
pizzatime.fr	Pizza Time	restauration	Paris	75	1	https://pizzatime.fr/
pizzatimes.fr	Pizza Times	restauration	Paris	75	1	http://www.pizzatimes.fr/
pizzatogo-nice.com	Pizza To Go	restauration	Nice	6	1	https://pizzatogo-nice.com/
pizzatoy.com	Pizza Di Padova	restauration	Paris	75	1	https://www.pizzatoy.com/PagePizzeria/PizzaDiPadova-78230-LePecq-tel_0139160516.html
pizzatti.fr	Piz'zatti	restauration	Nice	6	1	https://www.pizzatti.fr/
pizzaval.com	Pizza Val	restauration	Toulouse	31	1	https://www.pizzaval.com/
pizzawest.fr	Pizza West	restauration	Paris	75	1	https://www.pizzawest.fr/
pizzaworld.fr	Pizza World	restauration	Nice	6	1	https://www.pizzaworld.fr/
pizze-e-sfizi.fr	Pizze & Sfizi	restauration	Marseille	13	1	https://www.pizze-e-sfizi.fr/
pizze-nice.com	Pizze Nice Ouest	restauration	Nice	6	1	https://pizze-nice.com/
pizzeebasta.com	Pizze e Basta Cosi	restauration	Toulouse	31	1	https://www.pizzeebasta.com/
pizzeria-alexis.fr	Pizzeria d'Alexis	restauration	Toulouse	31	1	http://www.pizzeria-alexis.fr/
pizzeria-alfornello.com	Pizzeria Al Fornello	restauration	Lille	59	1	https://www.pizzeria-alfornello.com/
pizzeria-amulino.fr	Pizzeria Amulino	restauration	Marseille	13	1	https://www.pizzeria-amulino.fr/
pizzeria-bambino-toulouse.com	Pizzeria Bambino	restauration	Toulouse	31	1	https://www.pizzeria-bambino-toulouse.com/
pizzeria-beau-soleil.netlify.app	Pizzeria Beau Soleil	restauration	Toulouse	31	1	https://pizzeria-beau-soleil.netlify.app/
pizzeria-chez-bardito.eatbu.com	Chez Bardito	restauration	Toulouse	31	1	https://pizzeria-chez-bardito.eatbu.com/?lang=fr
pizzeria-jiovanni-cestas.fr	Jiovanni Pizzeria	restauration	Bordeaux	33	1	https://pizzeria-jiovanni-cestas.fr/
pizzeria-la-dioza.fr	La dioza	restauration	Lille	59	1	https://www.pizzeria-la-dioza.fr
pizzeria-la-mama.fr	La Mama	restauration	Bordeaux	33	1	http://www.pizzeria-la-mama.fr/site.html
pizzeria-la-mona.com	Pizzeria La Mona	restauration	Bordeaux	33	1	http://www.pizzeria-la-mona.com
pizzeria-la-terrasse.com	Pizzeria La Terrasse	restauration	Bordeaux	33	1	http://pizzeria-la-terrasse.com
pizzeria-laprovence.fr	La Provence	restauration	Nice	6	1	https://pizzeria-laprovence.fr/
pizzeria-les-arcades.eatbu.com	Les Arcades	restauration	Nice	6	1	https://pizzeria-les-arcades.eatbu.com
pizzeria-levisconti-pessac.fr	Le Visconti	restauration	Bordeaux	33	1	https://www.pizzeria-levisconti-pessac.fr/
pizzeria-luigi-pepone.business.site	Pizzeria Luigi Pepone	restauration	Paris	75	1	https://pizzeria-luigi-pepone.business.site
pizzeria-montesquieu.com	Allo Pizza	restauration	Bordeaux	33	1	http://pizzeria-montesquieu.com/
pizzeria-olivade.com	L'Olivade	restauration	Toulouse	31	1	https://www.pizzeria-olivade.com/
pizzeria-pascalou-teyran.fr	Le Pascalou	restauration	Montpellier	34	1	http://www.pizzeria-pascalou-teyran.fr
pizzeria-piccola-italia.fr	Piccola Italia	restauration	Paris	75	1	https://www.pizzeria-piccola-italia.fr/
pizzeria-pizzellacambes.fr	Pizzella Cambes	restauration	Bordeaux	33	1	https://pizzeria-pizzellacambes.fr
pizzeria-rizzuto.eatbu.com	Rizzuto	restauration	Bordeaux	33	1	https://pizzeria-rizzuto.eatbu.com/
pizzeria-saint-denis.fr	Stadium Pizza	restauration	Paris	75	1	https://www.pizzeria-saint-denis.fr/
pizzeria-stazione-cassis.com	La Pizzeria della Stazione	restauration	Marseille	13	1	https://www.pizzeria-stazione-cassis.com/
pizzeria-vitano.fr	Vitano Pizzeria	restauration	Toulouse	31	1	https://pizzeria-vitano.fr/
pizzeriabellini.fr	Bellini	restauration	Toulouse	31	1	https://www.pizzeriabellini.fr/
pizzeriadelsesto.com	Pizzeria del Sesto	restauration	Paris	75	1	https://www.pizzeriadelsesto.com
pizzeriadescopains.fr	Pizzeria des Copains	restauration	Bordeaux	33	1	https://pizzeriadescopains.fr/
pizzeriadesmontsdor.fr	Pizzeria des Monts d'Or	restauration	Lyon	69	1	https://www.pizzeriadesmontsdor.fr
pizzeriadicalabria.jimdofree.com	Di Calabria	restauration	Paris	75	1	https://pizzeriadicalabria.jimdofree.com/
pizzeriadieci.fr	Dieci	restauration	Bordeaux	33	1	https://www.pizzeriadieci.fr/
pizzeriadulycee.eatbu.com	Pizzeria du Lycée	restauration	Paris	75	1	https://pizzeriadulycee.eatbu.com
pizzeriaduvillage.fr	Pizzeria du village	restauration	Lyon	69	1	https://www.pizzeriaduvillage.fr
pizzeriafino.fr	Pizzeria Fino	restauration	Montpellier	34	1	https://pizzeriafino.fr/
pizzeriailfornetto.fr	Il Fornetto	restauration	Montpellier	34	1	https://pizzeriailfornetto.fr/
pizzerialachamade.fr	La Chamade Burger	restauration	Nice	6	1	https://pizzerialachamade.fr/
pizzerialamano.fr	La Mano Pizzerria Vauban	restauration	Marseille	13	1	https://pizzerialamano.fr/
pizzerialamarguerite.com	La Marguerite	restauration	Toulouse	31	1	https://pizzerialamarguerite.com/
pizzerialeggerezza.fr	Leggerezza	restauration	Lille	59	1	https://www.pizzerialeggerezza.fr
pizzerialegrenier.fr	Pizzeria Le Grenier	restauration	Lille	59	1	https://pizzerialegrenier.fr/Wordpress/
pizzeriamonegasque.mc	Pizzeria Monégasque	restauration	Nice	6	1	https://www.pizzeriamonegasque.mc/
pizzerias.basilic-and-co.com	Basilic & Co	restauration	Lille	59	1	https://pizzerias.basilic-and-co.com/fr/restaurant-pizza-terroir/rue-nationale-lille/
pizzerias.tutti-pizza.com	Pizza Capri	restauration	Toulouse	31	1	https://pizzerias.tutti-pizza.com/54-tutti-pizza-capitole
pizzeriasanlorenzo.fr	Pizza San Lorenzo	restauration	Toulouse	31	1	https://pizzeriasanlorenzo.fr/
pizzeriasicilia.fr	Sicilia	restauration	Montpellier	34	1	https://www.pizzeriasicilia.fr/
pizzexpress.fr	Pizz'Express Foodtruck	restauration	Lille	59	1	https://pizzexpress.fr
pizzicata-nice.com	Pizzicata	restauration	Nice	6	1	https://pizzicata-nice.com/
placedeshalles.com	Subway	restauration	Strasbourg	67	3	https://www.placedeshalles.com/subway/
placedesoliviers.fr	Place des Oliviers	restauration	Lille	59	1	https://www.placedesoliviers.fr/restaurants
placenearme.org	Creatif Vero	beaute_bienetre	Paris	75	4	https://placenearme.org/coupes-tendances/?q=crea+tif+vero
plafonds-millenium.fr	Plafonds Millenium	artisanat_btp	Nancy	54	1	http://plafonds-millenium.fr
plagebonaventure.fr	Bonaventure	restauration	Montpellier	34	1	https://www.plagebonaventure.fr/
plagecarrebleu.com	Carré Bleu	restauration	Nice	6	1	https://www.plagecarrebleu.com/
plagedeslezards.fr	La Plage des Lézards	restauration	Montpellier	34	1	https://plagedeslezards.fr
plagenicebeaurivage.com	Plage Beau Rivage	restauration	Nice	6	1	https://plagenicebeaurivage.com
plaise-cafe.com	Le PL'aise	restauration	Lille	59	1	https://www.plaise-cafe.com
plandecampagne.com	La Cantine d'Édouard	restauration	Marseille	13	2	https://www.plandecampagne.com/annuaire/la-cantine-dedouard/
planet-pasta.com	Planet Pasta	restauration	Nice	6	1	https://planet-pasta.com/
planetalis.com	Planetalis	restauration	Toulouse	31	1	https://planetalis.com/
planetecoiffurebeaute.fr	Planète Coiffure Beauté	beaute_bienetre	Paris	75	1	https://www.planetecoiffurebeaute.fr/
planetevelo-lyon.com	Planète Vélo	services_proximite	Lyon	69	1	https://www.planetevelo-lyon.com/
planetsushi.fr	Planet Sushi Paris - Madeleine	restauration	Paris	75	1	https://www.planetsushi.fr/nos-restaurants/planet-sushi-paris-madeleine
planity.onelink.me	Bella Beauty	beaute_bienetre	Paris	75	1	https://planity.onelink.me/6gtd/fb7o0qnz
platanepizza.com	Platane Pizza	restauration	Paris	75	1	https://www.platanepizza.com/
platinium-paris6.fr	Platinium	beaute_bienetre	Paris	75	1	https://www.platinium-paris6.fr
platogourmand.fr	Plat'O Gourmand	restauration	Toulouse	31	1	https://platogourmand.fr/
playfood.fr	Playfood	restauration	Montpellier	34	1	https://www.playfood.fr/
plea.fr	Plea	automobile	Metz	57	1	https://www.plea.fr
plomberie-chauffage-lebreton.fr	Lebreton	artisanat_btp	Caen	14	1	https://www.plomberie-chauffage-lebreton.fr
plomberie-ciaravino.fr	Ciaravino	artisanat_btp	Lyon	69	1	https://plomberie-ciaravino.fr/
plomberie-ldj.com	L.D.J	artisanat_btp	Paris	75	1	https://www.plomberie-ldj.com
plomberie-toesca.fr	Plomberie Toesca	artisanat_btp	Lyon	69	1	https://www.plomberie-toesca.fr
plomberiechampenoise.fr	Plomberie Champenoise	artisanat_btp	Reims	51	1	https://www.plomberiechampenoise.fr/
plomberiexpress.eu	Plomberie Express Plombier Paris	artisanat_btp	Paris	75	1	https://www.plomberiexpress.eu
plombi-chauffe-91.fr	Plombi-Chauffe 91	artisanat_btp	Paris	75	1	https://plombi-chauffe-91.fr
plombier-lyon7.fr	Abadom	artisanat_btp	Lyon	69	1	https://plombier-lyon7.fr
plombiers.com	Boulesteix SAS	artisanat_btp	Lyon	69	2	https://plombiers.com/plombier-boulesteix-sainte-foy-les-lyon.html
pmb.fr	Point Midi Batteries	automobile	Lyon	69	1	http://pmb.fr/magasins
pneu-discount.org	Pneus Discount	automobile	Nimes	30	1	https://pneu-discount.org/
pneus-est-service.fr	Pneus Est Service	automobile	Metz	57	1	https://pneus-est-service.fr
pneus-heidenau.fr	Heidenau Reifen France	automobile	Strasbourg	67	1	http://www.pneus-heidenau.fr
pneusandco.com	Pneus & Co	automobile	Montpellier	34	1	https://www.pneusandco.com/
pnyburger.com	PNY FAUBOURG SAINT ANTOINE	restauration	Paris	75	1	https://www.pnyburger.com/
pocha-restaurant.fr	Pocha !	restauration	Paris	75	1	https://www.pocha-restaurant.fr
poco-loco-restaurant-nice.eatbu.com	Poco Loco	restauration	Nice	6	1	https://poco-loco-restaurant-nice.eatbu.com/
podium.cc	Podium.cc	services_proximite	Paris	75	1	https://www.podium.cc
poggetti.fr	Poggetti	restauration	Bordeaux	33	1	https://poggetti.fr
poggicup.com	Poggi Cup	restauration	Paris	75	1	http://poggicup.com/
poggio-restaurant.com	Poggio	restauration	Lille	59	1	http://poggio-restaurant.com/
point-sun.fr	Point Sun	beaute_bienetre	Paris	75	1	https://point-sun.fr/point-sun-creteil/
pointb-officiel.com	Point B	restauration	Paris	75	1	https://pointb-officiel.com/
pointfenetre.com	Point Fenêtre	artisanat_btp	Nancy	54	1	https://pointfenetre.com/
points.fr	Centre Auto	automobile	Toulouse	31	8	https://www.points.fr/centre/bl-auto-services-labege/
pointsoleil.com	Point Soleil	beaute_bienetre	Paris	75	1	https://pointsoleil.com/
pointvelo.com	Au Point Vélo Hollandais	services_proximite	Paris	75	1	https://www.pointvelo.com/
pois-gourmand.fr	Au Pois Gourmand	restauration	Toulouse	31	1	https://pois-gourmand.fr/
pokawa.com	Pokawa	restauration	Paris	75	1	https://pokawa.com/fr_fr/
poke-avenue.fr	Poke Avenue	restauration	Montpellier	34	1	https://poke-avenue.fr/
poke-house.com	Poke House	restauration	Paris	75	1	https://poke-house.com
poke-sun.fr	Poke Sun	restauration	Paris	75	1	https://www.poke-sun.fr
pokeandco92.fr	Poke and Co	restauration	Paris	75	1	https://www.pokeandco92.fr
pokelab.fr	Poké Lab	restauration	Toulouse	31	1	https://www.pokelab.fr/
pokeloco.fr	Poké loco	restauration	Lyon	69	1	https://pokeloco.fr
pokeshopparis.fr	Poké Shop	restauration	Paris	75	1	https://pokeshopparis.fr/en/locations/4672470413060603930
poketeria.fr	Poketeria	restauration	Toulouse	31	1	https://www.poketeria.fr/
pokewok31.fr	Pokewok	restauration	Toulouse	31	1	https://pokewok31.fr/
pokipoki.fr	Poki Poki	restauration	Paris	75	1	https://www.pokipoki.fr
pokoshi.fr	Pokoshi	restauration	Toulouse	31	1	https://pokoshi.fr
polato-constructions.fr	Polato Constructions	artisanat_btp	Toulouse	31	1	https://www.polato-constructions.fr/
polbert.fr	Le Polbert	restauration	Lille	59	1	https://www.polbert.fr/
pollyandcie.com	Polly and Cie	restauration	Nice	6	2	https://www.pollyandcie.com/
polognefenetres.com	Pologne Fenetres Boulogne	artisanat_btp	Paris	75	1	http://www.polognefenetres.com/
pommecactus-bordeaux.fr	Pomme Cactus - Restaurant Patisserie	restauration	Bordeaux	33	1	https://pommecactus-bordeaux.fr/
pommedepain.fr	Pomme de Pain	restauration	Paris	75	1	https://pommedepain.fr/accueil/nos-adresses/paris-2/
pont-et-pignons.fr	Maison du vélo - Pont et Pignons	services_proximite	Saint-Etienne	42	1	https://www.pont-et-pignons.fr/
popafood.com	Popafood	restauration	Toulouse	31	1	https://www.popafood.com
popcycle.fr	Popcycle	services_proximite	Paris	75	1	https://www.popcycle.fr/
popeyes.com	Popeyes	restauration	Paris	75	1	https://www.popeyes.com/store-locator/store/restaurant_883455
popeyesfrance.fr	Popeyes	restauration	Paris	75	1	https://popeyesfrance.fr/restaurants/la-defense
popi-pizza.fr	Popi Pizza	restauration	Toulouse	31	1	http://popi-pizza.fr/
popncut.fr	Pop'n Cut	beaute_bienetre	Nantes	44	1	https://www.popncut.fr/
popot.paris	Popot'	restauration	Paris	75	1	https://www.popot.paris
popote-et-papote.business.site	Popote & Papote	restauration	Paris	75	1	https://popote-et-papote.business.site/
popotebistrot.com	Popote	restauration	Nice	6	1	https://popotebistrot.com
popotes.fr	Popotes	restauration	Lyon	69	1	https://popotes.fr
poppiespizza.fr	Poppies pizza	restauration	Paris	75	1	https://www.poppiespizza.fr/
popskin.fr	PopSkin	beaute_bienetre	Saint-Etienne	42	1	https://popskin.fr/
posto-17-nice.fr	Posto 17	restauration	Nice	6	1	https://posto-17-nice.fr
poumtchak.paris	Atelier Poum Tchak	services_proximite	Paris	75	1	https://poumtchak.paris/
pourquoi-ailleurs.fr	L’atelier N10	beaute_bienetre	Toulouse	31	3	https://pourquoi-ailleurs.fr/salon-de-coiffure-pourquoi-ailleurs-toulouse
poussesmontreuil.com	Pousses	restauration	Paris	75	1	https://www.poussesmontreuil.com
powok.fr	Powok	restauration	Lyon	69	1	https://powok.fr/
poz-pasta.fr	Poz'pasta	restauration	Montpellier	34	1	https://poz-pasta.fr
pozzapizza.fr	Pozz'a Pizza	restauration	Montpellier	34	1	https://www.pozzapizza.fr/
ppds.fr	PPDS Menuiserie	artisanat_btp	Reims	51	1	https://www.ppds.fr/
precisium.fr	PRECISIUM JC Automobile	automobile	Bayonne	64	1	https://www.precisium.fr/prendre-rendez-vous/?rdv=CUST-107578&mtm_kwd=precisium-garage
premiummassage.fr	Premium Massage	beaute_bienetre	Lyon	69	1	https://premiummassage.fr
prenezunepause.fr	Prenez Une Pause	beaute_bienetre	Toulouse	31	1	http://www.prenezunepause.fr
pressandco.fr	Maison Le Marois	services_proximite	Paris	75	1	https://www.pressandco.fr
pressclean.business.site	Press Clean	services_proximite	Paris	75	1	https://pressclean.business.site/
pressing-des-bois.com	Michel Pressing des Bois	services_proximite	Paris	75	1	https://pressing-des-bois.com
pressing-ecoquartier-rueil.fr	Aqua blue	services_proximite	Paris	75	1	https://www.pressing-ecoquartier-rueil.fr/
pressing-hygia-services.fr	Hygia	services_proximite	Paris	75	1	https://www.pressing-hygia-services.fr/
pressing-le-maitre.business.site	Le Maitre System	services_proximite	Paris	75	1	https://pressing-le-maitre.business.site/
pressing-lucifer-91.com	Pressing Lucifer	services_proximite	Paris	75	1	https://www.pressing-lucifer-91.com/
pressing-nco.com	Pressing'nco	services_proximite	Toulouse	31	1	https://www.pressing-nco.com/
pressing-nice-lepante.fr	Pressing Lépante	services_proximite	Nice	6	1	https://www.pressing-nice-lepante.fr/
pressing-parc-heller.fr	Pressing du Parc Heller	services_proximite	Paris	75	1	https://www.pressing-parc-heller.fr/
pressing-suresnes.com	Pressing Eco-Clean	services_proximite	Paris	75	1	https://www.pressing-suresnes.com/
pressing92.fr	Pressing de la gare	services_proximite	Paris	75	1	https://www.pressing92.fr/pressing-de-la-gare
pressingalmadis.wordpress.com	Almadies Pressing	services_proximite	Rennes	35	1	https://pressingalmadis.wordpress.com/
pressingdelagare.fr	Pressing de la gare	services_proximite	Paris	75	1	http://pressingdelagare.fr
pressingdeschampslibres.com	Pressing des Champs Libres	services_proximite	Rennes	35	1	https://pressingdeschampslibres.com/
pressingdeslices.com	Pressing des Lices	services_proximite	Rennes	35	1	https://pressingdeslices.com/
pressingdesursulines.business.site	Pressing des Ursulines	services_proximite	Paris	75	1	https://pressingdesursulines.business.site/
pressingduparc.com	Pressing du Parc	services_proximite	Rennes	35	1	https://pressingduparc.com/
pressingduroucasblanc.fr	Pressing du Roucas Blanc	services_proximite	Marseille	13	1	http://www.pressingduroucasblanc.fr/
pressingduvieuxlille.com	Pressing du vieux lille	services_proximite	Lille	59	1	https://pressingduvieuxlille.com/
pressingleluxembourg.com	Le Luxembourg	services_proximite	Paris	75	1	http://www.pressingleluxembourg.com
pressingruedeparis.com	Paris Pressing	services_proximite	Rennes	35	1	https://pressingruedeparis.com/
pressingsaintfrancois.com	Pressing Saint-François	services_proximite	Paris	75	1	http://www.pressingsaintfrancois.com/
prestacycles.com	Prestacycles	services_proximite	Lyon	69	1	https://prestacycles.com/
prestadomicile80.fr	Prest' à domicile	artisanat_btp	Amiens	80	1	https://www.prestadomicile80.fr/
prestigedermocosmetique.com	Prestige Dermo-cosmétique	beaute_bienetre	Lyon	69	1	https://www.prestigedermocosmetique.com/
prestigegaribaldi.fr	Prestige Garibaldi	automobile	Lyon	69	1	https://www.prestigegaribaldi.fr/
presto-pizza.e-monsite.com	Presto Pizza	restauration	Lyon	69	1	https://presto-pizza.e-monsite.com/
presto-tandoori-cornebarieu.eatbu.com	Presto Tandoori	restauration	Toulouse	31	1	https://presto-tandoori-cornebarieu.eatbu.com/?lang=en
presto-velo.com	Presto Vélo	services_proximite	Toulouse	31	1	https://www.presto-velo.com/
pretamanger.fr	Pret A Manger	restauration	Paris	75	1	http://pretamanger.fr
preyacycles.com	Preya Cycle	services_proximite	Paris	75	1	http://preyacycles.com/
primafabbrica.fr	Prima Fabbrica	restauration	Toulouse	31	1	https://www.primafabbrica.fr/
primavoltanice.fr	Prima Volta	restauration	Nice	6	1	https://primavoltanice.fr/
primea.fr	Primea	artisanat_btp	Bordeaux	33	4	https://www.primea.fr/
privateaser.com	Madre	restauration	Lille	59	3	https://www.privateaser.com/lieu/45857-madre
pro-electro.com	Pro Électro Pièces	services_proximite	Grenoble	38	1	http://www.pro-electro.com/
pro-renovation95.fr	Pro Rénovation	artisanat_btp	Paris	75	1	https://www.pro-renovation95.fr/
pro-techfermeture.fr	Pro-Tech Fermeture	artisanat_btp	Paris	75	1	https://www.pro-techfermeture.fr
probikeshop.fr	Ambassade Probikeshop	services_proximite	Lyon	69	1	https://www.probikeshop.fr
processequipementindustriel.com	Process Équipement Industriel	artisanat_btp	Dijon	21	1	https://www.processequipementindustriel.com/
procopio-restaurant-merignac.fr	Le procopio	restauration	Bordeaux	33	1	https://www.procopio-restaurant-merignac.fr/
procryo.net	Procryo	beaute_bienetre	Paris	75	1	https://www.procryo.net/
professionmenuisier.fr	Profession Menuisier	artisanat_btp	Perpignan	66	1	https://www.professionmenuisier.fr/
profilbeauteparis.com	Profil Beauté	beaute_bienetre	Paris	75	1	https://www.profilbeauteparis.com
profilplus.fr	Profil Plus Nantes	automobile	Nantes	44	3	https://www.profilplus.fr/agences/68-nantes
progettonapoletano.com	Progetto Napoletano	restauration	Lille	59	1	https://www.progettonapoletano.com
projectyon.com	Projectyon	beaute_bienetre	Rouen	76	1	https://projectyon.com/
projetboussole.fr	Projet Boussole	services_proximite	Paris	75	1	https://projetboussole.fr/
prontocasapasta.com	Pronto Casa Pasta	restauration	Strasbourg	67	1	https://prontocasapasta.com/
propallia.fr	Propallia	services_proximite	Paris	75	1	https://www.propallia.fr
propetnet.fr	Prop' et Net	services_proximite	Paris	75	1	https://www.propetnet.fr
propose-fermetures.fr	Pro'pose Fermetures	artisanat_btp	Paris	75	1	https://propose-fermetures.fr/
proprepressing.fr	Propre	services_proximite	Paris	75	1	https://www.proprepressing.fr
provencenature.com	Provence Nature	beaute_bienetre	Rouen	76	1	https://www.provencenature.com/
proxium.fr	Proxium	services_proximite	Paris	75	1	https://www.proxium.fr
proxiwash.com		services_proximite	Toulouse	31	2	https://www.proxiwash.com/laverie?code=b310b7
ptit18-bordeaux.eatbu.com	Le P'tit 18	restauration	Bordeaux	33	1	https://ptit18-bordeaux.eatbu.com/
ptitepoutine.co	P'tite Poutine	restauration	Lille	59	1	https://ptitepoutine.co
pub-jacques.fr	Jacques	restauration	Toulouse	31	1	https://pub-jacques.fr/
punjabbordeaux.fr	Punjab Bordeaux	restauration	Bordeaux	33	1	https://punjabbordeaux.fr/
pur-paris.com	Pur	beaute_bienetre	Paris	75	1	https://pur-paris.com
purebraise.fr	Pure Braise	restauration	Marseille	13	1	https://purebraise.fr/
purvelo.fr	Pur Vélo	services_proximite	Paris	75	1	http://www.purvelo.fr
puymeynac.fr	PUYMEYNAC	restauration	Bordeaux	33	1	https://www.puymeynac.fr/
pvcsystem.fr	Pvc & Alu System	artisanat_btp	Toulouse	31	1	https://www.pvcsystem.fr
pvcsysteme.fr	PVC Systeme	artisanat_btp	Lyon	69	1	https://www.pvcsysteme.fr/
py-r.com	PY-R	restauration	Toulouse	31	1	https://www.py-r.com
pylcoiffure.com	Pierre Yves Lila	beaute_bienetre	Paris	75	1	https://www.pylcoiffure.com
pyrenees-jardin.com	Pyrénées Jardin Concept	artisanat_btp	Pau	64	1	https://www.pyrenees-jardin.com/
q.mcdo.fr	McDonald's	restauration	Paris	75	1	https://q.mcdo.fr/menus
qee.fr	Qee	beaute_bienetre	Paris	75	1	https://qee.fr/
qiangdynastie.com	Qiang Dynastie	restauration	Bordeaux	33	1	https://qiangdynastie.com/
qipao.fr	Qipao	beaute_bienetre	Paris	75	4	https://www.qipao.fr
qiwisushi.com	Qiwi sushi	restauration	Nice	6	1	https://qiwisushi.com/
qr1.be	Massoin	beaute_bienetre	Paris	75	1	https://qr1.be/02MK
quai38-lille.fr	Quai 38	restauration	Lille	59	1	https://quai38-lille.fr/
quaidesartistes.com	Quai des Artistes	restauration	Nice	6	1	https://quaidesartistes.com/
quanta.asso.fr	Ferme Petitprez	restauration	Lille	59	1	http://www.quanta.asso.fr/
quartiergourmet.fr	Quartier Gourmet	restauration	Bordeaux	33	1	https://www.quartiergourmet.fr/
quartierlibre-marseille.fr	Restaurant Quartier Libre	restauration	Marseille	13	1	https://quartierlibre-marseille.fr/fr
quatrieme-mur.com	Le Quatrième Mur	restauration	Bordeaux	33	1	https://quatrieme-mur.com/
quebola-paris.fr	Qué Bola	restauration	Paris	75	1	https://quebola-paris.fr
queenienailsparis.fr	Queenie Nails	beaute_bienetre	Paris	75	1	https://www.queenienailsparis.fr/
queennailsparis.fr	Queen Nails	beaute_bienetre	Paris	75	1	https://www.queennailsparis.fr/
quentin-memin.com	Quentin Memin Coiffeur	beaute_bienetre	Lyon	69	1	https://www.quentin-memin.com/
quevertagencement.fr	Nicolas Quevert Menuiserie Agencement	artisanat_btp	Rennes	35	1	https://www.quevertagencement.fr/
quick.fr	Quick	restauration	Paris	75	6	https://www.quick.fr/
quincieux-service-auto.fr	Dacia Quincieux Service Auto	automobile	Lyon	69	1	https://quincieux-service-auto.fr/
quintessence-coiffure.com	Quintessence Coiffure	beaute_bienetre	Paris	75	1	https://quintessence-coiffure.com/contact/
quintessia.fr	Quintessia Hôtel & Spa - Nantes Orvault	beaute_bienetre	Nantes	44	1	https://www.quintessia.fr/
r-arborescence.com	Arborescence	restauration	Lille	59	1	https://www.r-arborescence.com/
r-restaurant.fr	R Restaurant	restauration	Montpellier	34	1	https://www.r-restaurant.fr
r-verrier.fr	R. Verrier	artisanat_btp	Paris	75	1	http://r-verrier.fr
r2bmotors.fr	R2b Motors	automobile	Toulon	83	1	www.r2bmotors.fr
rachelklein.paris	Rachel Klein	beaute_bienetre	Paris	75	1	https://www.rachelklein.paris/
radoux-peintures.fr	Radoux Quelavoine	artisanat_btp	Rennes	35	1	https://www.radoux-peintures.fr/
ragazzidapeppone.fr	Ragazzi da Peppone	restauration	Bordeaux	33	2	https://ragazzidapeppone.fr/restaurants/
ragues.fr	Ragues	automobile	Rouen	76	1	https://www.ragues.fr/
rajmahal-nice.fr	Rajmahal	restauration	Nice	6	1	https://rajmahal-nice.fr
rajpoot-restaurant-blagnac.eatbu.com	Rajpoot	restauration	Toulouse	31	1	https://rajpoot-restaurant-blagnac.eatbu.com/
ramentafaim.fr	Ramen Ta Faim	restauration	Nice	6	1	https://ramentafaim.fr/
ramonesramones.netlify.app	Ramones	restauration	Toulouse	31	1	https://ramonesramones.netlify.app/
ramonville.barbershop2lateteauxpieds.fr	Barber shop II la Tête aux Pieds	beaute_bienetre	Toulouse	31	1	https://ramonville.barbershop2lateteauxpieds.fr
ramosconstruction.fr	Ramos Construction	artisanat_btp	Paris	75	1	https://www.ramosconstruction.fr/
ramses.odyssey.ad	Ramses	restauration	Paris	75	1	https://ramses.odyssey.ad/
raphael-coiffure-versailles.fr	Raphaël	beaute_bienetre	Paris	75	1	https://www.raphael-coiffure-versailles.fr/
raphael-couverture.com	Raphaël Couverture	artisanat_btp	Paris	75	1	https://raphael-couverture.com/
rapido-pizza-bessancourt.eatbu.com	Rapido Pizza	restauration	Paris	75	1	https://rapido-pizza-bessancourt.eatbu.com/
rapido-pizza.org	Rapido Pizza	restauration	Lille	59	1	http://www.rapido-pizza.org
rapido-pizza75.com	Allo Rapido Pizza	restauration	Paris	75	1	https://www.rapido-pizza75.com/
rapidopizza91.com	Rapido Pizza	restauration	Paris	75	1	https://www.rapidopizza91.com/
rapidparebrise-angers.fr	Rapid Pare Brise	automobile	Angers	49	1	https://www.rapidparebrise-angers.fr
rapidparebrise-avrille.fr	Rapid Pare Brise	automobile	Angers	49	1	https://www.rapidparebrise-avrille.fr
rapidparebrise-castanet-tolosan.fr	Rapid Pare Brise	automobile	Toulouse	31	1	https://www.rapidparebrise-castanet-tolosan.fr
rapidparebrise-colomiers.fr	Rapid Pare Brise	automobile	Toulouse	31	1	https://www.rapidparebrise-colomiers.fr
rapidparebrise-guilers.fr	Rapid Pare Brise	automobile	Brest	29	1	https://www.rapidparebrise-guilers.fr
rapidparebrise-jacou.fr	Rapid Pare Brise	automobile	Montpellier	34	1	https://www.rapidparebrise-jacou.fr
rapidparebrise-juvignac.fr	Rapid Pare Brise	automobile	Montpellier	34	1	https://www.rapidparebrise-juvignac.fr
rapidparebrise-la-farlede.fr	Rapid Pare Brise	automobile	Toulon	83	1	https://www.rapidparebrise-la-farlede.fr
rapidparebrise-la-garde.fr	Rapid Pare Brise	automobile	Toulon	83	1	https://www.rapidparebrise-la-garde.fr
rapidparebrise-lyon-rillieux.fr	Rapid Pare Brise	automobile	Lyon	69	1	https://www.rapidparebrise-lyon-rillieux.fr
rapidparebrise-lyon9.fr	Rapid Pare Brise	automobile	Lyon	69	1	https://www.rapidparebrise-lyon9.fr
rapidparebrise-mundolsheim.fr	Rapid Pare Brise	automobile	Strasbourg	67	1	https://www.rapidparebrise-mundolsheim.fr
rapidparebrise-nantes-coueron.fr	Rapid Pare Brise	automobile	Nantes	44	1	https://www.rapidparebrise-nantes-coueron.fr
rapidparebrise-nantes-st-sebastien.fr	Rapid Pare Brise	automobile	Nantes	44	1	https://www.rapidparebrise-nantes-st-sebastien.fr
rapidparebrise-rennes-ouest.fr	Rapid Pare Brise	automobile	Rennes	35	1	https://www.rapidparebrise-rennes-ouest.fr/
rapidparebrise-saint-jean.fr	Rapid Pare Brise	automobile	Toulouse	31	1	https://www.rapidparebrise-saint-jean.fr
rapidparebrise-st-genis-laval.fr	Rapid Pare Brise	automobile	Lyon	69	1	https://www.rapidparebrise-st-genis-laval.fr
rapidparebrise-toulouse.fr	Rapid Pare Brise	automobile	Toulouse	31	1	https://www.rapidparebrise-toulouse.fr/
ras-66.fr	RAS	artisanat_btp	Perpignan	66	1	https://www.ras-66.fr/
rau-lackiertechnik.de	Rau Lackiertechnik	automobile	Strasbourg	67	1	https://www.rau-lackiertechnik.de
ravigote.fr	Ravigote	restauration	Toulouse	31	1	http://www.ravigote.fr/
ravioli-gourmet.metro.rest	Ravioli Gourmet	restauration	Lyon	69	1	https://ravioli-gourmet.metro.rest/
raymond-azar.business.site	Raymond Azar	beaute_bienetre	Paris	75	1	https://raymond-azar.business.site/
rayon-vert.org	Rayon vert	services_proximite	Paris	75	1	http://www.rayon-vert.org
rc-construction.com	Rénovation Construction	artisanat_btp	Paris	75	1	https://www.rc-construction.com
rcaptif.com	R.captif	beaute_bienetre	Paris	75	1	https://www.rcaptif.com/
rccarsnancy.fr	RC Cars Nancy	automobile	Nancy	54	1	https://www.rccarsnancy.fr
rd-coiff.fr	Rd Coiff	beaute_bienetre	Paris	75	1	https://www.rd-coiff.fr/
rdelectricien.fr	RD Électricien	artisanat_btp	Rouen	76	1	https://rdelectricien.fr/
rdvenligne.dylentab.fr	Bulles de Perles	beaute_bienetre	Paris	75	1	https://rdvenligne.dylentab.fr/
re-cyclevelo.fr	Re-cycle	services_proximite	Paris	75	1	https://www.re-cyclevelo.fr/
recacor-france.fr	Recacor	automobile	Montpellier	34	1	https://www.recacor-france.fr/
recyclemoi.org	Recycle-Moi	services_proximite	Lille	59	1	https://www.recyclemoi.org
recyclerie-sportive.org	Recyclerie sportive Paris Bessières	services_proximite	Paris	75	2	https://recyclerie-sportive.org/ma-recyclerie-sportive/ma-rs-la-plus-proche/paris-bessieres/
recycleriesport.org	Atelier ReSport	services_proximite	Lille	59	1	https://www.recycleriesport.org/
rednails.fr	Red Nails	beaute_bienetre	Paris	75	1	https://www.rednails.fr
referenceparebrise-nancy-essey.fr	Référence Pare-Brise	automobile	Nancy	54	1	https://www.referenceparebrise-nancy-essey.fr/
referenceparebrise-nancy-vandoeuvre.fr	Référence Pare-Brise	automobile	Nancy	54	1	https://www.referenceparebrise-nancy-vandoeuvre.fr
referenceparebrise.fr	Référence Pare-Brise	automobile	Metz	57	1	https://www.referenceparebrise.fr/les-agences/grand-est/moselle/woippy/57140/reference-pare-brise-woippy-583
refill-atelier.fr	Refill	services_proximite	Lille	59	1	https://www.refill-atelier.fr/
reflet-obione.com	Reflet d'Obione	restauration	Montpellier	34	1	https://www.reflet-obione.com/
reflets-toulouse.com	Reflets	restauration	Toulouse	31	1	https://www.reflets-toulouse.com/
reflexecycles.com	Réflexe cycles	services_proximite	Paris	75	1	https://reflexecycles.com
reflexeparebrise.fr	Réflexe Pare-Brise	automobile	Toulon	83	1	https://reflexeparebrise.fr/
reflexo-nutrinaturo.fr	Mon shopping bien-être, réflexologie plantaire naturopathie	beaute_bienetre	Lyon	69	1	https://www.reflexo-nutrinaturo.fr
regain-marseille.com	Regain	restauration	Marseille	13	1	https://www.regain-marseille.com/
regal-pizz.eatbu.com	Regal Pizz	restauration	Paris	75	1	https://regal-pizz.eatbu.com/
regallien.com	Le Régalien	restauration	Bordeaux	33	1	https://www.regallien.com
regencecafe.fr	La Régence Café	restauration	Nice	6	1	https://www.regencecafe.fr/
relais-dasie-restaurant-nice.eatbu.com	Relais d'Asie	restauration	Nice	6	1	https://relais-dasie-restaurant-nice.eatbu.com/
relais50.com	Le Relais 50	restauration	Marseille	13	1	http://www.relais50.com/
relaxroyal94100.com	Relax Royal	beaute_bienetre	Paris	75	1	http://relaxroyal94100.com/
relooking-beaute-minceur.fr	Centre Relooking	beaute_bienetre	Paris	75	1	https://www.relooking-beaute-minceur.fr/centres-minceur/94-relooking-le-perreux-sur-marne.html
relooking-minceur-paris3.fr	relooking	beaute_bienetre	Paris	75	1	http://www.relooking-minceur-paris3.fr/
remorques-attelages.fr	Remorques Attelages Services	automobile	Saint-Etienne	42	1	http://remorques-attelages.fr/
renault-ortigosa.fr	Renault	automobile	Montpellier	34	1	https://renault-ortigosa.fr/
renault-saint-chamond.autothivolle.com	Auto Thivolle - Renault Saint-Chamond	automobile	Saint-Etienne	42	1	https://renault-saint-chamond.autothivolle.com/
renault-trucks.net	Renault Trucks	automobile	Rouen	76	1	https://www.renault-trucks.net/
renault.auto-selection.com	Renault - Autos Charcot	automobile	Lyon	69	1	https://renault.auto-selection.com/reseau/concession-rhone-alpes/22/renault-autos-charcot-distribution-agent-sainte-foy-les-lyon-69-fiche-29019.php
renault.fr	Renault Minute	automobile	Rouen	76	2	https://www.renault.fr/
rendezvous-traiteur.eatbu.com	Rendez-Vous	restauration	Marseille	13	1	https://rendezvous-traiteur.eatbu.com
renee-nice.com	Renée	restauration	Nice	6	1	https://renee-nice.com/
rennes-aristide-briand.cyclable.com	Cyclable	services_proximite	Rennes	35	1	https://rennes-aristide-briand.cyclable.com
rennes-chateaugiron.mondovelo.fr	Mondovélo	services_proximite	Rennes	35	1	https://rennes-chateaugiron.mondovelo.fr/
rennes-montgermont.cyclable.com	Cyclable	services_proximite	Rennes	35	1	https://rennes-montgermont.cyclable.com/
rennes-radiateurs.fr	Rennes Radiateurs	automobile	Rennes	35	1	https://www.rennes-radiateurs.fr/
rennes-saint-martin.cyclable.com	Cyclable	services_proximite	Rennes	35	1	https://rennes-saint-martin.cyclable.com/
rennes-virvolt.fr	Virvolt	services_proximite	Rennes	35	1	https://www.rennes-virvolt.fr/
rennesstorebike-thebault.fr	Cycles Thebault	services_proximite	Rennes	35	1	https://www.rennesstorebike-thebault.fr/velo-saint-gregoire.html
renobay.fr	Reno Bay - Partenaire Arcades Et Baies	artisanat_btp	Paris	75	1	https://www.renobay.fr/
renodec-renovation.fr	Rénodec	artisanat_btp	Reims	51	1	https://www.renodec-renovation.fr/
renonmenuiserie.com	Renon Menuiserie	artisanat_btp	Perpignan	66	1	https://www.renonmenuiserie.com
renov-et-tradition.fr	Rénov' et Tradition	artisanat_btp	Caen	14	1	https://www.renov-et-tradition.fr/
renovation-escaliers-normandie.fr	Renov' Escaliers	artisanat_btp	Caen	14	1	https://www.renovation-escaliers-normandie.fr/
renovation-maconnerie-marseille.fr	Coopérative des Techniques du Bâtiment	artisanat_btp	Marseille	13	1	https://www.renovation-maconnerie-marseille.fr/
renovationpremium.com	Rénovation Premium	artisanat_btp	Paris	75	1	https://www.renovationpremium.com
renovisol33-lpa.fr	Rénov Isol 33	artisanat_btp	Bordeaux	33	1	https://www.renovisol33-lpa.fr/
renovneuilly.fr	Rénov’ Neuilly	artisanat_btp	Paris	75	1	https://www.renovneuilly.fr/
rep-it.fr	Repit	services_proximite	Lyon	69	1	https://www.rep-it.fr/
repairandco.fr	Repair & Co	services_proximite	Montpellier	34	1	https://repairandco.fr/
repairandrun.com	Repair and run	services_proximite	Paris	75	3	https://www.repairandrun.com/
repaircafegrenoblecentre.fr	Repair Café de Grenoble Centre	services_proximite	Grenoble	38	1	https://www.repaircafegrenoblecentre.fr
repaircafegrenoblepinal.fr	Repair Café de Grenoble Pinal	services_proximite	Grenoble	38	1	http://repaircafegrenoblepinal.fr/
repaircafemeylan.fr	Repair Café de Meylan	services_proximite	Grenoble	38	1	http://repaircafemeylan.fr
repaircafemontbonnot.fr	Repair Café de Montbonnot-Saint-Martin	services_proximite	Grenoble	38	1	https://www.repaircafemontbonnot.fr/
repaircafesaint-egreve.fr	Repair Café de Saint-Égrève	services_proximite	Grenoble	38	1	http://www.repaircafesaint-egreve.fr
reparateur.precisium.fr	Précisium - Kada Auto	automobile	La Rochelle	17	1	https://reparateur.precisium.fr/fr/france-FR/CUST-002023/kada-auto/details
reparateurvelofixnride.fr	FixNRide Atelier de réparation vélos	services_proximite	Paris	75	1	https://www.reparateurvelofixnride.fr/
reparation-ordinateur-lyon.fr	AVANTAGE PC	services_proximite	Lyon	69	1	https://www.reparation-ordinateur-lyon.fr/
reparation.icox.fr	iCox	services_proximite	Toulouse	31	1	https://reparation.icox.fr/
reparationtelephoneportable.com	Réparation Smartphone	services_proximite	Paris	75	1	https://www.reparationtelephoneportable.com
reparationvelotoulouse.fr	Réparation Vélo Toulouse	services_proximite	Toulouse	31	1	https://www.reparationvelotoulouse.fr/
reparemonphone06.com	Répare mon phone	services_proximite	Nice	6	1	https://reparemonphone06.com/
replayce-bretagne.fr	Replayce	services_proximite	Rennes	35	2	https://www.replayce-bretagne.fr/reparation-smartphone-bruz
replaycemontpellier.fr	Replayce - Réparation Smartphone et iPhone	services_proximite	Montpellier	34	1	https://www.replaycemontpellier.fr/
repubblica.primafamily.fr	Prima Repubblica	restauration	Toulouse	31	1	https://repubblica.primafamily.fr/
reseau-aceh.fr	Aceh - Couvreur, Charpentier - 69	artisanat_btp	Lyon	69	2	https://reseau-aceh.fr/agence/aceh-renovation-lyon/
reseau.citroen.fr	Garage de la Plaine Citroën	automobile	Lyon	69	8	https://reseau.citroen.fr/reparateur-ste-foy-les-lyon-00/entretenir-et-reparer/
reseau.g-truck.fr	Top Truck	automobile	Saint-Etienne	42	1	https://reseau.g-truck.fr/fr/france-FR/CUST-011223/firminy-poids-lourds/details
reseau.garage-premier.fr	Garage Grasset Auto Service	automobile	La Rochelle	17	1	https://reseau.garage-premier.fr/639-grasset-auto-service
reseau.moto-axxe.fr	Axxe Moto	automobile	Rennes	35	1	https://reseau.moto-axxe.fr/le-reseau/rennes/
reseau.precisium.fr	Garage Tribot	automobile	Nantes	44	1	https://reseau.precisium.fr/247-garage-tribot
reseau.top-garage.fr	Top Garage	automobile	Toulouse	31	5	https://reseau.top-garage.fr/1095-l-univers-meca
reservationbeaute.fr	R'THAI MASSAGE	beaute_bienetre	Paris	75	1	https://reservationbeaute.fr/rthaimassage/institut-beauchamp-95250
reservationcoiffeur.fr	Un Hair Naturel	beaute_bienetre	Nantes	44	1	https://reservationcoiffeur.fr/unhairnaturel_chantenay-44000/coiffeur-nantes-44000
reservations.franckprovost.com	Franck Provost	beaute_bienetre	Paris	75	1	https://reservations.franckprovost.com/reservation?salonId=5b9164d2bfbe751567e8d75e
reserve-rimbaud.com	La Réserve Rimbaud	restauration	Montpellier	34	1	http://reserve-rimbaud.com/
reservebeaulieu.com	La Table de la Réserve	restauration	Nice	6	1	https://www.reservebeaulieu.com/luxury-hotel/french-gastronomic-restaurant/la-table-de-la-reserve/
residencespicardes.fr	Residences Picardes Siège	artisanat_btp	Amiens	80	2	https://www.residencespicardes.fr/
residspa.com	Resid'spa	beaute_bienetre	Nantes	44	1	https://www.residspa.com/
resobaies.fr	Résobaies	artisanat_btp	Perpignan	66	1	https://www.resobaies.fr/
resor.fr	Resor	artisanat_btp	Reims	51	1	https://www.resor.fr/
respirebicycles.com	Respire	services_proximite	Toulouse	31	1	https://www.respirebicycles.com/
rest-eau.fr	Rest'eau	restauration	Lille	59	1	https://rest-eau.fr/
rest-o-buro.fr	Rest O Buro	restauration	Bordeaux	33	1	https://www.rest-o-buro.fr/
restart-auto.fr	Restart Auto	automobile	Lyon	69	1	https://www.restart-auto.fr/
restaurant-4-saisons.com	Les Quatre Saisons	restauration	Toulouse	31	1	http://www.restaurant-4-saisons.com/
restaurant-ag-toulouse.fr	L’Assemblée Gourmande	restauration	Toulouse	31	1	https://www.restaurant-ag-toulouse.fr/
restaurant-amazigh.business.site	L'amazigh	restauration	Toulouse	31	1	https://restaurant-amazigh.business.site/
restaurant-amicis.fr	Amicis	restauration	Bordeaux	33	1	https://www.restaurant-amicis.fr/
restaurant-amoretti.com	Amoretti	restauration	Nice	6	1	https://www.restaurant-amoretti.com/
restaurant-ashoka.com	Ashoka	restauration	Marseille	13	1	https://www.restaurant-ashoka.com/
restaurant-asiansaveurs.fr	Asian Saveurs	restauration	Toulouse	31	1	https://www.restaurant-asiansaveurs.fr
restaurant-aufeudebois.fr	Au feu de bois	restauration	Lille	59	1	https://www.restaurant-aufeudebois.fr
restaurant-augascon-toulouse.fr	Au Gascon	restauration	Toulouse	31	1	https://www.restaurant-augascon-toulouse.fr/
restaurant-berthus.fr	Berthus	restauration	Bordeaux	33	1	https://www.restaurant-berthus.fr/
restaurant-binaire.fr	Binaire	restauration	Toulouse	31	1	http://www.restaurant-binaire.fr/
restaurant-bo-tannique-bordeaux.fr	Bo tannique	restauration	Bordeaux	33	1	https://www.restaurant-bo-tannique-bordeaux.fr
restaurant-bordeaux.blogspot.fr	Au Roi Carotte	restauration	Bordeaux	33	1	http://restaurant-bordeaux.blogspot.fr
restaurant-bordeaux.net	Le Bistrot de la Jalle	restauration	Bordeaux	33	1	https://restaurant-bordeaux.net/
restaurant-borriquito.com	Borriquito Loco	restauration	Toulouse	31	1	http://www.restaurant-borriquito.com/
restaurant-borsalino.com	Le Borsalino	restauration	Marseille	13	1	http://www.restaurant-borsalino.com/
restaurant-bouillant-lille.com	Bouillant	restauration	Lille	59	1	https://www.restaurant-bouillant-lille.com/
restaurant-cairn-bordeaux.fr	Cairn	restauration	Bordeaux	33	1	https://restaurant-cairn-bordeaux.fr
restaurant-capland.fr	Cap Land	restauration	Toulouse	31	1	https://restaurant-capland.fr
restaurant-carthel.com	Carthel	restauration	Toulouse	31	1	https://restaurant-carthel.com/
restaurant-caspienne.fr	Caspienne	restauration	Bordeaux	33	1	https://restaurant-caspienne.fr/
restaurant-chezjonath.fr	Chez Jonath	restauration	Lyon	69	1	http://restaurant-chezjonath.fr/
restaurant-cococo.fr	Cococo	restauration	Paris	75	1	https://restaurant-cococo.fr
restaurant-coreen-haebalaki.business.site	Haebalaki	restauration	Lille	59	1	https://restaurant-coreen-haebalaki.business.site/
restaurant-couleur-tibet.fr	Couleur Tibet	restauration	Bordeaux	33	1	https://restaurant-couleur-tibet.fr/
restaurant-daebak.fr	Dae Bak	restauration	Toulouse	31	1	https://www.restaurant-daebak.fr/
restaurant-de-la-gare-la-penne-sur-huveaune.fr	Restaurant De La Gare	restauration	Marseille	13	1	https://www.restaurant-de-la-gare-la-penne-sur-huveaune.fr/
restaurant-de-langle-lyon.eatbu.com	Restaurant de l'Angle	restauration	Lyon	69	1	https://restaurant-de-langle-lyon.eatbu.com/
restaurant-demilune.com	Demi Lune	restauration	Nice	6	1	https://restaurant-demilune.com/
restaurant-domo.fr	Domo	restauration	Paris	75	1	https://www.restaurant-domo.fr/
restaurant-du-domaine.fr	Restaurant du Domaine	restauration	Montpellier	34	1	https://www.restaurant-du-domaine.fr/
restaurant-du-lac-vitrolles.fr	Restaurant du Lac	restauration	Marseille	13	1	http://www.restaurant-du-lac-vitrolles.fr/
restaurant-duc-dat-marseille.com	Duc Dat	restauration	Marseille	13	1	http://www.restaurant-duc-dat-marseille.com/
restaurant-eaudevie.fr	L’Eau de Vie	restauration	Nice	6	1	https://www.restaurant-eaudevie.fr/
restaurant-emile.com	Restaurant Émile	restauration	Toulouse	31	1	https://www.restaurant-emile.com/
restaurant-epicentre.com	Épicentre	restauration	Nice	6	1	https://restaurant-epicentre.com
restaurant-ethiopien-33.com	Adey Abeba	restauration	Bordeaux	33	1	http://www.restaurant-ethiopien-33.com/
restaurant-ethiopien-toulouse.eatbu.com	Abyssinia	restauration	Toulouse	31	1	https://restaurant-ethiopien-toulouse.eatbu.com/?lang=fr
restaurant-fellini-begles.fr	Fellini	restauration	Bordeaux	33	1	https://restaurant-fellini-begles.fr
restaurant-fleurdesel.com	Fleur de Sel	restauration	Nice	6	1	https://www.restaurant-fleurdesel.com
restaurant-glacier-lecommodore.com	Le Commodore	restauration	Marseille	13	1	http://www.restaurant-glacier-lecommodore.com/
restaurant-hinode.fr	Hinodé	restauration	Toulouse	31	1	https://www.restaurant-hinode.fr/
restaurant-indianlounge-nice.com	Indian Lounge	restauration	Nice	6	1	https://www.restaurant-indianlounge-nice.com/fr
restaurant-influences.com	Influences	restauration	Bordeaux	33	1	https://www.restaurant-influences.com/
restaurant-inizio.fr	L’inizio	restauration	Nice	6	1	https://restaurant-inizio.fr
restaurant-istanbul-2002.eatbu.com	Restaurant Istanbul 2002	restauration	Paris	75	1	https://restaurant-istanbul-2002.eatbu.com/
restaurant-istanbulvalmy.fr	Istambul Valmy	restauration	Lille	59	1	https://www.restaurant-istanbulvalmy.fr/
restaurant-kashmir.fr	Kashmir	restauration	Toulouse	31	1	http://www.restaurant-kashmir.fr/
restaurant-kory.fr	Kory	restauration	Toulouse	31	1	http://www.restaurant-kory.fr/
restaurant-kumano.fr	Kumano	restauration	Nice	6	1	https://restaurant-kumano.fr/
restaurant-la-barque-bleue.fr	La Barque Bleue	restauration	Nice	6	1	https://restaurant-la-barque-bleue.fr/
restaurant-la-caveja-villeurbanne.com	La Caveja	restauration	Lyon	69	1	https://www.restaurant-la-caveja-villeurbanne.com/
restaurant-la-chartreuse-de-parme.fr	La Chartreuse de Parme	restauration	Bordeaux	33	1	https://www.restaurant-la-chartreuse-de-parme.fr/
restaurant-la-fontaine-saint-paul-de-vence.fr	La Fontaine	restauration	Nice	6	1	https://www.restaurant-la-fontaine-saint-paul-de-vence.fr/restaurant-la-fontaine-saint-paul-de-vence
restaurant-la-petite-adresse.com	La Petite Adresse	restauration	Bordeaux	33	1	https://www.restaurant-la-petite-adresse.com
restaurant-la-vigna.com	La Vigna	restauration	Nice	6	1	https://www.restaurant-la-vigna.com/
restaurant-labonnebrise.fr	La Bonne Brise	restauration	Marseille	13	1	https://www.restaurant-labonnebrise.fr/
restaurant-labrasseriedulac.fr	Restaurant la brasserie du lac	restauration	Lille	59	1	https://www.restaurant-labrasseriedulac.fr/
restaurant-lacarte.fr	La Carte	restauration	Lille	59	1	https://www.restaurant-lacarte.fr/
restaurant-lacriniere.fr	La Crinière - Bistrot	restauration	Lille	59	1	https://www.restaurant-lacriniere.fr/
restaurant-lagauloise.fr	La Gauloise	restauration	Nice	6	1	https://www.restaurant-lagauloise.fr
restaurant-lagrange.fr	La Grange	restauration	Lille	59	1	http://www.restaurant-lagrange.fr/
restaurant-laguinguette-gaudoise.fr	La Guinguette Gaudoise	restauration	Nice	6	1	http://restaurant-laguinguette-gaudoise.fr
restaurant-lajalade-34.com	La Jalade	restauration	Montpellier	34	1	http://www.restaurant-lajalade-34.com
restaurant-laloge.fr	La Loge Restaurant	restauration	Lille	59	1	https://www.restaurant-laloge.fr
restaurant-lamignardise.fr	La Mignardise	restauration	Toulouse	31	1	https://www.restaurant-lamignardise.fr/
restaurant-lappart.fr	L'appart	restauration	Nice	6	1	https://restaurant-lappart.fr/
restaurant-lasalleamanger.com	La Salle à Manger	restauration	Lille	59	1	https://restaurant-lasalleamanger.com/
restaurant-lascene.fr	La Scène	restauration	Montpellier	34	1	https://restaurant-lascene.fr
restaurant-latelierdessaveurs-sg.com	L'atelier des Saveurs	restauration	Nice	6	1	https://restaurant-latelierdessaveurs-sg.com
restaurant-laubrac.fr	L'Aubrac	restauration	Toulouse	31	1	https://www.restaurant-laubrac.fr/
restaurant-lavantscene.zenchef.com	L’Avant Scène	restauration	Lille	59	1	https://restaurant-lavantscene.zenchef.com/
restaurant-laveyronnais.fr	L'Aveyronnais	restauration	Montpellier	34	1	https://www.restaurant-laveyronnais.fr/
restaurant-le-beyrouth.fr	Beyrouth	restauration	Montpellier	34	1	https://restaurant-le-beyrouth.fr/
restaurant-le-bourdon-montpellier.jimdosite.com	Le Bourdon	restauration	Montpellier	34	1	https://restaurant-le-bourdon-montpellier.jimdosite.com
restaurant-le-cohe.zenchef.com	Le Cohé	restauration	Bordeaux	33	1	https://restaurant-le-cohe.zenchef.com/
restaurant-le-meunier.fr	Le Meunier	restauration	Lille	59	1	https://www.restaurant-le-meunier.fr
restaurant-le-nem-tournefeuille.jimdofree.com	Le Nem	restauration	Toulouse	31	1	https://restaurant-le-nem-tournefeuille.jimdofree.com
restaurant-le-paille-en-queue.fr	Le Paille en Queue	restauration	Toulouse	31	1	https://www.restaurant-le-paille-en-queue.fr/
restaurant-le-passe-porc.fr	Le Passe-Porc	restauration	Lille	59	1	https://restaurant-le-passe-porc.fr/
restaurant-le-petit-port.fr	Le Petit Port	restauration	Marseille	13	1	http://restaurant-le-petit-port.fr/
restaurant-le-plateau.fr	Le Plateau	restauration	Lille	59	1	https://restaurant-le-plateau.fr/
restaurant-le-saetone.eatbu.com	Le Saëtone	restauration	Nice	6	1	https://restaurant-le-saetone.eatbu.com
restaurant-le-v.com	Hermitage Du Col D'Eze	restauration	Nice	6	1	https://restaurant-le-v.com/
restaurant-le-vlt-nice.fr	Le VLT	restauration	Nice	6	1	https://restaurant-le-vlt-nice.fr
restaurant-lebellevue.com	Le Bellevue	restauration	Toulouse	31	1	https://restaurant-lebellevue.com
restaurant-lebellevue.wifeo.com	Le Bellevue	restauration	Montpellier	34	1	http://restaurant-lebellevue.wifeo.com/
restaurant-lebroc.fr	Le Broc Vieux-Lille	restauration	Lille	59	1	http://restaurant-lebroc.fr/
restaurant-lecenacle.com	Le Cénacle	restauration	Toulouse	31	1	https://www.restaurant-lecenacle.com
restaurant-lecurie-nice.fr	L'Ecurie	restauration	Nice	6	1	https://www.restaurant-lecurie-nice.fr/
restaurant-leffetjardin.fr	L'Effet Jardin	restauration	Montpellier	34	1	https://www.restaurant-leffetjardin.fr/
restaurant-lemagret.com	Le Magret	restauration	Toulouse	31	1	http://www.restaurant-lemagret.com/
restaurant-lemaisnilmontemps.fr	Le Maisnil Mon Temps	restauration	Lille	59	1	https://restaurant-lemaisnilmontemps.fr/
restaurant-lentrdeux.fr	L'Entr'deux	restauration	Montpellier	34	1	https://restaurant-lentrdeux.fr
restaurant-leroidelamoule.fr	Le Roi de la Moule	restauration	Lille	59	1	https://www.restaurant-leroidelamoule.fr/
restaurant-les-palmiers.fr	Les Palmiers	restauration	Nice	6	1	http://www.restaurant-les-palmiers.fr/
restaurant-les2fontlapaire.fr	Les 2 Font la Paire	restauration	Toulouse	31	1	https://www.restaurant-les2fontlapaire.fr/
restaurant-lesamourai.com	Le Samouraï	restauration	Bordeaux	33	1	https://restaurant-lesamourai.com
restaurant-letaj.com	Le Taj	restauration	Marseille	13	1	https://restaurant-letaj.com/
restaurant-linstant.fr	L'instant	restauration	Toulouse	31	1	https://restaurant-linstant.fr/
restaurant-lisboa-leognan.eatbu.com	Lisboa	restauration	Bordeaux	33	1	https://restaurant-lisboa-leognan.eatbu.com/
restaurant-lorangebleue.com	Plan Nord	restauration	Lille	59	1	http://www.restaurant-lorangebleue.com
restaurant-lou-bantry.fr	Lou Bantry	restauration	Nice	6	1	https://restaurant-lou-bantry.fr/
restaurant-loupaisdaqui.com	Lou Païs d’Aqui	restauration	Montpellier	34	1	https://www.restaurant-loupaisdaqui.com
restaurant-lundessens.com	L'un des Sens	restauration	Montpellier	34	1	https://www.restaurant-lundessens.com
restaurant-maido.fr	Maïdo	restauration	Nice	6	1	https://www.restaurant-maido.fr/
restaurant-maisonf.com	Maison F.	restauration	Nice	6	1	https://www.restaurant-maisonf.com/
restaurant-maniguette.fr	La Maniguette	restauration	Lille	59	1	http://www.restaurant-maniguette.fr
restaurant-marcello.com	Marcello Saint-Georges	restauration	Toulouse	31	1	https://restaurant-marcello.com
restaurant-marseille-dockofthebay.fr	Dock of the Bay	restauration	Marseille	13	1	http://www.restaurant-marseille-dockofthebay.fr/
restaurant-martino.be	Martino	restauration	Lille	59	1	http://www.restaurant-martino.be/
restaurant-melodie.fr	Mélodie	restauration	Bordeaux	33	1	www.restaurant-melodie.fr
restaurant-memestra.fr	Memestra	restauration	Bordeaux	33	1	https://www.restaurant-memestra.fr/
restaurant-michel-13.fr	Chez Michel	restauration	Marseille	13	1	https://www.restaurant-michel-13.fr/
restaurant-midi-teyranais.fr	Le Midi-Teyrannais	restauration	Montpellier	34	1	https://www.restaurant-midi-teyranais.fr/
restaurant-mifan.fr	Mifan	restauration	Bordeaux	33	1	https://www.restaurant-mifan.fr/
restaurant-millesime.fr	Le Millésisme	restauration	Nice	6	1	https://www.restaurant-millesime.fr/
restaurant-neosud-vence.fr	Neosud	restauration	Nice	6	1	https://www.restaurant-neosud-vence.fr/
restaurant-o-staff-nice.fr	O'Staff	restauration	Nice	6	1	https://restaurant-o-staff-nice.fr
restaurant-octopus-lille.fr	Octopus	restauration	Lille	59	1	https://www.restaurant-octopus-lille.fr/
restaurant-osmose.fr	Osmose	restauration	Lille	59	1	https://restaurant-osmose.fr/fr/
restaurant-otoro.fr	Otoro	restauration	Montpellier	34	1	https://www.restaurant-otoro.fr/
restaurant-pacific.fr	Pacific Airport	restauration	Toulouse	31	1	http://www.restaurant-pacific.fr/
restaurant-panorama-lille.fr	Panorama	restauration	Lille	59	1	https://restaurant-panorama-lille.fr
restaurant-paradoxe.com	Paradoxe	restauration	Bordeaux	33	1	https://restaurant-paradoxe.com/
restaurant-pastel.com	Restaurant Pastel	restauration	Bordeaux	33	1	https://restaurant-pastel.com
restaurant-peron.com	Le Peron	restauration	Marseille	13	1	http://www.restaurant-peron.com/
restaurant-pizzeria.fr	Bocca di Rosa	restauration	Lyon	69	1	https://restaurant-pizzeria.fr/pizzeria-pizzeria-bocca-di-rosa-69004.html
restaurant-playoff.fr	Playoff	restauration	Toulouse	31	1	https://restaurant-playoff.fr/
restaurant-plessis-robinson.fr	La Source	restauration	Paris	75	1	http://restaurant-plessis-robinson.fr/
restaurant-pulpe.fr	Pulpe	restauration	Lille	59	1	https://restaurant-pulpe.fr/
restaurant-purete.com	Pureté	restauration	Lille	59	1	https://www.restaurant-purete.com/
restaurant-racines-nice.com	Racines	restauration	Nice	6	1	https://www.restaurant-racines-nice.com/
restaurant-revatom.be	Rêvatom	restauration	Lille	59	1	https://www.restaurant-revatom.be
restaurant-rozo.fr	Rozó	restauration	Lille	59	1	https://restaurant-rozo.fr
restaurant-safran.com	Safran	restauration	Nice	6	1	https://www.restaurant-safran.com/
restaurant-sakana-bordeaux.fr	Sakana	restauration	Bordeaux	33	1	https://www.restaurant-sakana-bordeaux.fr/
restaurant-sakura33.fr	Sakura	restauration	Bordeaux	33	1	https://www.restaurant-sakura33.fr/
restaurant-sarbacane.fr	Sarbacane	restauration	Toulouse	31	1	https://restaurant-sarbacane.fr/
restaurant-semiramis.com	Le Semiramis	restauration	Toulouse	31	1	https://restaurant-semiramis.com/
restaurant-sepia.com	Sepia	restauration	Marseille	13	1	https://restaurant-sepia.com
restaurant-sept.fr	Sept	restauration	Toulouse	31	1	https://www.restaurant-sept.fr
restaurant-shalimar.fr	Shalimar	restauration	Nice	6	1	https://www.restaurant-shalimar.fr/
restaurant-shalizar.com	Shalizar	restauration	Toulouse	31	1	https://restaurant-shalizar.com/
restaurant-st-georges.fr	Le Saint-Georges	restauration	Montpellier	34	1	https://restaurant-st-georges.fr/
restaurant-tana.com	Tan A	restauration	Marseille	13	1	https://www.restaurant-tana.com/
restaurant-tetenlair.com	Tête en l’air	restauration	Toulouse	31	1	https://restaurant-tetenlair.com/
restaurant-tokyo.fr	Tokyo	restauration	Bordeaux	33	1	https://restaurant-tokyo.fr/
restaurant-toulouse-chez-ines.fr	Chez Ines	restauration	Toulouse	31	1	https://restaurant-toulouse-chez-ines.fr/
restaurant-trinquette-villefranche.com	La Trinquette	restauration	Nice	6	1	https://www.restaurant-trinquette-villefranche.com/
restaurant-tumi-lille.fr	Tumi	restauration	Lille	59	1	https://restaurant-tumi-lille.fr
restaurant-ventsdest.fr	Vents d'Est	restauration	Toulouse	31	1	https://www.restaurant-ventsdest.fr/
restaurant-viet-an.com	Viet-An	restauration	Toulouse	31	1	https://restaurant-viet-an.com/
restaurant-villa-colomba.com	Villa Collomba	restauration	Marseille	13	1	http://www.restaurant-villa-colomba.com/
restaurant-yahabibi.com	Ya Habibi	restauration	Nice	6	2	https://restaurant-yahabibi.com/
restaurant-yamato.fr	Yamato	restauration	Bordeaux	33	1	https://www.restaurant-yamato.fr/
restaurant-ziguinchor.com	Le Ziguinchor	restauration	Marseille	13	1	https://restaurant-ziguinchor.com/
restaurant.flunch.fr	Flunch	restauration	Lille	59	1	https://restaurant.flunch.fr/villeneuve-d-ascq/flunch-villeneuve-2
restaurant.hippopotamus.fr	Hippopotamus Marseille la Valentine	restauration	Marseille	13	1	https://restaurant.hippopotamus.fr/restaurant/marseille-la-valentine/143
restaurant.kingmarcel.fr	King Marcel Lyon Chevreul	restauration	Lyon	69	1	https://restaurant.kingmarcel.fr/5-king-marcel-lyon-chevreul
restaurant.lessalesgosses.fr	Les Sales Gosses - le restaurant	restauration	Toulouse	31	1	https://restaurant.lessalesgosses.fr/
restaurantal.fr	aL	restauration	Paris	75	1	https://restaurantal.fr
restaurantalma-marseille.fr	Alma	restauration	Marseille	13	1	https://www.restaurantalma-marseille.fr/
restaurantatrego.com	A’Trego	restauration	Nice	6	1	https://www.restaurantatrego.com/
restaurantatrium.fr	L'Atrium Restaurant	restauration	Toulouse	31	1	https://restaurantatrium.fr/
restaurantaugoutdesautres.fr	Au Goût des Autres	restauration	Toulouse	31	1	https://www.restaurantaugoutdesautres.fr/
restaurantchezvincent.fr	Chez Vincent	restauration	Bordeaux	33	1	https://www.restaurantchezvincent.fr/
restaurantchouchou.menuchic.com	Chouchou	restauration	Paris	75	1	https://restaurantchouchou.menuchic.com/fr
restaurantcypres.fr	Restaurant Cyprès	restauration	Lille	59	1	https://restaurantcypres.fr/
restaurantdante.fr	Restaurant Dante	restauration	Nice	6	1	https://restaurantdante.fr/
restaurantdemeter.com	Demeter	restauration	Bordeaux	33	1	https://www.restaurantdemeter.com/
restaurantflonflon.com	FlonFlon	restauration	Toulouse	31	1	https://www.restaurantflonflon.com/
restaurantfufu.com	Fufu	restauration	Toulouse	31	2	https://restaurantfufu.com/
restaurantgalabar.fr	Galabar	restauration	Toulouse	31	1	https://restaurantgalabar.fr/
restaurantgina.com	Gina	restauration	Nice	6	1	https://restaurantgina.com
restaurantguru.com	Le camion à pizzas	restauration	Strasbourg	67	1	https://restaurantguru.com/Le-camion-a-pizza-Strasbourg
restauranthuongviet.com	Huong Viet	restauration	Toulouse	31	1	https://restauranthuongviet.com/
restaurantindientoulouse.com	Namaste	restauration	Toulouse	31	1	https://restaurantindientoulouse.com/
restaurantindientoulouse.fr	Le New Goa	restauration	Toulouse	31	1	https://restaurantindientoulouse.fr
restaurantjardindelaclue.fr	Au Jardin de la Clue	restauration	Marseille	13	1	https://restaurantjardindelaclue.fr/
restaurantlabambouseraie.com	La Bambouseraie	restauration	Toulouse	31	1	https://www.restaurantlabambouseraie.com/
restaurantlachapelle.fr	La Chapelle	restauration	Montpellier	34	1	https://restaurantlachapelle.fr
restaurantlaconserverie.com	La Conserverie	restauration	Toulouse	31	1	https://restaurantlaconserverie.com/
restaurantlanimal.fr	L'Animal	restauration	Toulouse	31	1	https://restaurantlanimal.fr
restaurantlao.fr	La Ô	restauration	Montpellier	34	1	https://www.restaurantlao.fr/
restaurantlarencontre.com	La Rencontre	restauration	Bordeaux	33	1	https://restaurantlarencontre.com/
restaurantlartdesmets.fr	L'Art des Mets	restauration	Lille	59	1	http://www.restaurantlartdesmets.fr/
restaurantlartmonia.com	Les Mets des Saintes	restauration	Marseille	13	1	http://www.restaurantlartmonia.com/
restaurantlaubergin.com	L'auberg'in	restauration	Nice	6	1	https://restaurantlaubergin.com/
restaurantle11.fr	Le 11	restauration	Toulouse	31	1	https://www.restaurantle11.fr/
restaurantlebab.com	Bab	restauration	Montpellier	34	1	http://www.restaurantlebab.com/
restaurantlebillot.fr	Le Billot de Lucien	restauration	Toulouse	31	1	https://www.restaurantlebillot.fr/restaurant-cugnaux
restaurantleboisdachelles.fr	Restaurant le bois d'achelles	restauration	Lille	59	1	http://www.restaurantleboisdachelles.fr
restaurantleboulis.com	Le Boulis	restauration	Toulouse	31	1	https://restaurantleboulis.com/
restaurantlecedre-nice.fr	Le Cèdre	restauration	Nice	6	1	https://www.restaurantlecedre-nice.fr/
restaurantleclere.com		restauration	Montpellier	34	1	http://www.restaurantleclere.com
restaurantlefestival.com	Le Festival	restauration	Lille	59	1	https://www.restaurantlefestival.com/
restaurantlegandhi.com	Le Gandhi	restauration	Toulouse	31	1	https://restaurantlegandhi.com/
restaurantlegrillardin.com	Le Grillardin	restauration	Montpellier	34	1	https://www.restaurantlegrillardin.com/
restaurantleloup.com	Le loup	restauration	Bordeaux	33	1	https://restaurantleloup.com/?lang=en
restaurantlem.com	Foison	restauration	Bordeaux	33	1	http://www.restaurantlem.com/
restaurantlemichelangelo.com	Le Michelangelo	restauration	Nice	6	1	http://www.restaurantlemichelangelo.com
restaurantleon.fr	Léon Fish Brasserie - Plan de Campagne	restauration	Marseille	13	1	https://www.restaurantleon.fr/nos-restaurants/plan-de-campagne
restaurantlepanier.com	Le Panier	restauration	Nice	6	1	https://www.restaurantlepanier.com/
restaurantleparisien.com	Le Parisien	restauration	Toulouse	31	1	https://restaurantleparisien.com/
restaurantlephare.fr	Le Phare	restauration	Montpellier	34	1	http://www.restaurantlephare.fr/
restaurantlepistou.com	Le Pistou	restauration	Bordeaux	33	1	http://www.restaurantlepistou.com
restaurantlerepublique.com	Le République	restauration	Marseille	13	1	https://restaurantlerepublique.com/
restaurantlesaintbrice.com	Le Saint-Brice	restauration	Montpellier	34	1	http://www.restaurantlesaintbrice.com
restaurantlesdroles.fr	Les drôles	restauration	Bordeaux	33	1	https://www.restaurantlesdroles.fr/
restaurantleserpolet.com	Le Serpolet	restauration	Bordeaux	33	1	https://restaurantleserpolet.com/
restaurantlestamaris.com	Les Tamaris	restauration	Marseille	13	1	https://www.restaurantlestamaris.com/
restaurantlesvoutes.fr	Les Voûtes	restauration	Bordeaux	33	1	https://www.restaurantlesvoutes.fr/
restaurantleventde.wixsite.com	Le Vent de Bise	restauration	Lille	59	1	https://restaurantleventde.wixsite.com/ventdebise
restaurantlimpide.fr	Limpide	restauration	Lille	59	1	https://www.restaurantlimpide.fr/
restaurantlostivale.com	Lo Stivale	restauration	Toulouse	31	1	https://restaurantlostivale.com/
restaurantmado.fr	Mado	restauration	Toulouse	31	1	https://restaurantmado.fr/
restaurantmaisonboheme.fr	Maison Boheme	restauration	Marseille	13	1	https://restaurantmaisonboheme.fr/
restaurantmarinette.fr	Marinette	restauration	Nice	6	1	https://www.restaurantmarinette.fr/
restaurantmilas.business.site	Milas	restauration	Strasbourg	67	1	https://restaurantmilas.business.site/
restaurantmitsuba.com	Mitsuba	restauration	Bordeaux	33	1	https://www.restaurantmitsuba.com
restaurantmogador.free.fr	Mogador	restauration	Montpellier	34	1	http://restaurantmogador.free.fr/
restaurantnulpartailleurs.com	Nul Part Ailleurs	restauration	Marseille	13	1	https://www.restaurantnulpartailleurs.com/
restaurantonice.com	Onice	restauration	Nice	6	1	https://www.restaurantonice.com/
restaurantorigines.com	Origines - restaurant gastronomique	restauration	Lille	59	1	https://www.restaurantorigines.com
restaurantoselfou.fr	O Sel Fou	restauration	Toulouse	31	1	https://restaurantoselfou.fr/
restaurantotto.fr	Otto Marseille	restauration	Marseille	13	1	https://restaurantotto.fr/
restaurantphanphan.com	Phan Phan	restauration	Bordeaux	33	1	https://restaurantphanphan.com/commander-en-ligne/
restaurantpiccolaitalia.com	Piccola Italia	restauration	Nice	6	1	https://restaurantpiccolaitalia.com
restaurantpickles.com	Pickles	restauration	Lille	59	1	https://www.restaurantpickles.com/
restaurantpiu.fr	Piu	restauration	Marseille	13	1	https://www.restaurantpiu.fr/le-menu-w1
restaurantpolpetta.com	Polpetta	restauration	Nice	6	1	http://www.restaurantpolpetta.com/
restaurantpuja.com	Le Puja	restauration	Montpellier	34	1	https://www.restaurantpuja.com/
restaurantressources.com	Ressources	restauration	Bordeaux	33	1	https://restaurantressources.com
restaurants-amone.com	Amonē	restauration	Paris	75	1	https://restaurants-amone.com
restaurants-carson.com	Carson Burger	restauration	Toulouse	31	1	https://www.restaurants-carson.com/
restaurants-de-france.fr	Le Comptoir du Marché	restauration	Bordeaux	33	2	https://restaurants-de-france.fr/fr/le-comptoir-du-marche-talence-3397974.html
restaurants-sapiens.com	Sapiens	restauration	Toulouse	31	1	https://www.restaurants-sapiens.com/
restaurants.3brasseurs.com	3 Brasseurs	restauration	Marseille	13	2	https://restaurants.3brasseurs.com/fr/france-FR/934/3-brasseurs-plan-de-campagne/details
restaurants.accor.com	L'Aquitania	restauration	Bordeaux	33	1	https://restaurants.accor.com/fr/restaurant-0669_R001-l-aquitania-bordeaux-le-lac.shtml
restaurants.bagelcorner.fr	Bagel Corner	restauration	Lille	59	1	https://restaurants.bagelcorner.fr/lille-bethune/
restaurants.berliner-do.com	Berliner les Halles	restauration	Paris	75	1	https://restaurants.berliner-do.com/kebab-paris-les-halles/
restaurants.bigfernand.com	Big Fernand	restauration	Paris	75	1	https://restaurants.bigfernand.com/massy-gare-tgv/
restaurants.bioburger.fr	Bioburger	restauration	Paris	75	4	https://restaurants.bioburger.fr/issy-les-moulineaux/
restaurants.bnwburger.com	Black & White	restauration	Paris	75	1	https://restaurants.bnwburger.com/ermont/
restaurants.bolkiri.fr	Bolkiri	restauration	Paris	75	1	https://restaurants.bolkiri.fr/street-food-vietnamienne/bry-sur-marne/
restaurants.burgerking.fr	Burger King	restauration	Paris	75	1	https://restaurants.burgerking.fr/paris-wagram
restaurants.chickenstreet.fr	Chicken Street	restauration	Paris	75	1	https://restaurants.chickenstreet.fr/ivry-sur-seine
restaurants.chopstixnoodles.fr	Chopstix	restauration	Paris	75	1	https://restaurants.chopstixnoodles.fr
restaurants.cotesushi.com	Côté Sushi	restauration	Toulouse	31	1	https://restaurants.cotesushi.com/fr/restaurant-sushi/bd-de-leurope-portet-sur-garonne/
restaurants.crepetouch.com	Crêpe Touch	restauration	Lille	59	1	https://restaurants.crepetouch.com/euralille/
restaurants.fiveguys.fr	Five Guys	restauration	Paris	75	4	https://restaurants.fiveguys.fr/île-de-france/3-place-blanche
restaurants.fr.tortilla.co	Tortilla	restauration	Paris	75	1	https://restaurants.fr.tortilla.co/bercy/
restaurants.freshburritos.fr	Fresh Burritos	restauration	Toulouse	31	1	https://restaurants.freshburritos.fr/toulouse-jeanne-darc/
restaurants.hippopotamus.fr	Hippopotamus	restauration	Lille	59	2	https://restaurants.hippopotamus.fr/hippopotamus-steakhouse-0959664f7fb0
restaurants.it-trattoria.fr	Italian Trattoria	restauration	Paris	75	1	https://restaurants.it-trattoria.fr/paris-10-bonne-nouvelle/
restaurants.krispykreme.fr	Krispy Kreme	restauration	Paris	75	1	https://restaurants.krispykreme.fr/fr/restaurant-doughnuts/paris-1-passage-de-la-canopee
restaurants.kroustyresto.fr	Krousty Sabaidi	restauration	Montpellier	34	1	https://restaurants.kroustyresto.fr/thai-montpellier-castelnau
restaurants.leon-de-bruxelles.fr	Léon De Bruxelles	restauration	Toulouse	31	2	https://restaurants.leon-de-bruxelles.fr/fr/s/moules-frites/toulouse---blagnac/64006
restaurants.leparadisdufruit.fr	Paradis du fruit	restauration	Toulouse	31	1	https://restaurants.leparadisdufruit.fr/toulouse-blagnac/
restaurants.lesburgersdepapa.fr	Les Burgers de Papa	restauration	Toulouse	31	1	https://restaurants.lesburgersdepapa.fr/toulouse-capitole/
restaurants.master-poulet.fr	Master Poulet	restauration	Paris	75	1	https://restaurants.master-poulet.fr/fr/restaurant-poulet-grille/rue-mirabeau-ivry-sur-seine/
restaurants.mcdonalds.fr	McDonald's	restauration	Paris	75	7	https://www.restaurants.mcdonalds.fr/PARIS-PORTE-DE-SAINT-CLOUD
restaurants.memphis-restaurant.com	Memphis	restauration	Lille	59	1	https://restaurants.memphis-restaurant.com/villeneuve-dascq
restaurants.mister-garden.com	Mister Garden Salad Bar	restauration	Paris	75	1	https://restaurants.mister-garden.com/la-defense-place-de-liris/?utm_source=google&utm_medium=organic&utm_campaign=mybusiness-website
restaurants.o-tacos.com	O'Tacos	restauration	Paris	75	1	https://restaurants.o-tacos.com/france/ile-de-france/essonne/villebon-sur-yvette/villebon-sur-yvette-briis
restaurants.patapain.com	Patapain	restauration	Bordeaux	33	1	https://restaurants.patapain.com/saint-jean-d-illac
restaurants.pitaya-thaistreetfood.com	Pitaya	restauration	Paris	75	1	https://restaurants.pitaya-thaistreetfood.com/paris-harpe/
restaurants.pointb-officiel.com	Point B	restauration	Paris	75	1	https://restaurants.pointb-officiel.com/burger-ivry/
restaurants.pokawa.com	Pokawa	restauration	Paris	75	8	https://restaurants.pokawa.com/poke-bowl-boulogne-billancourt
restaurants.santosha.cool	Santosha Pessac	restauration	Bordeaux	33	1	https://restaurants.santosha.cool/cantine-thai-pessac-centre-ville/#
restaurants.spok.fr	Restaurant Spok Toulouse Labège	restauration	Toulouse	31	1	https://restaurants.spok.fr/toulouse-labege/
restaurants.streetbangkok.fr	Street Bangkok	restauration	Paris	75	1	https://restaurants.streetbangkok.fr/thai-paris-6-odeon/
restaurants.subway.com	Subway	restauration	Paris	75	15	https://restaurants.subway.com/france/paris/140-avenue-du-general-leclerc
restaurants.subwayfrance.fr	Subway	restauration	Paris	75	1	https://restaurants.subwayfrance.fr/fr/ile-de-france/paris/paris/subway-paris-gare-de-lyon-53
restaurants.tacos-avenue.com	Tacos Avenue	restauration	Paris	75	1	https://restaurants.tacos-avenue.com/tacos-puteaux-ladefense/
restaurants.wafflefactory.com	Waffle Factory	restauration	Marseille	13	1	https://restaurants.wafflefactory.com/fr/provence-alpes-cote-dazur/bouches-du-rhone/cabries/waffle-factory-93?q=Plan%20de%20Campagne%252C%20Les%20Pennes-Mirabeau
restaurants786.com	786 – Burger & brasserie	restauration	Paris	75	1	http://restaurants786.com
restaurantsafari.fr	Le Safari	restauration	Nice	6	1	https://www.restaurantsafari.fr/
restaurantsakura.com	Sakura	restauration	Lille	59	1	https://www.restaurantsakura.com/
restaurantsandbars.accor.com	Sans Pression	restauration	Bordeaux	33	2	https://restaurantsandbars.accor.com/fr/restaurant/1281_R001
restaurantscezam.fr	Cézam Burger et Sandwich	restauration	Paris	75	1	http://www.restaurantscezam.fr/
restaurantscrocodile.fr	Crocodile	restauration	Lille	59	1	https://www.restaurantscrocodile.fr/restaurants/restaurant-crocodile-tourcoing
restaurantsebastopol.com	Restaurant Sébastopol	restauration	Lille	59	1	https://www.restaurantsebastopol.com/
restaurantsensation.fr	Sensation	restauration	Montpellier	34	1	https://www.restaurantsensation.fr/
restaurantsensible.fr	Sensible	restauration	Montpellier	34	1	https://restaurantsensible.fr/
restaurantsifnos.com	Sifnos	restauration	Bordeaux	33	1	https://www.restaurantsifnos.com/
restaurantsixsa.com	Sixsa	restauration	Nice	6	1	https://restaurantsixsa.com/
restaurantsourcetlse.com	Source	restauration	Toulouse	31	1	https://www.restaurantsourcetlse.com/
restaurantsuki.com	Suki	restauration	Bordeaux	33	1	https://www.restaurantsuki.com/
restauranttabledoc.com	Table d'Oc	restauration	Montpellier	34	1	https://www.restauranttabledoc.com/
restauranttbilisi.fr	Tbilisi	restauration	Lille	59	1	https://restauranttbilisi.fr/
restaurantuniques33.com	UniqueS	restauration	Bordeaux	33	1	https://www.restaurantuniques33.com/
restaurantvivants.com	Vivants	restauration	Bordeaux	33	1	https://restaurantvivants.com/
restaurantwadina.com	Wadina	restauration	Marseille	13	1	https://www.restaurantwadina.com/
resto-luna.eatbu.com	Resto Luna	restauration	Bordeaux	33	1	https://resto-luna.eatbu.com/
restobellini.fr	Bellini	restauration	Lille	59	1	https://restobellini.fr/
restochut.fr	Resto Chut	restauration	Bordeaux	33	1	https://restochut.fr/
restodragondejade.free.fr	Dragon de Jade	restauration	Marseille	13	1	http://restodragondejade.free.fr/
restokingfood.fr	King food	restauration	Paris	75	1	https://www.restokingfood.fr/
restolebazar.com	Le Bazar	restauration	Montpellier	34	1	https://www.restolebazar.com/
restoleopard.fr	Le Léopard	restauration	Nice	6	1	https://restoleopard.fr
restorwheel.com	S&B Jantes	automobile	Brest	29	1	https://restorwheel.com/ou-reparer-mes-jantes/?region%5B%5D=bretagne
restos.saladandco.fr	Salad&Co	restauration	Lille	59	1	https://restos.saladandco.fr/campus-villeneuve-dascq/
restosaj.com	Saj	restauration	Nice	6	1	https://restosaj.com
restosaveurs.fr	Les Saveurs d'hier et d'aujourd'hui	restauration	Lille	59	1	https://www.restosaveurs.fr/
restoyeti.com	Yeti	restauration	Toulouse	31	1	http://www.restoyeti.com/
retape-mon-velo.com	Retape mon vélo	services_proximite	Paris	75	1	https://retape-mon-velo.com/
retourvertlefutur.org	Retour vert le futur	services_proximite	Paris	75	1	https://retourvertlefutur.org/
retrocarrosserie.fr	Retrocarrosserie	automobile	Toulouse	31	1	https://retrocarrosserie.fr/
revedevelo.com	Rêve de vélo	services_proximite	Montpellier	34	1	https://www.revedevelo.com/
revolte.club	Revolt	automobile	Lyon	69	1	https://www.revolte.club/
rex-tourisme.com	Office de tourisme de l'Armentiérois et des Weppes	services_proximite	Lille	59	1	https://www.rex-tourisme.com
rgommage.fr	R Gommage	services_proximite	Rennes	35	1	https://rgommage.fr/
rhonedistributionsud.fr	Auto Pièces	automobile	Lyon	69	1	http://www.rhonedistributionsud.fr
riboux-felden.com		artisanat_btp	Paris	75	1	https://www.riboux-felden.com/
ricestreet.fr	Rice Street Vieux Port	restauration	Marseille	13	1	https://www.ricestreet.fr/
richard-charpente-dijon.fr	Etablissements Richard	artisanat_btp	Dijon	21	1	https://www.richard-charpente-dijon.fr/
ricordi.fr	Ricordi	restauration	Lille	59	1	https://www.ricordi.fr/
rideandco.com	Ride & Co	services_proximite	Toulouse	31	1	https://rideandco.com/ride-and-co-toulouse/
ridezoomo.com	Zoomo	services_proximite	Paris	75	1	https://ridezoomo.com
ridy.fr	Ridy	services_proximite	Paris	75	1	https://www.ridy.fr/
rinodenicolo.com	Rino De Nicolo	beaute_bienetre	Paris	75	1	https://www.rinodenicolo.com/
ristorante-obeach.com	O Beach	restauration	Montpellier	34	1	https://www.ristorante-obeach.com/
ristorantelume.fr	Lume	restauration	Bordeaux	33	1	https://ristorantelume.fr
ritho.fr	Chez Ritho	restauration	Nice	6	1	https://ritho.fr/
ritta-beaute.com	Ritta Beauté	beaute_bienetre	Paris	75	1	https://www.ritta-beaute.com
rituel-bar-restaurant-lille.fr	Rituel	restauration	Lille	59	1	https://rituel-bar-restaurant-lille.fr/
rituelsdailleurs.fr	Rituels d'Ailleurs	beaute_bienetre	Rouen	76	1	https://www.rituelsdailleurs.fr/
riva-toiture.com	Riva Toiture	artisanat_btp	Nancy	54	1	https://www.riva-toiture.com/
rizana.fr	Le Rizana	restauration	Bordeaux	33	1	https://www.rizana.fr/
rle-rennes.com	Roue Libre Électrique	services_proximite	Rennes	35	1	https://www.rle-rennes.com/
rmancycles.com	RMAN Cycles	services_proximite	Paris	75	1	https://www.rmancycles.com/
rmc-renov.artetfenetres.com	Art & Fenêtres	artisanat_btp	Paris	75	1	https://rmc-renov.artetfenetres.com/adresses-magasins/paris-12-75012.php
rmtoiture.fr	RM Toiture	artisanat_btp	Brest	29	1	www.rmtoiture.fr
road-art-13.com	Road Art	services_proximite	Marseille	13	1	https://www.road-art-13.com/
roady.fr	Roady	automobile	Montpellier	34	2	https://www.roady.fr/
roarburger.fr	Maestro	restauration	Paris	75	1	https://roarburger.fr/paris14e/
robato-ramen.fr	Robato	restauration	Marseille	13	1	https://robato-ramen.fr
roberta-caffe.fr	Roberta	restauration	Paris	75	1	https://www.roberta-caffe.fr
roberto-nidi.com	Roberto Nidi	beaute_bienetre	Toulouse	31	1	https://www.roberto-nidi.com
robertostari.fr	Coiffeur Barbier d'Ainay	beaute_bienetre	Lyon	69	4	https://www.robertostari.fr/
rocha-restaurant.fr	Ro'cha	restauration	Bordeaux	33	1	https://rocha-restaurant.fr
rocheautosport.fr	Roche Auto-Sport	automobile	Metz	57	1	https://www.rocheautosport.fr
rock-hill.fr	Le Rock Hill	restauration	Bordeaux	33	1	https://rock-hill.fr/
rockbillburger.foxorders.com	Le Rock Hill	restauration	Bordeaux	33	1	https://rockbillburger.foxorders.com/category-le-rock-ill-burger-le-bouscat-33110-21594-0.html
rocknrolls-mtp.fr	Rock'n'Rolls Mtp	restauration	Montpellier	34	1	https://rocknrolls-mtp.fr
roclim.fr	Roclim	artisanat_btp	Paris	75	1	https://www.roclim.fr
rodizio-brazil.fr	Rodizio Brazil	restauration	Lille	59	1	https://rodizio-brazil.fr/lille/
rogerhamoui.com	Roger Hamoui-Haute Coiffure	beaute_bienetre	Paris	75	1	http://www.rogerhamoui.com/
roharestaurant.fr	Roha	restauration	Marseille	13	1	https://www.roharestaurant.fr/
rokcomptoiriode.com	rök	restauration	Lille	59	1	https://www.rokcomptoiriode.com/
romagnakitchen.com	Romagna kitchen	restauration	Montpellier	34	1	http://romagnakitchen.com
romapizzeria.fr	Roma Pizzeria	restauration	Bordeaux	33	1	https://romapizzeria.fr/
ronal-wheels.com	Ronal	automobile	Metz	57	1	https://www.ronal-wheels.com/fr/
ronys.fr	Restaurant Le Rony's	restauration	Nice	6	1	https://ronys.fr/
roofmart.fr	Roofmart	artisanat_btp	Rouen	76	1	https://www.roofmart.fr/
roomiesburger.fr	Roomies	restauration	Paris	75	1	https://roomiesburger.fr/
roots-of-berlin-berliner-kebab.g4r.net	Roots of Berlin	restauration	Paris	75	1	https://roots-of-berlin-berliner-kebab.g4r.net/
rootsculture.fr	Roots Culture	beaute_bienetre	Lyon	69	1	https://rootsculture.fr
roquetteetsucrine.fr	Roquette et Sucrine	restauration	Toulouse	31	1	https://roquetteetsucrine.fr/
rosae-resto.be	Rosae	restauration	Lille	59	1	http://www.rosae-resto.be
rosedasie.business.site	Rose d'Asie	beaute_bienetre	Paris	75	1	https://rosedasie.business.site/
rosemechanic.fr	Rose Mechanic	services_proximite	Paris	75	1	https://rosemechanic.fr
rotisserie-cesar.fr	Rôtisserie César	restauration	Marseille	13	1	https://rotisserie-cesar.fr/
rotisserie-labelferme.fr	Label'Ferme	restauration	Marseille	13	1	https://www.rotisserie-labelferme.fr/
rotisseriepoulettes.fr	Rôtisserie Poulettes	restauration	Bordeaux	33	1	https://www.rotisseriepoulettes.fr/
rotistreet.fr	Rotistreet	restauration	Paris	75	1	http://www.rotistreet.fr
roubam.fr	Roubam	services_proximite	Lyon	69	1	https://roubam.fr/
rouen-bouge.fr	L'Atelier de Marie	beaute_bienetre	Rouen	76	1	https://rouen-bouge.fr/bien-etre/latelier-de-marie/
rouen-depannage.services	Rouen Dépannage Services	artisanat_btp	Rouen	76	1	https://rouen-depannage.services/
rouen-sud.axenergie.eu	Gérard Service Gaz	artisanat_btp	Rouen	76	1	https://rouen-sud.axenergie.eu
rouengarage.fr	Rouen Garage	automobile	Rouen	76	1	https://rouengarage.fr/
roues-libres-charenton.fr	Roues Libres	services_proximite	Paris	75	1	https://roues-libres-charenton.fr
roues.fr	Roues	services_proximite	Paris	75	1	https://www.roues.fr/
rouez-chauffage-sanitaires-92.fr	Guy Rouez	artisanat_btp	Paris	75	1	https://www.rouez-chauffage-sanitaires-92.fr/
rouge-restaurant.fr	Rouge	restauration	Nice	6	1	https://rouge-restaurant.fr/
rougebarre.fr	Rouge Barre	restauration	Lille	59	1	https://www.rougebarre.fr
rougecomptoir.fr	Rouge Comptoir	restauration	Toulouse	31	1	https://www.rougecomptoir.fr/
roule-nordiste.fr	Roule Nordiste	services_proximite	Lille	59	1	https://www.roule-nordiste.fr/
roulemafrite31.fr	Roule Ma Frite 31	automobile	Toulouse	31	1	https://roulemafrite31.fr/
rouleraoul.com	Roule Raoul	services_proximite	Paris	75	1	https://www.rouleraoul.com/
roulezchampions.fr	Roulez Champions	services_proximite	Paris	75	1	https://roulezchampions.fr
roulo.fr	Roulo	restauration	Paris	75	1	https://roulo.fr
roundeggbuns.com	Round	restauration	Paris	75	1	https://www.roundeggbuns.com/
route-des-inde-restaurant-nice.com	Route des Inde	restauration	Nice	6	1	https://www.route-des-inde-restaurant-nice.com/
routens.com	Routens Evolution Gières	services_proximite	Grenoble	38	1	https://www.routens.com
routesandroads.fr	Routes & Roads	services_proximite	Paris	75	1	https://routesandroads.fr/
royal-buffet-toulouse.com	Royal Buffet	restauration	Toulouse	31	1	https://www.royal-buffet-toulouse.com/
royal-burger.fr	Royal Burger	restauration	Lille	59	1	https://www.royal-burger.fr/
royalbatiservices.com	Royal Bati Services	artisanat_btp	Paris	75	1	https://www.royalbatiservices.com
royalbuffet.fr	Royal Buffet	restauration	Toulouse	31	1	https://royalbuffet.fr/toulouse-atlanta/
royalburger-lyon.fr	Royal Burger	restauration	Lyon	69	1	http://www.royalburger-lyon.fr
royalburgercity.fr	Royal Burger City	restauration	Lille	59	1	https://royalburgercity.fr/hellemmes
royalkashmir-nice.fr	Royal Kashmir	restauration	Nice	6	1	https://www.royalkashmir-nice.fr/
royalkechmara.fr	Royal Kechmara	restauration	Marseille	13	1	https://royalkechmara.fr/
royalpressing.com	Royal Pressing	services_proximite	Paris	75	1	https://www.royalpressing.com/
royalspa.fr	Royal Spa	beaute_bienetre	Lyon	69	1	https://www.royalspa.fr/
royaltandoori-lyon.fr	Royal Tandoori	restauration	Lyon	69	1	https://royaltandoori-lyon.fr
royalthai.fr	Royal Thai	beaute_bienetre	Paris	75	1	https://royalthai.fr/
rpcerame.fr	RP Cérame	artisanat_btp	Mulhouse	68	1	http://www.rpcerame.fr
rpleclub.com	Raphael Perrier	beaute_bienetre	Toulouse	31	1	https://www.rpleclub.com/
rstudio.free.fr	R studio	beaute_bienetre	Toulouse	31	1	http://rstudio.free.fr/
rstyle-coiffure.com		beaute_bienetre	Lyon	69	1	https://www.rstyle-coiffure.com/
rueil-malmaison.cyclable.com	Cyclable	services_proximite	Paris	75	1	https://rueil-malmaison.cyclable.com/
ruhlplage.com	Ruhl Plage	restauration	Nice	6	1	https://ruhlplage.com/
rushour-direct.io	Noodle Panda	restauration	Paris	75	1	https://www.rushour-direct.io/s/noodlepanda/
rustine-beaulieu.weebly.com	La Rustine de Beaulieu	services_proximite	Rennes	35	1	https://rustine-beaulieu.weebly.com
s-audio.fr	S-AUDIO	services_proximite	Paris	75	1	https://www.s-audio.fr
s-mobile-access.fr	S Mobile Access	services_proximite	Toulouse	31	1	https://s-mobile-access.fr/
s.pizza	Spizza - Fac de Lettres Montpellier	restauration	Montpellier	34	1	https://www.s.pizza/
saaphone.fr	SaaPhone	services_proximite	Lille	59	1	https://SaaPhone.fr
sabaydee-thaispa.com	Sabai Dee Thaï spa	beaute_bienetre	Paris	75	1	https://www.sabaydee-thaispa.com
sabouest.com	Menuiseries In & Out	artisanat_btp	Rennes	35	1	https://www.sabouest.com/lentreprise
sabynails.com	Saby nails	beaute_bienetre	Paris	75	1	https://www.sabynails.com
sabzh.fr	Sabzh	beaute_bienetre	Nantes	44	1	https://www.sabzh.fr
saccoccio.fr	Saccoccio	artisanat_btp	Marseille	13	1	https://saccoccio.fr/
sacha.onlc.fr	NSV Coiffure	beaute_bienetre	Toulouse	31	1	http://sacha.onlc.fr/
sacovelo.fr	SACO Vélo	services_proximite	Montpellier	34	1	https://sacovelo.fr/
saforge-veranda-lehavre.fr	Saforge	artisanat_btp	Le Havre	76	1	https://www.saforge-veranda-lehavre.fr/
saga-mercedes-benz.com	Mercedes-Benz	automobile	Angers	49	1	https://www.saga-mercedes-benz.com/concessions/saga-angers
saigon2.fr	Saïgon 2	restauration	Lille	59	1	http://saigon2.fr/
sainghin-en-weppes.fr	CYCL'on	services_proximite	Lille	59	1	http://www.sainghin-en-weppes.fr/cyclon/
saint-algue.com	Saint Algue	beaute_bienetre	Paris	75	1	https://www.saint-algue.com/salon-2628/coiffeur/6-rue-guichard-94230-cachan
saint-etienne.cyclable.com	La Rue à Vélo	services_proximite	Saint-Etienne	42	1	https://saint-etienne.cyclable.com/
saint-francois-auto.com	Saint-François Autos	automobile	Saint-Etienne	42	1	https://www.saint-francois-auto.com/
saint-germain-en-laye.centreservices.fr	Centre Services Saint-Germain-en-Laye - Ménage	services_proximite	Paris	75	1	https://saint-germain-en-laye.centreservices.fr/
saint-helier-cordo.fr	Cordonnerie Saint-Hélier	services_proximite	Rennes	35	1	https://saint-helier-cordo.fr/
saint-laurent-coiffure.com	Saint-Laurent Coiffure	beaute_bienetre	Nantes	44	1	https://saint-laurent-coiffure.com
saint-leu-la-foret.centreservices.fr	Centre Services Saint-Leu-la-Forêt - Ménage	services_proximite	Paris	75	1	https://saint-leu-la-foret.centreservices.fr
saint-mande.cyclable.com	Cyclable	services_proximite	Paris	75	1	https://saint-mande.cyclable.com/
saint-maur.aqualogia.fr	Aqualogia	services_proximite	Paris	75	1	https://saint-maur.aqualogia.fr
saintantoine.aphp.fr		restauration	Paris	75	1	https://saintantoine.aphp.fr/la-cafeteria-point-presse/
sainte-raphine.fr	Domaine Sainte Raphine	restauration	Bordeaux	33	1	https://www.sainte-raphine.fr/
saintmartinlevelo.fr	Saint Martin le Vélo	services_proximite	Grenoble	38	1	https://www.saintmartinlevelo.fr
saintpierre91.org	L'En-cas	restauration	Paris	75	1	https://saintpierre91.org
saisons-caveamanger.com	Saisons - Cave à Manger	restauration	Lille	59	1	https://www.saisons-caveamanger.com/
sakesushi.fr	Saké Sushi	restauration	Toulouse	31	1	http://www.sakesushi.fr/
sakura-sushi.fr	Sakura Sushi	restauration	Nice	6	1	https://sakura-sushi.fr/
sakurasan.fr	Sakura san	restauration	Bordeaux	33	1	http://www.sakurasan.fr/www.sakurasan.fr/Accueil.html
sakuraya.fr	Sakuraya	restauration	Toulouse	31	1	https://www.sakuraya.fr/
salad-in.fr	Salad'in	restauration	Bordeaux	33	1	https://www.salad-in.fr
saladandco.fr	Salade&Co	restauration	Lille	59	1	https://www.saladandco.fr/restaurant/restaurant-villeneuve-dascq
saladeaddict.fr	Salade Addict	restauration	Lyon	69	1	https://saladeaddict.fr
saladerie-artis.fr	Artis	restauration	Bordeaux	33	1	https://www.saladerie-artis.fr/
salathai.fr	Sala Thai	restauration	Bordeaux	33	1	http://www.salathai.fr/
salette-restaurant.fr	Salette	restauration	Nice	6	1	https://www.salette-restaurant.fr
salica.fr	Salica Anconetti	artisanat_btp	Nice	6	1	https://www.salica.fr/depots/depot-nice-6606702.html
salledebainlegrandrennes.fr	Le Grand Plomberie Chauffagiste	artisanat_btp	Rennes	35	1	https://salledebainlegrandrennes.fr/
salon-afro-antillais.fr	Salon Valérie Estelle	beaute_bienetre	Paris	75	1	https://salon-afro-antillais.fr/
salon-annabelle.esy.es	Annabelle	beaute_bienetre	Paris	75	1	http://salon-annabelle.esy.es/
salon-beaute-coiffure-celle-st-cloud.fr	Comme Une Coupe	beaute_bienetre	Paris	75	1	https://salon-beaute-coiffure-celle-st-cloud.fr/
salon-camille-coiffure.fr	Camille Coiffure	beaute_bienetre	Paris	75	1	http://salon-camille-coiffure.fr/
salon-coiffure-toulouse.com	Christophe Guilhemat	beaute_bienetre	Toulouse	31	1	http://www.salon-coiffure-toulouse.com/
salon-de-coiffure-daniel-talien.com	Salon Daniel Talien	beaute_bienetre	Lyon	69	1	https://www.salon-de-coiffure-daniel-talien.com/
salon-dessange.com	Dessange	beaute_bienetre	Paris	75	1	https://salon-dessange.com/paris-republique
salon-dutto.business.site	Salon Dutto Francois	beaute_bienetre	Paris	75	1	https://salon-dutto.business.site/
salon-fr.lorealprofessionnel.com	Elle & Lui	beaute_bienetre	Paris	75	1	https://salon-fr.lorealprofessionnel.com/27147-elle-et-lui-coiffure
salon-hair-zen.com	Hair Zen	beaute_bienetre	Rouen	76	1	https://salon-hair-zen.com
salon-intemporelles.fr	Intempor'Elles	beaute_bienetre	Toulouse	31	1	https://www.salon-intemporelles.fr/
salon-jordana-toulouse.fr	Le Club Jordana	beaute_bienetre	Toulouse	31	2	https://www.salon-jordana-toulouse.fr/le-club-jordana
salon-makingof.fr	Making Of	beaute_bienetre	Saint-Etienne	42	1	http://www.salon-makingof.fr
salon-mathis.com	Mathis	beaute_bienetre	Paris	75	1	http://www.salon-mathis.com/
salon-nouvlhair.com	Nouv’L Hair	beaute_bienetre	Paris	75	1	https://www.salon-nouvlhair.com/
salon-patchoulie.com	Patchoulie	beaute_bienetre	Lyon	69	1	https://www.salon-patchoulie.com/
salon-sur-cour.ecoif.fr	Salon sur Cour	beaute_bienetre	Paris	75	1	https://salon-sur-cour.ecoif.fr/
salon-thierrylallement.fr	Salon Thierry Lallement	beaute_bienetre	Paris	75	1	https://salon-thierrylallement.fr/
salon.camillealbane.com	Camille Albane	beaute_bienetre	Paris	75	6	https://salon.camillealbane.com/
salon.dessange.com	Dessange	beaute_bienetre	Paris	75	4	https://salon.dessange.com/fr/salon-coiffure/versailles
salon.diloys.fr	Diloy's	beaute_bienetre	Toulouse	31	2	https://salon.diloys.fr/811529-diloy-s-blagnac
salon.ericstipa.com	Eric Stipa	beaute_bienetre	Paris	75	1	https://salon.ericstipa.com/698862-salon-eric-stipa-boulogne
salon.excel-coiffure.com	Excel Coiffure	beaute_bienetre	Toulouse	31	1	https://salon.excel-coiffure.com/excel-coiffure/fr/salon/france/occitanie/haute-garonne/toulouse/toulouse/16
salon.lorealprofessionnel.fr	Au Cosy	beaute_bienetre	Toulouse	31	1	https://salon.lorealprofessionnel.fr/268736-au-cosy
salon.medard-coiffure.fr	Médard Coiffeur Visagiste	beaute_bienetre	Rouen	76	2	https://salon.medard-coiffure.fr/23-medard-coiffeur-visagiste-le-mesnil-esnard
salon6emesenscoiffure.fr	6e Sens Coiffure	beaute_bienetre	Toulouse	31	1	https://www.salon6emesenscoiffure.fr/
salonamelieparis15.fr	Amélie	beaute_bienetre	Paris	75	1	https://www.salonamelieparis15.fr
saloncoiffure-lyon.com	Addict by Concept	beaute_bienetre	Lyon	69	1	https://www.saloncoiffure-lyon.com/
salonconfort.fr	Le Salon Confort	beaute_bienetre	Lyon	69	1	http://www.salonconfort.fr/
salondiana.fr	Salon Diana	beaute_bienetre	Saint-Etienne	42	1	https://www.salondiana.fr/
salondukesbarber.com	Duke's Barber	beaute_bienetre	Paris	75	1	https://salondukesbarber.com/le-salon-de-sceaux/
salonfabienmorin.com	Fabien Morin	beaute_bienetre	Paris	75	1	https://salonfabienmorin.com/
salonhairmind.com	Salon Hair Mind	beaute_bienetre	Toulouse	31	1	https://www.salonhairmind.com/
salonhanna.fr	Salon Hanna	beaute_bienetre	Paris	75	1	https://salonhanna.fr/
salonkatialaunay.com	Katia Launay	beaute_bienetre	Rouen	76	1	http://www.salonkatialaunay.com
salonkf.com	Salon KF	beaute_bienetre	Nantes	44	1	https://salonkf.com/
salonlaurencef.fr	Laurence Foissotte	beaute_bienetre	Paris	75	1	https://www.salonlaurencef.fr/
salonlelabo.com	Le Labo	beaute_bienetre	Nantes	44	1	https://www.salonlelabo.com/
salonlesfrangines.fr	Les Frangines	beaute_bienetre	Nantes	44	2	https://www.salonlesfrangines.fr/
salonlm.fr	Salon LM	beaute_bienetre	Lyon	69	1	https://salonlm.fr/
salonmalacoiff.com	Mala'Coiff	beaute_bienetre	Nantes	44	1	http://salonmalacoiff.com/
salonmarlow.com	Marlow	beaute_bienetre	Paris	75	1	https://salonmarlow.com/
salonmaxime.fr	Salon Maxime	beaute_bienetre	Paris	75	1	https://www.salonmaxime.fr
salonparticulier.com	Salon Particulier	beaute_bienetre	Lyon	69	1	https://www.salonparticulier.com/
salonromuald.fr	Romuald	beaute_bienetre	Paris	75	1	https://www.salonromuald.fr
salons.atelierintermede.fr	L’Atelier Intermède	beaute_bienetre	Paris	75	1	https://salons.atelierintermede.fr/fr/coiffeur/france-33/hauts-de-seine-92/antony-92002/atelier-intermede-5879
salons.couleursgaia.com	Couleurs Gaïa	beaute_bienetre	Paris	75	1	https://salons.couleursgaia.com/salon/paris
salons.franckprovost.com	Franck Provost	beaute_bienetre	Paris	75	1	https://salons.franckprovost.com/fr/coiffeur/france-33/essonne-91/brunoy-91114/franck-provost-961
salons.jeanlouisdavid.com	Jean Louis David	beaute_bienetre	Paris	75	5	https://salons.jeanlouisdavid.com/fr/coiffeur/france-33/paris-75/paris-75118/jean-louis-david-5125
salons.tchip.fr	Tchip	beaute_bienetre	Paris	75	1	https://salons.tchip.fr/95318271908660/salon-coiffure-sannois
salons.vog.fr	Vog Coiffure	beaute_bienetre	Nantes	44	2	https://salons.vog.fr/25060287193157/salon-coiffure-reze
salonsurmesure.com	Sur Mesure	beaute_bienetre	Paris	75	1	http://www.salonsurmesure.com/
salonteteatete.fr	Tête à tête	beaute_bienetre	Paris	75	1	https://salonteteatete.fr/
sam-coiffure.fr	Sam Coiffure	beaute_bienetre	Lyon	69	1	https://sam-coiffure.fr/
samaki-food.fr	Samaki	restauration	Nice	6	1	https://samaki-food.fr/
samakpatrick.com	Samak	artisanat_btp	Lyon	69	1	https://www.samakpatrick.com/
samam.eatbu.com	SAMAM	restauration	Paris	75	1	https://samam.eatbu.com
sanamente.fr	Sanamente	beaute_bienetre	Paris	75	1	https://www.sanamente.fr/le-centre
sandoclub.fr	Sando Club	restauration	Paris	75	1	https://sandoclub.fr/
sandrine-barlan-coiffure.com	Coiffure Sandrine Barlan	beaute_bienetre	Toulouse	31	1	https://www.sandrine-barlan-coiffure.com/
sandwicheriedupontneuf.com	Sandwicherie du Pont Neuf	restauration	Lille	59	1	https://www.sandwicheriedupontneuf.com/
sanigaz-idf-paris.fr		artisanat_btp	Paris	75	1	https://sanigaz-idf-paris.fr/plombier-chauffagiste-contact
sanitherme.fr	Sanitherme	artisanat_btp	Paris	75	1	https://www.sanitherme.fr
sanizinc.fr	Sanizinc	artisanat_btp	Toulouse	31	1	https://www.sanizinc.fr/
santallier.fr	Société Santallier	artisanat_btp	Paris	75	1	https://www.santallier.fr
santapizza.fr	Santa Pizza	restauration	Marseille	13	1	https://www.santapizza.fr/
santosha-streetfood.com	Santosha	restauration	Toulouse	31	1	https://santosha-streetfood.com/fr/etablissement/santosha-toulouse-6445
santosha.cool	Le Santosha	restauration	Bordeaux	33	1	https://www.santosha.cool/restaurant/santosha-bordeaux
saone-auto.fr	Garage Renault	automobile	Besancon	25	1	http://www.saone-auto.fr
saothairelaxation.fr	Sao Thaï Relaxation	beaute_bienetre	Nantes	44	1	https://www.saothairelaxation.fr/nantes.html
sapah.fr	Sapah	services_proximite	Paris	75	1	https://www.sapah.fr/
saphirthaispa.fr	Saphir	beaute_bienetre	Paris	75	1	https://www.saphirthaispa.fr/
sapido.fr	Sapido	restauration	Lyon	69	1	https://sapido.fr
sapori-mood-and-food-restaurant-nice.com	Sapori	restauration	Nice	6	1	https://www.sapori-mood-and-food-restaurant-nice.com/
sarayexpress.fr	Saray Express	restauration	Lille	59	1	https://sarayexpress.fr/
sarl-crivelli.fr	Pirelli	artisanat_btp	Rouen	76	1	https://www.sarl-crivelli.fr/
sarlcbonneau.fr	Sarl Bonneau	artisanat_btp	Orleans	45	1	https://sarlcbonneau.fr
sarlprocelec.fr	ProCelec	artisanat_btp	Dijon	21	1	https://sarlprocelec.fr
sarpe.fr	Sarpe	artisanat_btp	Rouen	76	1	https://www.sarpe.fr/
sas-abv.fr	ABV	artisanat_btp	Amiens	80	1	https://sas-abv.fr/
sas-renovplus.com	Renov+	artisanat_btp	Rennes	35	1	https://sas-renovplus.com/
sashimifood.my.canva.site	Sashimi Food	restauration	Toulouse	31	1	https://sashimifood.my.canva.site/
satel35.fr	Satel	artisanat_btp	Rennes	35	1	https://www.satel35.fr/
sauralec.fr	Sauralec	artisanat_btp	Lyon	69	1	https://sauralec.fr/
sauterelletoulouse.wordpress.com	La Sauterelle	restauration	Toulouse	31	1	https://sauterelletoulouse.wordpress.com
sav-canon.fr	MySAV SUD - SAV CANON	services_proximite	Lyon	69	1	http://sav-canon.fr/eos-sud.html
savane-mousson.fr	Food Bus Savane & Mousson	restauration	Paris	75	1	https://www.savane-mousson.fr/le-bus-paris-13eme/
save.co	Save	services_proximite	Paris	75	1	https://save.co
saveurs-alsace.fr	Saveurs d’Alsace	restauration	Bordeaux	33	1	https://saveurs-alsace.fr/
saveurs-du-nord.fr	Saveurs du nord	restauration	Lille	59	1	https://www.saveurs-du-nord.fr/
saveursbasilic.com	Saveurs Basilic	restauration	Toulouse	31	1	https://www.saveursbasilic.com/
saveursmusiquesdumonde.com	Restaurant Chez Nicole	restauration	Toulouse	31	1	https://www.saveursmusiquesdumonde.com/
saveursrecamier.fr	Saveurs Récamier	restauration	Lyon	69	1	https://www.saveursrecamier.fr
savoiacaffe.eatbu.com	Savoia Caffe	restauration	Nice	6	1	https://savoiacaffe.eatbu.com
sawaithai.fr	Sawai Thai	beaute_bienetre	Paris	75	1	https://sawaithai.fr
sawasdee-nice.fr	Sawasdee	restauration	Nice	6	1	https://www.sawasdee-nice.fr/
sbonancy.com	SAS SBO	artisanat_btp	Nancy	54	1	http://sbonancy.com/sbo.html
sbp-ravalement.com	SBP Bâtiment	artisanat_btp	Paris	75	1	https://www.sbp-ravalement.com
sc-creation.fr	SC Création	beaute_bienetre	Rouen	76	1	http://www.sc-creation.fr
scania.com	Amer Poids Lourds	automobile	Nancy	54	1	https://www.scania.com/fr/fr/home/admin/misc/dealer/dealer-details.html?dealer=c85947d8-3c79-4935-a8d2-6ac03a24732f
scbike91.fr	SC Bike	services_proximite	Paris	75	1	https://www.scbike91.fr/
sceereims.fr	Société Champardennaise d'Entreprises Electriques	artisanat_btp	Reims	51	1	https://www.sceereims.fr/
scenedemenage.com	Scène de ménage	services_proximite	Paris	75	1	https://scenedemenage.com/
schaff-carrosserie.com	Schaff Carrosserie	automobile	Metz	57	1	https://schaff-carrosserie.com
schaub-francis.com	Françis Schaub	artisanat_btp	Mulhouse	68	1	https://www.schaub-francis.com
schmitt-ney.fr	Schmitt-Ney	artisanat_btp	Paris	75	1	http://www.schmitt-ney.fr/
schwartzsdeli.fr	Schwartz Hot Dog	restauration	Paris	75	1	https://www.schwartzsdeli.fr/en
scomsaj.com	S com Saj	restauration	Toulouse	31	1	http://scomsaj.com/
sebbasb.wixsite.com	Le Petit Salon	beaute_bienetre	Toulouse	31	1	https://sebbasb.wixsite.com/lepetitsalon
secamic.com	Secamic	services_proximite	Paris	75	1	https://secamic.com/
secret-beaute.com	Secret de Beauté	beaute_bienetre	Rouen	76	1	https://secret-beaute.com
secrets-institut.fr	Secrets	beaute_bienetre	Nantes	44	1	https://www.secrets-institut.fr/institut-de-beaute-de-soin-nantes-centre-ville-hotel-radisson-rue-mercoeur/
securipose.com	Menuiserie SecuriPose	artisanat_btp	Perpignan	66	1	https://www.securipose.com/
seennice.com	Seen	restauration	Nice	6	1	https://seennice.com
sefed.fr	Sefed	restauration	Montpellier	34	1	https://sefed.fr/
seg-malherbe.com	S.E.G. Malherbe	artisanat_btp	Paris	75	1	https://www.seg-malherbe.com/
segospa.com	Ségo'Spa	beaute_bienetre	Paris	75	1	https://www.segospa.com/
seineprivee.com	Seine Privée	beaute_bienetre	Paris	75	1	https://seineprivee.com
sejourcafe.com	Le Séjour Café	restauration	Nice	6	1	https://www.sejourcafe.com/
selectpoidslourds.com	Select Poids Lourds 49	automobile	Angers	49	1	https://www.selectpoidslourds.com/
self-meca-concept.fr	Self Meca Concept	automobile	Brest	29	1	https://www.self-meca-concept.fr
selfmotoservice.fr	Self Moto Service	automobile	Toulouse	31	1	https://www.selfmotoservice.fr/
selv.fr	FlexiLease	automobile	Nimes	30	1	https://selv.fr/
selva-store.fr	Selva	beaute_bienetre	Lyon	69	1	https://www.selva-store.fr
sendosushi.fr	Sen'do Sushi	restauration	Toulouse	31	1	https://www.sendosushi.fr/
sensation-zen.fr	Sensation Zen	beaute_bienetre	Paris	75	1	https://sensation-zen.fr/
sentimi.fr	Sentimi	restauration	Nice	6	1	https://sentimi.fr/
seoulrestaurantcoreen.com	Séoul	restauration	Toulouse	31	1	http://seoulrestaurantcoreen.com/
sephival.com	Se Phi Val	beaute_bienetre	Toulouse	31	1	https://sephival.com/
septentrion.fr	Le Septentrion	restauration	Lille	59	1	https://www.septentrion.fr
septiemelargeur.fr	Septième Largeur	services_proximite	Paris	75	1	http://www.septiemelargeur.fr
sequoiapressing.fr	Sequoia Pressing	services_proximite	Paris	75	1	https://www.sequoiapressing.fr/
serap-peinture.fr	SERAP	artisanat_btp	Lorient	56	1	https://www.serap-peinture.fr/
serenapizza.com	Serena Pizza	restauration	Toulouse	31	1	https://serenapizza.com/
seressences.business.site	Seressences	beaute_bienetre	Nantes	44	1	https://seressences.business.site
sergio-bossi.fr	Sergio Bossi	beaute_bienetre	Paris	75	1	https://sergio-bossi.fr
sergiopizza.fr	Foodtruck Sergio Pizza	restauration	Paris	75	1	https://www.sergiopizza.fr/
serplaste.fr	Serplaste	artisanat_btp	Dijon	21	1	https://www.serplaste.fr/agences/dijon/
servella-restaurant-epicerie.com	Servella	restauration	Nice	6	1	https://servella-restaurant-epicerie.com/
servella.fr	Servella	restauration	Nice	6	1	https://www.servella.fr/
service-net-paysage.fr	Service Net Paysage	artisanat_btp	Paris	75	1	https://www.service-net-paysage.fr/
servicecampingcar.com	Service Camping Car	automobile	Montpellier	34	1	https://servicecampingcar.com
servicesauxmobiles.fr	SAM Services Aux Mobiles	services_proximite	Lille	59	1	https://servicesauxmobiles.fr/
serways.de	Gusticus	restauration	Strasbourg	67	1	https://www.serways.de/standorte/renchtal-west/
seven7park.fr	Seven Set Park	restauration	Marseille	13	1	http://www.seven7park.fr/
sevencoiffure.fr	Le Seven	beaute_bienetre	Toulouse	31	1	https://www.sevencoiffure.fr/
sevenline.fr	Seven Bistro	restauration	Toulouse	31	1	https://www.sevenline.fr/bar-restaurant/
sevigne-peinture.com	Sévigné Peinture	artisanat_btp	Rennes	35	1	https://sevigne-peinture.com/
seychelleshaircare.fr	Seychelles Coiffure	beaute_bienetre	Nantes	44	1	http://seychelleshaircare.fr
seyssinetrepaircafe.wordpress.com	Repair Café de Seyssinet	services_proximite	Grenoble	38	1	https://seyssinetrepaircafe.wordpress.com/
sfdcantony.com	SFDC	artisanat_btp	Paris	75	1	https://www.sfdcantony.com
sffe.fr	SFFE	artisanat_btp	Paris	75	1	http://www.sffe.fr/
shahjahanfoods-toulouse.fr	Shah Jahan Foods	restauration	Toulouse	31	1	https://www.shahjahanfoods-toulouse.fr/
sham-restaurant-toulouse.eatbu.com	Sham	restauration	Toulouse	31	1	https://sham-restaurant-toulouse.eatbu.com
shams-food.fr	Pizza Five	restauration	Paris	75	1	https://shams-food.fr/
shangri-labeaute.fr	Shangri La Beauté	beaute_bienetre	Paris	75	1	https://www.shangri-labeaute.fr
share-wood.fr	Share-Wood	artisanat_btp	Marseille	13	1	https://share-wood.fr/
shawarmama.fr	Shawar'mama	restauration	Paris	75	1	https://www.shawarmama.fr/
shawarmax.fr	Shawarma d'Alep	restauration	Lyon	69	1	https://shawarmax.fr
shawerman.fr	Shawerman	restauration	Lyon	69	1	https://shawerman.fr/
shazi.fr	Shazi	restauration	Nice	6	1	https://www.shazi.fr/
shcycles.fr	Cycles SH	services_proximite	Montpellier	34	1	https://www.shcycles.fr/
shebeaute.fr	She's Beaute	beaute_bienetre	Lyon	69	1	https://shebeaute.fr
shinespa.fr	Shine Spa	beaute_bienetre	Lyon	69	1	https://www.shinespa.fr
shinoboy.fr	Shino Boy	restauration	Paris	75	1	https://shinoboy.fr/
shinyaramen.fr	Shin-Ya Ramen	restauration	Toulouse	31	1	https://shinyaramen.fr/
shiva.fr	Shiva	services_proximite	Paris	75	6	https://shiva.fr
shmlehavre.fr	Société havraise de menuiserie	artisanat_btp	Le Havre	76	1	https://www.shmlehavre.fr/
shoptoncycle.fr	Shop ton cycle	services_proximite	Lille	59	1	https://shoptoncycle.fr
showroomtechnal-orsay-saclay.fr	Maisons de Lumière by Technal	artisanat_btp	Paris	75	1	https://www.showroomtechnal-orsay-saclay.fr/
shuriken-lille.fr	Shuriken	restauration	Lille	59	1	http://www.shuriken-lille.fr/
siatherm.fr	Siatherm	artisanat_btp	Paris	75	1	https://siatherm.fr/
sicilia-in-gondola.fr	Sicilia in Gondola	restauration	Paris	75	1	https://sicilia-in-gondola.fr
sicoval.fr	La place des saveurs	restauration	Toulouse	31	1	https://www.sicoval.fr/fr/sortir/place-des-saveurs/place-des-saveurs-lac-de-labege-enova-toulouse.html
sid-tacos.eatbu.com	Sid Tacos	restauration	Bordeaux	33	1	https://sid-tacos.eatbu.com/?lang=fr
sidcarrosserie.com	SID Carrosserie	automobile	Montpellier	34	1	https://www.sidcarrosserie.com/
sidimansour.fr	Sidi Mansour	restauration	Paris	75	1	https://www.sidimansour.fr/
sidv.fr	Sidv Comptoir	artisanat_btp	Bordeaux	33	1	https://www.sidv.fr/
signature-beaute-rouen.com	Signature Beauté	beaute_bienetre	Rouen	76	1	https://signature-beaute-rouen.com/
signature-etchebest.com	Signature par Philippe Etchebest	restauration	Bordeaux	33	1	https://www.signature-etchebest.com/
signorizza.com	Signorizza	restauration	Toulouse	31	1	https://www.signorizza.com
sikaru.fr	Sikaru	restauration	Lille	59	1	https://www.sikaru.fr/
silexetfourchette.com	Silex & Fourchette	restauration	Toulouse	31	1	https://www.silexetfourchette.com/
silfeo.fr	Silfeo	artisanat_btp	Dijon	21	1	https://silfeo.fr/
siligom.fr	SiliGom	automobile	Metz	57	1	https://www.siligom.fr/centres/moulins-les-metz/875-anais-pneu
silvia-multiservice.fr	Silvia	services_proximite	Paris	75	1	https://silvia-multiservice.fr/
simeisdelice.fr	Simeïs Délice	restauration	Lille	59	1	https://simeisdelice.fr/
simoncoiffeurdefamille.com	Simon	beaute_bienetre	Paris	75	1	http://www.simoncoiffeurdefamille.com
simonemahler.com	Simone Mahler	beaute_bienetre	Toulouse	31	1	https://www.simonemahler.com/fr/institut/47-toulouse
sinesthetique.fr	Sin Esthetique	beaute_bienetre	Paris	75	1	http://www.sinesthetique.fr/
singh-paris.com	Singh	restauration	Paris	75	1	https://singh-paris.com/
singlebikes.fr	SingleBikes	services_proximite	Paris	75	1	https://singlebikes.fr
sisley-paris.com	Sisley Paris	beaute_bienetre	Lyon	69	1	https://www.sisley-paris.com/
sistaplace.com	Sista Place	restauration	Paris	75	1	https://www.sistaplace.com/localisations/saint-ouen
sixta-toulouse.fr	Sixta	restauration	Toulouse	31	1	https://sixta-toulouse.fr/
sixty-2.fr	Sixty Two	restauration	Toulouse	31	1	https://www.sixty-2.fr/fr
skepsi-food.com	SKEPSI	restauration	Lyon	69	1	https://www.skepsi-food.com/
skybyrubio.com	Skyby Rubio	beaute_bienetre	Paris	75	1	https://www.skybyrubio.com/
sld-cafe-toulouse.eatbu.com	SLD Café	restauration	Toulouse	31	1	https://sld-cafe-toulouse.eatbu.com/?lang=fr
slicepizzaparis.com	Slice Pizza Club	restauration	Paris	75	1	https://www.slicepizzaparis.com
slmef.fr	Société Lyonnaise De Menuiserie Et Fermeture	artisanat_btp	Lyon	69	1	https://www.slmef.fr/
smac-sa.com	SMAC	artisanat_btp	Lorient	56	1	https://www.smac-sa.com/
smap-peinture.bzh	SMAP	artisanat_btp	Rennes	35	1	https://www.smap-peinture.bzh/
smartduck.fr	Smart Duck	beaute_bienetre	Paris	75	2	https://smartduck.fr/centre-depilation-laser-a-paris-17-grand-armee/
smartgorillalille.fr	Smart Gorilla	restauration	Lille	59	1	https://smartgorillalille.fr/
smartpa.ge	Pizza Marc'ol	restauration	Strasbourg	67	1	https://smartpa.ge/pizza
smartphone-multiservices.sumupstore.com	Smartphone multiservices	services_proximite	Paris	75	1	https://smartphone-multiservices.sumupstore.com/
smatch-and-beef.fr	Smatch & Beef	restauration	Lyon	69	1	https://smatch-and-beef.fr/
smb-cordonnerie.fr	SMB Cordonnerie	services_proximite	Paris	75	1	https://smb-cordonnerie.fr/
smi-groupe.fr	SMI Groupe	artisanat_btp	Paris	75	1	https://smi-groupe.fr/
smmm.fr	Smmm	artisanat_btp	Marseille	13	1	https://www.smmm.fr/
smokeandfries.fr	Smoké & Fries	restauration	Lyon	69	1	https://smokeandfries.fr
smokmeat-nice.fr	Smokemeat	restauration	Nice	6	1	https://smokmeat-nice.fr/fr
smpi-menuiserie.com	SMPI	artisanat_btp	Orleans	45	1	https://www.smpi-menuiserie.com/
smt78.fr	SMT	artisanat_btp	Paris	75	1	http://www.smt78.fr
snackcapucine.com	Capucine	restauration	Montpellier	34	1	https://snackcapucine.com/
snackdescopains.fr	Snack des copains	restauration	Lyon	69	1	https://www.snackdescopains.fr/
snackmounir.fr	Snack Mounir	restauration	Lille	59	1	https://snackmounir.fr/
snacknnem.com	Snack'n Nem	restauration	Toulouse	31	1	https://www.snacknnem.com
snacktetouan.fr	Snack Tétouan	restauration	Lille	59	1	http://snacktetouan.fr/
sneakers-id.fr	Sneakers ID	services_proximite	Paris	75	1	https://sneakers-id.fr/
sneb-etancheite.com	Sneb étanchéité	artisanat_btp	Le Havre	76	1	https://www.sneb-etancheite.com/
snef.fr	SNEF	artisanat_btp	Rennes	35	1	https://www.snef.fr
so-beauty-one.business.site	So beauty one	beaute_bienetre	Paris	75	1	https://so-beauty-one.business.site/
so-driveburger.fr	So Drive Burger	restauration	Lille	59	1	https://so-driveburger.fr/
so-fast.fr	So’fast	restauration	Paris	75	1	http://so-fast.fr
so-grill.business.site	So Grill	restauration	Lyon	69	1	https://so-grill.business.site/
so-happy.fr	U	restauration	Toulouse	31	1	https://www.so-happy.fr/
soares-etancheite.com	Soares Étanchéité	artisanat_btp	Perpignan	66	1	https://soares-etancheite.com
sobellarestaurant.com	So'bella	restauration	Nice	6	1	https://sobellarestaurant.com/
societe42.com	Société 42	services_proximite	Nice	6	1	https://www.societe42.com/
socop.net	Socop	artisanat_btp	Paris	75	1	http://www.socop.net
socoren.com	Maisons Socoren	artisanat_btp	Rennes	35	3	https://www.socoren.com/constructeur-maisons-bretagne/ille-et-vilaine
socrame-artisans.com	Socrame	artisanat_btp	Paris	75	1	https://www.socrame-artisans.com/
sodeer.fr	Sodeer	artisanat_btp	Pau	64	1	https://www.sodeer.fr
sodicycle.com	Sodicycle	services_proximite	Lyon	69	1	https://www.sodicycle.com
sofair.fr	Sofair	automobile	La Rochelle	17	1	http://www.sofair.fr/login.aspx
sogea-est.fr	Sogea Est	artisanat_btp	Nancy	54	1	https://www.sogea-est.fr/nos-implantations/
soglamnails.com	SoGlam' Beauty Bar	beaute_bienetre	Paris	75	1	https://www.soglamnails.com/
sogood.fr	Sogood Euratechnologies	restauration	Lille	59	1	https://www.sogood.fr/
sohairchatou.fr	So'Hair	beaute_bienetre	Paris	75	1	http://www.sohairchatou.fr/
soho-nice.fr	Soho	restauration	Nice	6	1	https://soho-nice.fr/
soizic-institut.fr	Soins et Beauté Soizic	beaute_bienetre	Saint-Etienne	42	1	https://www.soizic-institut.fr/
sojenscoiffure.fr	SOJEN'S Coiffure & Esthétique	beaute_bienetre	Paris	75	1	https://sojenscoiffure.fr
solaneko.fr	Solaneko	restauration	Toulouse	31	1	https://solaneko.fr/
solange-restaurant.fr	SOlange	restauration	Lille	59	1	https://www.solange-restaurant.fr/
soldoutburger.com	Sold Out	restauration	Paris	75	1	https://soldoutburger.com/
solectram.fr	Solectram	artisanat_btp	Paris	75	1	https://www.solectram.fr
soleil123.net	1.2.3 Soleil	beaute_bienetre	Paris	75	1	https://www.soleil123.net/
soleildebali.fr	Soleil de Bali	beaute_bienetre	Paris	75	1	http://soleildebali.fr
soleildutriolet.com	O Soleil du Triolet	restauration	Montpellier	34	1	https://www.soleildutriolet.com/
solena-restaurant.com	Solena	restauration	Bordeaux	33	1	https://solena-restaurant.com/
solicycle.org	SoliCycle Les Ulis	services_proximite	Paris	75	1	https://solicycle.org/2015/08/24/nos-ateliers-velos-solicycle/
solidarauto.org		automobile	Rouen	76	1	https://solidarauto.org/
solides.fr	Solides	restauration	Toulouse	31	1	https://www.solides.fr/
solipac.fr	Solipac	artisanat_btp	Toulouse	31	1	https://solipac.fr/
soloist.ai	Lotus Aura	beaute_bienetre	Paris	75	1	https://soloist.ai
solutions-agencements.fr	Solutions agencements	artisanat_btp	Nancy	54	1	https://solutions-agencements.fr
solutions-velo.business.site	Solution.s Vélo	services_proximite	Toulouse	31	1	https://solutions-velo.business.site/
somia-menuiseries.com	Somia Menuiserie	artisanat_btp	Lyon	69	1	https://www.somia-menuiseries.com/
somptuose.fr	Salon Somptuose Lyon	beaute_bienetre	Lyon	69	2	https://www.somptuose.fr
son-restaurant.fr	SoN'	restauration	Bordeaux	33	1	https://www.son-restaurant.fr/index.php?section=index_restaurant_2
soniashlbeauty.com	Sonia.shl	beaute_bienetre	Toulouse	31	1	https://soniashlbeauty.com/
sonnyspizza.fr	Sonny's	restauration	Paris	75	1	https://www.sonnyspizza.fr/
sophiegamard.fr	Sophie Gamard	beaute_bienetre	Toulouse	31	1	https://www.sophiegamard.fr/
sopomelec.fr	Sopomelec	artisanat_btp	Paris	75	1	https://sopomelec.fr
soprema-entreprises.fr	Soprema Entreprises	artisanat_btp	Rennes	35	1	https://www.soprema-entreprises.fr/realisation/agence-soprema-entreprises-de-rennes/
sorami-burger.fr	Sorami Burger	restauration	Toulouse	31	1	https://www.sorami-burger.fr
sorami-kebab.fr	Sorami Kebab	restauration	Toulouse	31	1	https://www.sorami-kebab.fr/
sos-velo.fr	SOS Vélo	services_proximite	Toulouse	31	1	www.sos-velo.fr
sosdbosses.fr	SOS Dbosses	automobile	Bayonne	64	1	https://sosdbosses.fr/
sosparebriseplus.fr	Sos Pare Brise Plus	automobile	Nantes	44	4	https://www.sosparebriseplus.fr/nantes/
sosphone35.fr	SOS Phone 35	services_proximite	Rennes	35	1	https://www.sosphone35.fr
sotibat-btp.com	Sotibat	artisanat_btp	Paris	75	1	https://sotibat-btp.com/
soulbarber76.com	Soul Barber Shop	beaute_bienetre	Rouen	76	1	https://soulbarber76.com/
soulenqrestaurant.fr	Soulenq	restauration	Montpellier	34	1	https://www.soulenqrestaurant.fr/
soulkitchen-resto.fr	Soul Kitchen	restauration	Toulouse	31	1	https://soulkitchen-resto.fr/
soup-paris.fr	Soup	restauration	Paris	75	1	https://soup-paris.fr/
souquo.fr	Souquo	restauration	Bordeaux	33	1	https://www.souquo.fr/
sources-caudalie.com	La Table du Lavoir	restauration	Bordeaux	33	1	https://www.sources-caudalie.com/la-table-du-lavoir-restaurant/
soyeux-lille.fr	Au Soyeux	restauration	Lille	59	1	https://www.soyeux-lille.fr/
soyez-choux.fr	Soyez choux	restauration	Lille	59	1	https://soyez-choux.fr/
sp-actions.fr	La 8ème roue	services_proximite	Lyon	69	1	https://www.sp-actions.fr/r%C3%A9parationv%C3%A9lo
spa-auto.fr	SPA Auto	automobile	Dijon	21	2	https://spa-auto.fr
spa-la-part-des-anges.fr	La Part des Anges	beaute_bienetre	Lyon	69	1	https://www.spa-la-part-des-anges.fr/
spa-linstantsana.com	L'instant Sana	beaute_bienetre	Rouen	76	1	https://www.spa-linstantsana.com/
space-hair-paris-marais.com	Space Hair Paris	beaute_bienetre	Paris	75	1	https://www.space-hair-paris-marais.com/
spark-restaurant-lezennes.com	Le S'Park	restauration	Lille	59	1	http://www.spark-restaurant-lezennes.com/
spartiates.shop	Spartiates phocéennes	services_proximite	Marseille	13	1	https://www.spartiates.shop/
spasixiemesens.fr	Spa Sixieme Sens	beaute_bienetre	Paris	75	1	http://www.spasixiemesens.fr/
spasunbrazil.fr	Le Spa	beaute_bienetre	Paris	75	1	https://www.spasunbrazil.fr/
spathailuxe.com	Spa Thaï Luxe	beaute_bienetre	Paris	75	1	https://spathailuxe.com
spc-batiment.com	S.P.C. Bâtiment	artisanat_btp	Paris	75	1	https://www.spc-batiment.com
spc-services.fr	SPC	artisanat_btp	Paris	75	1	https://spc-services.fr/
specimenburger.com	Spécimen	restauration	Paris	75	1	https://specimenburger.com
speed-burger.com	Speed Burger	restauration	Nice	6	1	https://speed-burger.com/livraison-hamburger/nice
speedcycles.fr	Speed Cycles	services_proximite	Lille	59	1	https://www.speedcycles.fr
speedqueeninvestor.com	Speed Queen	services_proximite	Paris	75	3	https://speedqueeninvestor.com/our-laundry-stores/locations/france/saint-cyr-l-ecole/laverie-libre-service-speed-queen/217155
speedza-lyon.fr	Speed' Za	restauration	Lyon	69	1	https://speedza-lyon.fr/
spicybamboo.com	Spicy Bamboo	restauration	Nice	6	1	http://spicybamboo.com/
spim-france.com	SPIM	automobile	Rennes	35	1	https://www.spim-france.com/
spinnie.co	24K Kitchen	restauration	Paris	75	1	https://spinnie.co/24k_1
spizza95.com	SPIZZA	restauration	Paris	75	1	https://www.spizza95.com
spoc.fr	Spoc	services_proximite	Nice	6	1	https://spoc.fr/
spok.fr	Spok	restauration	Marseille	13	1	https://www.spok.fr/
squadraclub.fr	Squadra	restauration	Lille	59	1	https://squadraclub.fr/
squarefnantes.com	Square F	beaute_bienetre	Nantes	44	1	https://www.squarefnantes.com
sriganesh.fr	Le Sri Ganesh	restauration	Marseille	13	1	https://www.sriganesh.fr/
srkfenetre.fr	SRK La Serrurerie Rémoise	artisanat_btp	Reims	51	1	https://www.srkfenetre.fr/index.php
st-lazare-paris.klepierre.fr	La Croissanterie	restauration	Paris	75	1	https://st-lazare-paris.klepierre.fr/boutiques-restaurants/la-croissanterie-niveau-metro
stac35.com	STAC	artisanat_btp	Rennes	35	1	https://www.stac35.com/
stam-paris.com	Stam	restauration	Paris	75	1	https://www.stam-paris.com/
stand-traiteur-foodtruck-paris.fr	French Toque	restauration	Paris	75	1	https://www.stand-traiteur-foodtruck-paris.fr/
standest.fr	Stand'Est Concept Expo	artisanat_btp	Nancy	54	1	https://www.standest.fr/
standup-conception.fr	StandUp Conception	artisanat_btp	Paris	75	1	https://standup-conception.fr/
star-kebab-toulouse.fr	Star Kebab	restauration	Toulouse	31	1	https://www.star-kebab-toulouse.fr/
starling-burgers.com	Starling Burgers Centre	restauration	Strasbourg	67	1	https://starling-burgers.com/
starpizza.fr	Star Pizza	restauration	Strasbourg	67	2	http://www.starpizza.fr
starsnbars.com	Stars ’n’ Bars	restauration	Nice	6	1	https://starsnbars.com/
station-de-lavage-karcher.business.site	Station de lavage Karcher	automobile	Rennes	35	1	https://station-de-lavage-karcher.business.site/
stationpizza.com	Station Pizza Monplaisir Lumière	restauration	Lyon	69	1	http://www.stationpizza.com/
stationserrevis.com	La station serre-vis	services_proximite	Lyon	69	1	https://stationserrevis.com/
stazione17.business.site	Pako bowl	restauration	Bordeaux	33	1	https://stazione17.business.site/
steakncoffee.com	Steak N Coffee	restauration	Lille	59	1	https://www.steakncoffee.com/
steaknshake.fr	Steak 'n Shake	restauration	Marseille	13	1	https://steaknshake.fr/
steaknsmash.com	Steakn'Smash	restauration	Paris	75	1	https://steaknsmash.com/
steedyshop.fr	Steedy Shop	services_proximite	Marseille	13	1	https://www.steedyshop.fr/
steelcyclewear.com	Steel Cyclewear & Coffeeshop	services_proximite	Paris	75	1	https://steelcyclewear.com/coffee-shop/
steeve-console.com	Steeve Console	services_proximite	Paris	75	1	https://www.steeve-console.com
stem.fr	STEM Propreté	services_proximite	Grenoble	38	1	https://www.stem.fr/
stephan.fr	Stephan	beaute_bienetre	Toulouse	31	4	https://www.stephan.fr/stephan-quint-fonsegrives/
stephco-coiffure-nantes.fr	Steph And Co	beaute_bienetre	Nantes	44	1	https://www.stephco-coiffure-nantes.fr
stephie-romeo.fr	Stéphie & Roméo	restauration	Toulouse	31	1	https://www.stephie-romeo.fr
stig-batiment.fr	STIG Bâtiment	artisanat_btp	Paris	75	1	https://www.stig-batiment.fr/
stirweld.com	Stirweld	artisanat_btp	Rennes	35	1	https://stirweld.com/
stlazareparis.com	La Croissanterie	restauration	Paris	75	1	http://stlazareparis.com/boutiques/la-croissanterie-2/
sto.fr	Sto	artisanat_btp	Rennes	35	1	https://www.sto.fr/
stolengarage.cc	Stolen Garage	services_proximite	Paris	75	1	https://www.stolengarage.cc/
store-et-fenetre-06.fr	Store et Fenêtre 06	artisanat_btp	Nice	6	1	https://store-et-fenetre-06.fr/
store.total.fr	Wash	automobile	Avignon	84	1	http://store.total.fr/fr/france/Stations-service/avignon/station-service-total/NF007514
stores.crlab.com	CRLAB Toulouse	beaute_bienetre	Toulouse	31	1	https://stores.crlab.com/fr/france/toulouse
stores.fivepizzaoriginal.com	Five Pizza	restauration	Lille	59	1	https://stores.fivepizzaoriginal.com/restaurant/five-pizza-original-lille
stores.revolution-laundry.com	Wash.Me	services_proximite	Paris	75	3	https://stores.revolution-laundry.com/fr-fr/france-fra/cachan/laverie-revolution-laundry-94230701
strasbourg.mazda.fr	AZ Motors	automobile	Strasbourg	67	1	https://strasbourg.mazda.fr/
streaters-halal.g4r.net	Streaters	restauration	Paris	75	1	https://streaters-halal.g4r.net/
street-food-67.mapauseetmoi.fr	Streetfood67	restauration	Strasbourg	67	1	https://street-food-67.mapauseetmoi.fr/
streetbangkok.fr	Street Bangkok	restauration	Paris	75	1	https://streetbangkok.fr
studio-lg.com	Studio LG	beaute_bienetre	Nantes	44	2	http://www.studio-lg.com/
studio5paris.fr	Studio 5	beaute_bienetre	Paris	75	1	https://www.studio5paris.fr/
studio7coiffure.org	Studio 7	beaute_bienetre	Lyon	69	1	https://www.studio7coiffure.org/
studioanae.com	Studio Ana'e	beaute_bienetre	Paris	75	1	https://www.studioanae.com
studioboocoiffure.fr	Eric Leturgie Coiffure	beaute_bienetre	Toulouse	31	1	https://www.studioboocoiffure.fr/
studiocoiffure78.fr	Studio Coiffure	beaute_bienetre	Paris	75	1	https://www.studiocoiffure78.fr
studioforeveryoung.com	Studio Forever Young	beaute_bienetre	Paris	75	1	https://www.studioforeveryoung.com/
style-b-cachan.com	Style B	beaute_bienetre	Paris	75	1	https://style-b-cachan.com/
stylescalier.com	Styl' Escalier	artisanat_btp	Reims	51	1	https://www.stylescalier.com/
stylhair-coiffure.fr	Styl'Hair Coiffure	beaute_bienetre	Paris	75	1	https://www.stylhair-coiffure.fr/
styliderm.com	Styliderm	beaute_bienetre	Paris	75	1	https://styliderm.com
stylign.net	StyLign'	beaute_bienetre	Nantes	44	1	https://www.stylign.net/
stylinsquare.com	Styl'in Square	beaute_bienetre	Paris	75	1	https://www.stylinsquare.com/
suandshi.com	Su and Shi	restauration	Bordeaux	33	1	https://www.suandshi.com/6-restaurant-bordeaux-quartier-bassin-a-flots.html
subway.com	Subway	restauration	Toulouse	31	2	https://www.subway.com
subwayfrance.fr	Subway	restauration	Paris	75	1	http://www.subwayfrance.fr/
subwaypantin.fr	Subway	restauration	Paris	75	1	https://subwaypantin.fr/
subwayvavin.fr	Subway	restauration	Paris	75	1	https://www.subwayvavin.fr
sud-pressing.fr	Sud pressing	services_proximite	Nice	6	1	https://www.sud-pressing.fr
suisse-sas-peinture.fr	Suisse SAS	artisanat_btp	Reims	51	1	https://www.suisse-sas-peinture.fr/Peinture-37
suke-sushi-quint-fonsegrives.eatbu.com	Suke Sushi	restauration	Toulouse	31	1	https://suke-sushi-quint-fonsegrives.eatbu.com/
sukisoba.fr	Sukisoba	restauration	Paris	75	1	https://www.sukisoba.fr
sultankebab69.fr	Sultan Kebab	restauration	Lyon	69	1	https://www.sultankebab69.fr/
sumac-restaurant-montpellier.com	Sumac	restauration	Montpellier	34	1	https://www.sumac-restaurant-montpellier.com/
summumbike.com	Summum Bike	services_proximite	Paris	75	1	https://www.summumbike.com/
sun-pizza-schiltigheim.ma-commande.fr	Sun Pizza	restauration	Strasbourg	67	1	https://sun-pizza-schiltigheim.ma-commande.fr/sun-pizza-schiltigheim/strasbourg/2/0/256/page.htm
sun-presquile.com	Sun Presqu'île	beaute_bienetre	Lyon	69	2	https://www.sun-presquile.com
sunbodycare.fr	Sun Bodycare	beaute_bienetre	Paris	75	1	https://www.sunbodycare.fr/
sunbrazil.fr	Sun Brazil	beaute_bienetre	Paris	75	1	https://sunbrazil.fr/
sunnyside-nettoyage.fr	Sunny side	services_proximite	Grenoble	38	1	https://sunnyside-nettoyage.fr/
sunset-food.eatbu.com	Sunset Food	restauration	Toulouse	31	1	https://sunset-food.eatbu.com/
sunsetpyrenees.fr	Sun'Set Pyrénées	beaute_bienetre	Paris	75	1	https://www.sunsetpyrenees.fr/
sunsmile-bronzage.fr	Centre de bronzage Sun Smile	beaute_bienetre	Paris	75	1	https://www.sunsmile-bronzage.fr/nos-centres/paris-13
super-nature.fr	Ria mobile	services_proximite	Paris	75	1	http://www.super-nature.fr/
supermarchedupneu.com	Supermarché du Pneu	automobile	Nimes	30	1	https://www.supermarchedupneu.com/
superpaulette.com	Super Paulette	restauration	Lyon	69	1	https://superpaulette.com/
suphairbelle.com	Sup'Hair Belle	beaute_bienetre	Paris	75	1	https://www.suphairbelle.com/
supper-moment.fr	Supper Bar Restaurant	restauration	Toulouse	31	1	https://supper-moment.fr/
sur-la-braise-restaurant-palavas-les-flots.com	Sur la braise	restauration	Montpellier	34	1	https://www.sur-la-braise-restaurant-palavas-les-flots.com
suresnes.speedrabbitpizza.com	Speed Rabbit Pizza	restauration	Paris	75	1	https://suresnes.speedrabbitpizza.com/
surlepouce.libanais.free.fr	Sur le Pouce	restauration	Paris	75	1	http://surlepouce.libanais.free.fr
surplus-auto.com	Surplus Autos	automobile	Toulouse	31	2	https://www.surplus-auto.com/
surpriz.paris	Sürpriz Berliner Kebab	restauration	Paris	75	1	https://surpriz.paris/
susanoofrance.com	Susanoo	restauration	Toulouse	31	1	https://www.susanoofrance.com
sushi-bian.fr	Restaurant Bian	restauration	Toulouse	31	1	https://www.sushi-bian.fr/
sushi-delivery59.fr	Sushi Delivery	restauration	Bordeaux	33	1	https://sushi-delivery59.fr
sushi-kawai.fr	Sushi Kawai	restauration	Montpellier	34	1	http://www.sushi-kawai.fr
sushi-kawaii.fr	Sushi Kawaii	restauration	Montpellier	34	1	https://www.sushi-kawaii.fr/
sushi-plandecampagne.com	Kyo Sushi	restauration	Marseille	13	1	https://www.sushi-plandecampagne.com/
sushi-poke.fr	Sushi Poké	restauration	Paris	75	1	https://www.sushi-poke.fr
sushi-riz-restaurant.fr	SUSHI-RIZ	restauration	Montpellier	34	1	https://sushi-riz-restaurant.fr/
sushi-room.fr	Sushi Room	restauration	Marseille	13	1	https://www.sushi-room.fr/
sushi-spot.com	Sushi Spot	restauration	Paris	75	1	https://www.sushi-spot.com
sushi-toki-gradignan.eatbu.com	Sushi Toki	restauration	Bordeaux	33	1	https://sushi-toki-gradignan.eatbu.com/
sushi7.fr	SUSHI 7	restauration	Bordeaux	33	1	https://www.sushi7.fr/
sushiarson.com	Sushi Arson	restauration	Nice	6	1	https://sushiarson.com
sushibon.fr	Sushi Bon	restauration	Bordeaux	33	1	http://www.sushibon.fr
sushic-mauguio.fr	Sushi'c JapanFood	restauration	Montpellier	34	1	https://sushic-mauguio.fr
sushichef.fr	Sushi Chef	restauration	Bordeaux	33	1	https://sushichef.fr
sushichiwa.fr	Sushi Chiwa	restauration	Lille	59	1	http://sushichiwa.fr
sushiclub78.fr	Sushi Club	restauration	Paris	75	1	https://www.sushiclub78.fr/
sushicorner.fr	Sushi Corner	restauration	Montpellier	34	2	https://sushicorner.fr/
sushicreation.fr	Sushi Création	restauration	Bordeaux	33	2	https://www.sushicreation.fr/cauderans
sushidaifuku.com	Daifuku	restauration	Bordeaux	33	1	https://www.sushidaifuku.com/
sushidesign.fr	Sushi Design	restauration	Bordeaux	33	1	https://www.sushidesign.fr/
sushidozo.fr	Dozo	restauration	Bordeaux	33	1	http://www.sushidozo.fr/
sushifan.fr	Sushi fan	restauration	Bordeaux	33	1	https://www.sushifan.fr/
sushiforet.fr	Sushi Forêt	restauration	Bordeaux	33	1	https://www.sushiforet.fr/
sushifou-gradignan.com	Sushi Fou	restauration	Bordeaux	33	1	https://www.sushifou-gradignan.com/
sushifou.fr	Sushi Fou	restauration	Bordeaux	33	1	https://sushifou.fr/fr
sushikarehouse.com	Sushi Kare House	restauration	Toulouse	31	1	https://sushikarehouse.com/
sushikobbo.com	Sushi Kobbo	restauration	Bordeaux	33	1	https://www.sushikobbo.com/
sushikobboarcins.fr	Sushi Kòbbo Arcins	restauration	Bordeaux	33	1	https://www.sushikobboarcins.fr/
sushikyo59.fr	Sushi Kyo	restauration	Lille	59	1	http://sushikyo59.fr/
sushiline.fr	Sushi line	restauration	Paris	75	1	https://sushiline.fr
sushilune.fr	Sushi Lune	restauration	Nice	6	1	https://www.sushilune.fr/
sushiman75016.com	Sushi Man	restauration	Paris	75	1	http://www.sushiman75016.com
sushimishi.fr	Sushi Mishi	restauration	Bordeaux	33	1	https://sushimishi.fr/
sushimood.fr	Sushi Mood	restauration	Montpellier	34	1	https://www.sushimood.fr/service.html
sushinara.fr	Sushi Nara	restauration	Paris	75	1	https://sushinara.fr/
sushinthebox.net	Sush'in the box	restauration	Paris	75	1	https://sushinthebox.net
sushipacha.fr	Sushi Pacha	restauration	Paris	75	1	https://sushipacha.fr
sushirobinson.com	Sushi Robinson	restauration	Paris	75	1	https://sushirobinson.com
sushishop.eu	Sushi Shop	restauration	Paris	75	1	https://www.sushishop.eu
sushishop.fr	Sushi Shop	restauration	Paris	75	3	https://www.sushishop.fr/fr/restaurant/versailles
sushisoleil.fr	Sushi Soleil	restauration	Bordeaux	33	1	https://www.sushisoleil.fr/
sushistreetcafe.fr	Sushi street café	restauration	Marseille	13	1	sushistreetcafe.fr
sushithon.fr	Sushi Thon	restauration	Bordeaux	33	1	https://sushithon.fr/
sushitimev2.eatbu.com	Sushi Time	restauration	Lille	59	1	https://sushitimev2.eatbu.com/
sushitokoro.fr	Sushi Tokoro	restauration	Toulouse	31	1	http://sushitokoro.fr/
sushitokyo92.fr	Tokyo Sushi	restauration	Paris	75	1	https://sushitokyo92.fr/
sushiya-nice.fr	Sushi Ya	restauration	Nice	6	1	http://sushiya-nice.fr/
sushiyaki.net	SushiYaki	restauration	Toulouse	31	1	https://www.sushiyaki.net/
sushiyoshi.fr	Yoshi	restauration	Toulouse	31	1	http://www.sushiyoshi.fr/
suzannelille.fr	Suzanne	restauration	Lille	59	1	https://suzannelille.fr/
svel-renovation.com	SVEL Renovation	artisanat_btp	Paris	75	1	https://svel-renovation.com
svelteo.fr	Sveltéo	beaute_bienetre	Lyon	69	1	https://svelteo.fr/svelteo-lyon-2
sweet-corner-pessac.eatbu.com	Sweet Corner	restauration	Bordeaux	33	1	https://sweet-corner-pessac.eatbu.com/
sweetflamingo.fr	Sweet Flamingo	restauration	Lille	59	1	https://www.sweetflamingo.fr/
sweetthouse.fr	Sweet T House	restauration	Paris	75	1	https://www.sweetthouse.fr/
sylviefashioncoiff.site-solocal.com	Sylvie Fashion Coiff	beaute_bienetre	Rouen	76	1	http://sylviefashioncoiff.site-solocal.com/
t2mchassieu.com	T2m	artisanat_btp	Lyon	69	1	https://www.t2mchassieu.com/
ta5ty.fr	Fresh Ta5ty Pizza	restauration	Lyon	69	1	https://www.ta5ty.fr/restaurant-lyon-3/
tabernalatina-lille.fr	Taberna Latina	restauration	Lille	59	1	https://www.tabernalatina-lille.fr/
tablamarseille.fr	Tabla	restauration	Marseille	13	1	https://tablamarseille.fr/
tablapizza.fr	Pitaya	restauration	Paris	75	1	https://www.tablapizza.fr/
table7.fr	Table7	restauration	Bordeaux	33	1	https://www.table7.fr/
tabledagassac.com	La Table d'Agassac	restauration	Bordeaux	33	1	http://tabledagassac.com/
tabledelalyre.fr	Table de la Lyre	restauration	Montpellier	34	1	https://www.tabledelalyre.fr/
tacaissefuit.sitew.eu	Ta caisse fuit	automobile	Saint-Etienne	42	1	https://tacaissefuit.sitew.eu/
tacandcos.com	Tac & Cos	restauration	Paris	75	1	https://tacandcos.com/
taco-and-co.com	Taco & Co.	restauration	Nice	6	1	https://taco-and-co.com/
tacomemo.com	Taco Memo	restauration	Lille	59	1	http://tacomemo.com
tacos-corner.fr	Tacos Corner	restauration	Toulouse	31	1	https://tacos-corner.fr/
tacos-hermanos.business.site	Tacos Hermanos	restauration	Toulouse	31	1	https://tacos-hermanos.business.site
tacos-naan-factory.eatbu.com	Tacos Naan Factory	restauration	Bordeaux	33	1	https://tacos-naan-factory.eatbu.com/
tacos-store.fr	Tacostore Lyon	restauration	Lyon	69	1	https://www.tacos-store.fr/
tacos-story.com	Joys Tacos	restauration	Lyon	69	1	http://www.tacos-story.com/
tacos-time.jimdosite.com	Tacos Time	restauration	Lyon	69	1	https://tacos-time.jimdosite.com/
tacosfrancais95.fr	Tacos Français	restauration	Paris	75	1	https://tacosfrancais95.fr/
tacosgrill.business.site	Tacos Grill	restauration	Strasbourg	67	1	https://tacosgrill.business.site/
tacosmash.fr	TacoSmash	restauration	Paris	75	1	https://tacosmash.fr
tacosplana.eatbu.com	Tacos plana	restauration	Toulouse	31	1	https://tacosplana.eatbu.com/?lang=fr
tacosworld.com	Tacos World Lyon 8	restauration	Lyon	69	1	http://www.tacosworld.com/restaurant-tacos-world-lyon-8_2.html
tacotaco.fr	Taco Taco	restauration	Lyon	69	1	https://tacotaco.fr
tagbarbershop.fr	Tag Barbershop	beaute_bienetre	Paris	75	1	https://tagbarbershop.fr/
tagrandmereavelo.com	Ta Grand-Mère à Vélo	services_proximite	Rennes	35	1	https://www.tagrandmereavelo.com/
taiyakioden.metro.bar	Taiyaki Oden	restauration	Paris	75	1	https://taiyakioden.metro.bar/
tajmahalbordeaux.net	TajMahal Bordeaux	restauration	Bordeaux	33	1	https://www.tajmahalbordeaux.net/
takeotac.com	Take Otac	restauration	Paris	75	1	https://takeotac.com
takkito.com	Takkito	restauration	Montpellier	34	1	https://www.takkito.com
talbot.autodistribution.fr	Auto-distribution - Talbot 16-17	automobile	La Rochelle	17	1	https://talbot.autodistribution.fr/point-de-vente/autodistribution-talbot-16-17-perigny-la-rochelle
tamarin75.com	Tamarin	restauration	Paris	75	1	https://www.tamarin75.com
tanais.fr	Tanaïs Habitat	artisanat_btp	Bordeaux	33	1	https://www.tanais.fr/
tandemrestaurant.business.site	Tandem	restauration	Montpellier	34	1	https://tandemrestaurant.business.site/
tandoori-montpellier.fr	Tandoori	restauration	Montpellier	34	1	https://tandoori-montpellier.fr/
tandooriflame.fr	Tandoori Flame	restauration	Nice	6	1	https://www.tandooriflame.fr/
tantemargit.eatbu.com	Tante Margit	restauration	Toulouse	31	1	https://tantemargit.eatbu.com/?lang=fr
tantinadelaplaya.com	La Tantina de la Playa	restauration	Toulouse	31	1	https://tantinadelaplaya.com/restaurant-poisson-toulouse/
taobento.com	taobento	restauration	Lille	59	1	https://taobento.com/
taokho.fr	Tao	restauration	Lille	59	1	https://www.taokho.fr/
taouknice.com	Taouk	restauration	Nice	6	1	https://taouknice.com/
taraways.fr	Taraways	automobile	Lyon	69	1	https://taraways.fr
tarkan-restaurant.com	Tarkan	restauration	Lille	59	1	https://www.tarkan-restaurant.com/
tartaclo.fr	Tartàclo	restauration	Lyon	69	1	https://tartaclo.fr/
tartinascq.com	Tartin’ Ascq	restauration	Lille	59	1	https://www.tartinascq.com
tassinautopieces.com	Tassin Auto Pièces	automobile	Lyon	69	1	https://www.tassinautopieces.com/
taster.com	Pepe Chiken byFast Good cuisine	restauration	Lille	59	1	https://taster.com
tasterestaurant.fr	Taste	restauration	Marseille	13	1	http://tasterestaurant.fr/
tasty-saigon.metro.rest	Tasty	restauration	Paris	75	1	https://tasty-saigon.metro.rest
tastycrousty.io	Tasty Crousty	restauration	Paris	75	1	https://tastycrousty.io/
tastyrice.fr	Tasty Rice	restauration	Bordeaux	33	1	https://www.tastyrice.fr/
tasushi.fr	Ta Sushi	restauration	Lille	59	1	https://www.tasushi.fr/
tatkebabsalonu.fr	Tat Kebab Salonu	restauration	Marseille	13	1	https://www.tatkebabsalonu.fr/
taverne-massena-nice.com	Taverne Masséna	restauration	Nice	6	1	https://www.taverne-massena-nice.com/
tavernymassage.com	Chang Noi Thai Massage	beaute_bienetre	Paris	75	1	https://www.tavernymassage.com/
tavolacaldaparis15.business.site	Tavola Calda	restauration	Paris	75	1	https://tavolacaldaparis15.business.site
tchilo.com	Tchilo	beaute_bienetre	Paris	75	1	https://www.tchilo.com/
tchip.fr	Tchip	beaute_bienetre	Paris	75	14	https://tchip.fr/salon/view/4098
tcm-sa.fr	TCM	artisanat_btp	Paris	75	1	https://tcm-sa.fr/
tcsbike.fr	TCS Bike	services_proximite	Paris	75	1	https://www.tcsbike.fr
tdpizzaclub.com	Testa Dura Pizza Club	restauration	Bordeaux	33	1	https://www.tdpizzaclub.com/
tea-cosy.com	Tea cosy	restauration	Bordeaux	33	1	https://tea-cosy.com/
tech-plomberie.fr	Tec Plomberie	artisanat_btp	Orleans	45	1	https://www.tech-plomberie.fr/
technic-eau-service.fr	Technic'eau	artisanat_btp	Orleans	45	1	https://technic-eau-service.fr/fr/page/contact
technicauto69.fr	Technic Auto	automobile	Lyon	69	1	http://www.technicauto69.fr/
technice.fr	Technice	services_proximite	Nice	6	1	https://www.technice.fr/
techniclimat.fr	TECHNICLIMAT	artisanat_btp	Rouen	76	1	https://www.techniclimat.fr/
technique-froid-climatisation.fr	TFC - Toulouse Froid Climatisation	artisanat_btp	Toulouse	31	1	https://technique-froid-climatisation.fr
technistores.fr	Technistores : Stores, Volets et Fenêtres	artisanat_btp	Paris	75	1	https://www.technistores.fr/
technoram-ventilation.com	Technoram	artisanat_btp	Nancy	54	1	http://www.technoram-ventilation.com
techservices-auto.fr	Tech Services Auto	automobile	Metz	57	1	https://techservices-auto.fr
techsolaire.com	Tech'Solaire	artisanat_btp	Toulouse	31	1	https://www.techsolaire.com/
techstore06.com	Tech Store	services_proximite	Nice	6	1	https://techstore06.com
tecni-logis.com	Technilogis	artisanat_btp	Rennes	35	1	https://www.tecni-logis.com/nos-agences/entry-63-agence-de-rennes.html
teddy44barber.wixsite.com	Teddy 44 barber	beaute_bienetre	Nantes	44	1	https://teddy44barber.wixsite.com/teddybarber44/
teddyshotdoguerie.com	Teddy’s	restauration	Lyon	69	1	https://teddyshotdoguerie.com
tefaur.fr	Tefaur	artisanat_btp	Paris	75	1	https://www.tefaur.fr/
temperiaenergies.com	Temperia	artisanat_btp	Rouen	76	1	https://www.temperiaenergies.com/
templededanse.com	Le Temple de la Danse	restauration	Montpellier	34	1	https://templededanse.com
templedelabeaute.fr	Temple de la Beauté	beaute_bienetre	Paris	75	1	https://www.templedelabeaute.fr/
tendanceetfraicheur.fr	Tendance et Fraîcheur	restauration	Lille	59	1	https://tendanceetfraicheur.fr/
tereva-direct.fr	Téréva	artisanat_btp	Paris	75	1	https://www.tereva-direct.fr/document/A-394575--agence-tereva-pontault-combault
tereva.fr	Téréva	artisanat_btp	Paris	75	1	https://www.tereva.fr/document/A-578194-tereva-agence-tereva-pierrelaye
ternoisfermetures.fr	Ternois fermetures	artisanat_btp	Le Havre	76	1	https://www.ternoisfermetures.fr/agence/le-havre
terra-tolosa.fr	Terra Tolosa	restauration	Toulouse	31	1	https://www.terra-tolosa.fr/
terramadrenicerestaurant.com	Terra Madre	restauration	Nice	6	1	https://terramadrenicerestaurant.com/
terrasse-debois.fr	Terrasse Debois	artisanat_btp	Bordeaux	33	1	https://terrasse-debois.fr
terrdozen.fr	Terr do zen	beaute_bienetre	Paris	75	1	https://www.terrdozen.fr/
terre-et-mer-labege.com	Terre et Mer	restauration	Toulouse	31	1	https://terre-et-mer-labege.com
terredusudnice.com	Terre du Sud	artisanat_btp	Nice	6	1	https://www.terredusudnice.com
terreemeraude.fr	Terre Émeraude	restauration	Bordeaux	33	1	https://www.terreemeraude.fr/
terres-essentielles.com	Terres essentielles	beaute_bienetre	Nantes	44	1	http://www.terres-essentielles.com
tetamarie.com	Téta Marie	restauration	Nice	6	1	https://www.tetamarie.com/
tetedecabosse.com	Midi 37	restauration	Toulouse	31	1	https://www.tetedecabosse.com/
teyssou-ra.com	Teyssou Rhône-Alpes	artisanat_btp	Lyon	69	1	https://www.teyssou-ra.com/
tftm67.fr	TFTM (T’AS FAIM TU MANGES)	restauration	Strasbourg	67	1	https://www.tftm67.fr/
tgcarrosserie.fr	TG Carrosserie	automobile	Rouen	76	1	http://www.tgcarrosserie.fr/
thai-bienetre.fr	Thaï Bien Être	beaute_bienetre	Lyon	69	1	https://www.thai-bienetre.fr
thai-detente.com	Thaï Détente	beaute_bienetre	Lyon	69	1	http://www.thai-detente.com/
thai-food.eatbu.com	Thaï Food	restauration	Marseille	13	1	https://thai-food.eatbu.com/
thai-rachawadee.fr	Thaï Rachawadee	beaute_bienetre	Paris	75	1	https://thai-rachawadee.fr
thai-street-food-by-tony.fr	Thai Street Food by Tony	restauration	Lille	59	1	https://thai-street-food-by-tony.fr
thai-yoga-massage-paris17.business.site	Thai Yoga Massage	beaute_bienetre	Paris	75	1	https://thai-yoga-massage-paris17.business.site/
thaifine-streetfood.com	Thai Fine	restauration	Nice	6	1	https://thaifine-streetfood.com/
thaiharmonyspa.fr	Thaï Harmony Spa	beaute_bienetre	Lyon	69	1	http://www.thaiharmonyspa.fr
thailandsquare-prado.com	Thaï Land Square	restauration	Marseille	13	1	https://thailandsquare-prado.com/
thaionesushi.fr	Thaione'sushi	restauration	Lyon	69	1	https://thaionesushi.fr
thaithaisushi.wordpress.com	Thai-Thai Sushi	restauration	Toulouse	31	1	https://thaithaisushi.wordpress.com/
thaiwok59.fr	Thai Wok	restauration	Lille	59	1	https://www.thaiwok59.fr/
thaiwoke.fr	Thaiwoke	restauration	Marseille	13	1	https://www.thaiwoke.fr/contact
thaizone.fr	Thai Zone	restauration	Montpellier	34	1	https://www.thaizone.fr/
thalii.fr	Thalii	restauration	Bordeaux	33	1	https://www.thalii.fr/
thanhbinhviet33.wixsite.com	Thanh Binh	restauration	Bordeaux	33	1	https://thanhbinhviet33.wixsite.com/vietnam
thani-thai-massages.com	Thani Thai	beaute_bienetre	Toulouse	31	1	https://www.thani-thai-massages.com/
the-mins-coffee.business.site		restauration	Paris	75	1	https://the-mins-coffee.business.site/
the-smash-saint-ouen-sur-seine.fr	Smash Burger	restauration	Paris	75	1	https://the-smash-saint-ouen-sur-seine.fr/
theatregaronne.com	Bistro Garonne	restauration	Toulouse	31	1	https://www.theatregaronne.com/information/bistro-garonne
thebabelcommunity.com	Popu - The Babel Community	restauration	Montpellier	34	1	https://www.thebabelcommunity.com/montpellier/restaurant/
thebarbance.com	The Barbance	beaute_bienetre	Lyon	69	1	https://thebarbance.com
thebarbercompany.fr	The Barber Company	beaute_bienetre	Paris	75	1	https://thebarbercompany.fr/
thebarbermontbauron.com	The Barber Montbauron	beaute_bienetre	Paris	75	1	https://www.thebarbermontbauron.com/#bookAppointment
theblacklab.fr	The Black Lab	restauration	Lille	59	1	https://theblacklab.fr/agenda/
thecornerbarber.business.site	The Corner Barber	beaute_bienetre	Paris	75	1	https://thecornerbarber.business.site/
thecup.fr	The Cup	restauration	Montpellier	34	1	https://www.thecup.fr/
thecutbar.fr	The Cut Bar	beaute_bienetre	Paris	75	1	https://www.thecutbar.fr
thecycletruck.com	The Cycle Truck	services_proximite	Paris	75	1	https://www.thecycletruck.com/charenton-le-pont
thefork.fr	Restaurant Pizzeria du Roy d'Espagne	restauration	Marseille	13	1	https://www.thefork.fr/restaurant/restaurant-du-roy-d-espagne-r396933
theglamfactoryparis.com	The Glam Factory	beaute_bienetre	Paris	75	1	https://theglamfactoryparis.com/
thegrilledcheesefactory.fr	The Grilled Cheese Factory	restauration	Paris	75	1	https://www.thegrilledcheesefactory.fr/
thekanteen.fr	The Kanteen Restaurant	restauration	Toulouse	31	1	https://www.thekanteen.fr/
thelittleitaly-shop.com	The Little Italy Shop	restauration	Montpellier	34	1	https://thelittleitaly-shop.com/
thema-maintenance-mac.com	Thema Maintenance Mac	services_proximite	Paris	75	1	https://thema-maintenance-mac.com/
theniwaki.com	The Niwaki	restauration	Nice	6	1	https://theniwaki.com/
theoriginalfoca.fr	Foca	restauration	Nice	6	2	https://theoriginalfoca.fr/
theresa-nice.com	Chez Thérésa	restauration	Nice	6	1	https://theresa-nice.com/
thermeca-chauffagiste-94.fr	Thermeca	artisanat_btp	Paris	75	1	https://www.thermeca-chauffagiste-94.fr
thermo2.fr	Thermo2	artisanat_btp	Rennes	35	1	https://thermo2.fr
theroofkitchen.fr	The Roof Kitchen	restauration	Marseille	13	1	https://www.theroofkitchen.fr/
theservicecourse.cc	The Service Course	services_proximite	Nice	6	1	https://theservicecourse.cc/nice
thesilentsea.fr	The Silent Sea	beaute_bienetre	Paris	75	1	https://thesilentsea.fr/
thesmokedmeat.fr	The Smoked Meat	restauration	Paris	75	1	https://www.thesmokedmeat.fr
thezelais-menuiserie-rennes.fr	Thezelais Menuiserie	artisanat_btp	Rennes	35	1	https://www.thezelais-menuiserie-rennes.fr/
thierry-diesel.fr	THIERRY DIESEL	automobile	Nimes	30	1	https://thierry-diesel.fr/
thierry-v-plombier.fr	Thierry V plombier	artisanat_btp	Toulouse	31	1	https://thierry-v-plombier.fr/
thollot2roues.com	Thollot	services_proximite	Saint-Etienne	42	1	https://www.thollot2roues.com/
thomasbellis.fr	Thomas Bellis Institut	beaute_bienetre	Toulouse	31	1	https://www.thomasbellis.fr/
thome.autodistribution.fr	Autodistribution Thome	automobile	Nancy	54	1	https://thome.autodistribution.fr/point-de-vente/autodistribution-thome-ludres
ti-liorzh-services.fr	Ti Liorzh Services	artisanat_btp	Brest	29	1	https://ti-liorzh-services.fr
tiagigi.fr	Tia Gigi	beaute_bienetre	Toulouse	31	1	https://tiagigi.fr/
tiamoparis.fr	Ti Amo	restauration	Paris	75	1	https://www.tiamoparis.fr
tichayabistrot-thai.eatbu.com	Tichaya	restauration	Toulouse	31	1	https://tichayabistrot-thai.eatbu.com/
tifany-coiffure.fr	Tifany Coiffure	beaute_bienetre	Paris	75	1	https://www.tifany-coiffure.fr/
tigermilkrestaurants.com	Tigermilk	restauration	Lille	59	1	https://tigermilkrestaurants.com/locations/lille
timeless-machines.com	Timeless Machines	automobile	Lyon	69	1	https://timeless-machines.com
tinazzi.fr	Tinazzi Cycles	services_proximite	Marseille	13	1	https://www.tinazzi.fr/
tinospizza-tournefeuille.fr	Tinos Pizza	restauration	Toulouse	31	1	https://www.tinospizza-tournefeuille.fr/
tinospizza.eatbu.com	Tinos Pizza	restauration	Toulouse	31	1	https://tinospizza.eatbu.com/
tiparothai.fr	Tiparo Thai	restauration	Lille	59	1	http://www.tiparothai.fr/
tipimi.fr	Tipimi	services_proximite	Lille	59	1	https://tipimi.fr
tj-pressing.business.site	T&J Pressing	services_proximite	Paris	75	1	https://tj-pressing.business.site/
tobobun.com	Bistr'O bo bun	restauration	Toulouse	31	1	https://tobobun.com/
tocca-a-te.fr	Tocca a té	restauration	Lille	59	1	https://tocca-a-te.fr/
todoki.fr	Todoki	beaute_bienetre	Paris	75	1	https://todoki.fr
tofpizza.lapizza.fr	Tof Pizza	restauration	Nice	6	1	http://tofpizza.lapizza.fr/
toij.net	Toi.J	beaute_bienetre	Paris	75	1	https://www.toij.net/
tokami-blagnac.com	Tokami	restauration	Toulouse	31	1	https://tokami-blagnac.com/
tokami-labege.com	Tokami	restauration	Toulouse	31	1	https://tokami-labege.com
tokyma.fr	To Kyma	services_proximite	Paris	75	1	https://tokyma.fr
tokyobento.fr	Tokyo Bento	restauration	Toulouse	31	1	https://www.tokyobento.fr/
tokyoexpress.fr	Tokyo Express	restauration	Lille	59	1	https://tokyoexpress.fr/fr/
tokyoyaki-paris14.fr	Tokyo Yaki	restauration	Paris	75	1	https://tokyoyaki-paris14.fr/
tolia.byclickeat.fr	Tolia	restauration	Paris	75	1	https://tolia.byclickeat.fr/store/entrypoint
toloacheparis.com	Toloache	restauration	Paris	75	1	https://toloacheparis.com
tomaszmarcus.com	Tomasz Marcus	artisanat_btp	Caen	14	1	https://tomaszmarcus.com
tomme-sandwich.fr	Tomme	restauration	Paris	75	1	https://tomme-sandwich.fr
tommys-cafe.com	Tommy's Diner Café	restauration	Toulouse	31	1	https://www.tommys-cafe.com/news-labege/
tonegeorgien.business.site	Toné Géorgien	restauration	Nice	6	1	https://tonegeorgien.business.site/
tonnerresdebrest.fr	Tonnerres de Brest	restauration	Toulouse	31	1	https://tonnerresdebrest.fr
tonsor-cie.com	Tonsor & Cie.	beaute_bienetre	Toulouse	31	1	https://www.tonsor-cie.com/
tonton-pizza-merignac.fr	Tonton Pizza	restauration	Bordeaux	33	1	https://www.tonton-pizza-merignac.fr/
tonton-pizza.fr	Tonton Pizza	restauration	Montpellier	34	1	https://tonton-pizza.fr
tontonpizza.fr	Tonton Pizza	restauration	Lyon	69	1	https://tontonpizza.fr/
tontonsallysweetafrica.fr	Sweet Africa	restauration	Lille	59	1	https://tontonsallysweetafrica.fr/
tonyhotdog.com	Tony Hot-Dog	restauration	Montpellier	34	1	https://tonyhotdog.com
tonymorenas.fr	Tony Morenas	beaute_bienetre	Paris	75	1	https://www.tonymorenas.fr/
top-garage-geveze.fr	JLS Top Garage	automobile	Rennes	35	1	https://www.top-garage-geveze.fr/
topgarage-omnes.com	Auto Passion	automobile	Rennes	35	1	http://www.topgarage-omnes.com
toppizza-nogentsurmarne.fr	Top Pizza	restauration	Paris	75	1	https://www.toppizza-nogentsurmarne.fr/
toppneu.fr	Top'Pneu St Priest	automobile	Lyon	69	1	https://www.toppneu.fr/
torotoropessac.fr	Toro toro	restauration	Bordeaux	33	1	https://torotoropessac.fr/fr
toroya.fr	Toroya	restauration	Toulouse	31	1	https://toroya.fr/
tortalyon.fr	Torta	restauration	Lyon	69	1	https://tortalyon.fr
total.fr	Total Wash	automobile	Rennes	35	2	https://www.total.fr/
touloulou-lille.com	Touloulou	restauration	Lille	59	1	https://www.touloulou-lille.com/
toulouse-burger.fr	Toulouse Burger	restauration	Toulouse	31	1	https://www.toulouse-burger.fr/
toulouse-centre.cyclable.com	Cyclable	services_proximite	Toulouse	31	1	https://toulouse-centre.cyclable.com/
toulouse-croix-daurade.tutti-pizza.com	Tutti Pizza	restauration	Toulouse	31	1	https://toulouse-croix-daurade.tutti-pizza.com/
toulouse-labege.pitayaresto.fr	Pitaya	restauration	Toulouse	31	1	https://toulouse-labege.pitayaresto.fr
toulouse-peintre.com	Samouillet Arthur	artisanat_btp	Toulouse	31	1	https://www.toulouse-peintre.com/
toulouse-pneu-occasion.fr	Au Pneu d'Occasion	automobile	Toulouse	31	1	http://www.toulouse-pneu-occasion.fr/
toulouse.danslenoir.com	Dans le noir	restauration	Toulouse	31	1	https://toulouse.danslenoir.com/
toulousebikes.com	Toulouse Bikes	services_proximite	Toulouse	31	1	https://www.toulousebikes.com/
toulousefruitsdemer.fr	La Cabane	restauration	Toulouse	31	1	http://toulousefruitsdemer.fr/
toulousemyofascial.com	Relaxation Bien-Être ( Relaxation Bien-Etre )	beaute_bienetre	Toulouse	31	1	https://www.toulousemyofascial.com/accueil
toulousepastaclub.com	Toulouse Pasta Club	restauration	Toulouse	31	1	https://toulousepastaclub.com/
toulousepizza.com	La familia	restauration	Toulouse	31	1	http://toulousepizza.com/
tourne-pizz-tournefeuille.eatbu.com	Tourne pizz'	restauration	Toulouse	31	1	https://tourne-pizz-tournefeuille.eatbu.com/?lang=fr#times
tourneflam.wordpress.com	Tourneflam	restauration	Toulouse	31	1	https://tourneflam.wordpress.com/
tournesolspa.fr	Tournesol Spa	beaute_bienetre	Paris	75	1	https://tournesolspa.fr/
tours-rentals.hollandbikes.com	Holland Bikes	services_proximite	Paris	75	1	https://tours-rentals.hollandbikes.com/fr/location-velo/paris/arc-de-triomphe
tousenbiclou.fr	Tous en Biclou	services_proximite	Marseille	13	1	https://tousenbiclou.fr/
touspourunvelo.business.site	Tous pour un vélo	services_proximite	Paris	75	1	https://touspourunvelo.business.site/
toutdesuitelinstitut.com	Tout de suite, l'Institut	beaute_bienetre	Rouen	76	1	https://toutdesuitelinstitut.com
toyota-metz.fr	Toyota	automobile	Metz	57	1	https://www.toyota-metz.fr
toyota.fr	Toyota GCA Nantes Atelier	automobile	Nantes	44	1	https://www.toyota.fr/reseau/gca_nantes
toyotagarageclaudy.com	Garage Claudy	automobile	Lyon	69	1	https://toyotagarageclaudy.com/
toyotomi-lille.fr	Toyotomi	restauration	Lille	59	1	http://www.toyotomi-lille.fr
tpdecors.fr	TP Décors	artisanat_btp	Paris	75	1	https://tpdecors.fr/
tpvl45.fr	TPVL Terrassement Assainissement Travaux Publics	artisanat_btp	Orleans	45	1	https://www.tpvl45.fr/
trabeco-lorraine.fr	Trabeco	artisanat_btp	Nancy	54	1	https://www.trabeco-lorraine.fr/
tracoren.fr	Tracoren	artisanat_btp	Paris	75	1	http://www.tracoren.fr/
tradiswiss.ch	Tradiswiss	restauration	Nice	6	1	https://www.tradiswiss.ch/nice/
traditionpizza.fr	Tradition Pizza	restauration	Toulouse	31	1	https://traditionpizza.fr/
traiteur-orza.com	Espagne Royale	restauration	Paris	75	1	https://www.traiteur-orza.com
traiteur-sinojaponais.fr	Traiteur sino-japonais	restauration	Paris	75	1	https://traiteur-sinojaponais.fr
transparence-conception.fr	Transparence Conception	artisanat_btp	Lyon	69	1	https://www.transparence-conception.fr/
trapib.com	Trapib	artisanat_btp	Le Havre	76	1	https://www.trapib.com/
trattoriaallubio.fr	Trattoria al Lubio	restauration	Nice	6	1	https://www.trattoriaallubio.fr/
trattoriadelsud.fr	Trattoria del Sud da Vicenzo	restauration	Marseille	13	1	https://www.trattoriadelsud.fr/
trattorianorte.fr	Trattoria Norte	restauration	Lille	59	1	https://trattorianorte.fr/
traverseesafricaines.com	Zokwezo	restauration	Toulouse	31	1	https://traverseesafricaines.com/annuaires/liste-artistes/gastronomes/item/zokwezo.html
trek-tbs-bezons.fr	Trek	services_proximite	Paris	75	1	https://www.trek-tbs-bezons.fr/
trekbikes.com	Trek	services_proximite	Toulouse	31	1	https://www.trekbikes.com/fr/fr_FR/retail/toulouse_ouest/
trekeur.com	Eleven Cycling	services_proximite	Grenoble	38	1	https://www.trekeur.com/
triathlonstore.fr	Triathlon Store	services_proximite	Paris	75	1	https://triathlonstore.fr
trieuxpeinture.com	Peinture Trieux	artisanat_btp	Pau	64	1	https://www.trieuxpeinture.com
trinome.restaurant	Trinôme	restauration	Lille	59	1	https://trinome.restaurant/
trinquefougasse.com	Le Trinque Fougasse	restauration	Montpellier	34	1	https://www.trinquefougasse.com/?espace=sud
triolopizza.com	Triolo Pizza	restauration	Lille	59	1	https://www.triolopizza.com
tripadvisor.fr	Bar Nautic	restauration	Marseille	13	1	http://www.tripadvisor.fr/Restaurant_Review-g187253-d2337008-Reviews-or10-Nautic_Bar-Marseille_Bouches_du_Rhone_Provence.html#REVIEWS
triplettabordeaux.fr	Tripletta	restauration	Bordeaux	33	1	https://triplettabordeaux.fr/
triplettapizza.com	Tripletta	restauration	Lille	59	1	https://www.triplettapizza.com/pizzeria/lebon
tripup.fr	Tripup	services_proximite	Paris	75	1	https://www.tripup.fr/
triumph-rennes.com	Axxess Machine 35	automobile	Rennes	35	1	https://www.triumph-rennes.com/
troika-royale.fr	Troika Royale	restauration	Toulouse	31	1	https://www.troika-royale.fr/
trois-petits-points.com	Trois Petits Points	beaute_bienetre	Marseille	13	1	https://www.trois-petits-points.com/
troisb.fr	Les 3B	restauration	Paris	75	1	https://www.troisb.fr/
trottecycles.net	Trott'E Cycles	services_proximite	Marseille	13	1	https://www.trottecycles.net
tryba.com	Tryba	artisanat_btp	Paris	75	3	https://www.tryba.com/espace-conseil/75/tryba-paris-14e/
tuba-club.com	Tuba	restauration	Marseille	13	1	https://tuba-club.com/
tuktik-thaifood.fr	Tuk Tik Thaï Food	restauration	Bordeaux	33	2	https://tuktik-thaifood.fr
tuleka-barber.fr	Tuleka barber	beaute_bienetre	Paris	75	1	https://tuleka-barber.fr/
turbine-bazacle.fr	Turbine Bazacle	restauration	Toulouse	31	1	https://turbine-bazacle.fr/
turbo51.fr	Dépannage 52	automobile	Reims	51	1	http://turbo51.fr
turbom2a.com	Yam Auto	automobile	Nimes	30	1	www.turbom2a.com
turbopizza.fr	Turbo Pizza	restauration	Marseille	13	1	https://www.turbopizza.fr/
turkishkebab-nice.fr	Istanbul Grill Donër	restauration	Nice	6	1	https://turkishkebab-nice.fr/
turkitch-paris.fr	TURKITCH	restauration	Paris	75	1	https://turkitch-paris.fr/
turquoise-soins.com	Institut turquoise	beaute_bienetre	Paris	75	1	https://turquoise-soins.com/
tutti-pizza.com	Tutti Pizza	restauration	Toulouse	31	1	https://www.tutti-pizza.com/fr/
tvsrennes.fr	TVS Rennes -Magasin d'électroménager	services_proximite	Rennes	35	1	https://www.tvsrennes.fr/
twilsons.fr	Twilsons	restauration	Paris	75	1	https://twilsons.fr/
twinspizza.fr	Twins Pizza	restauration	Paris	75	1	https://twinspizza.fr
twoamigos.fr	Two Amigos	restauration	Lyon	69	1	https://www.twoamigos.fr
ubrokeifix.fr	U Broke I Fix	services_proximite	Marseille	13	1	https://www.ubrokeifix.fr/
uca-lepecq.fr	L'île aux Dames	beaute_bienetre	Paris	75	1	http://www.uca-lepecq.fr/membre/institut-lile-aux-dames
ucpa.com	Le Resto – UCPA Sport Station	restauration	Bordeaux	33	1	https://www.ucpa.com/sport-station/bordeaux/food-drink
uma-nova.fr	Uma Nova	beaute_bienetre	Nantes	44	1	https://www.uma-nova.fr
umami-cinquiemesaveur.com	Umami la cinquième saveur	restauration	Montpellier	34	1	https://www.umami-cinquiemesaveur.com/
umami59.fr	Umami	restauration	Lille	59	1	https://umami59.fr/
umarestaurant.fr	Uma	restauration	Bordeaux	33	1	https://www.umarestaurant.fr/
umiyama.fr	Restaurant UMIYAMA	restauration	Bordeaux	33	1	https://www.umiyama.fr
un-look-pour-tous-unisex-hairdresser.business.site	Un look pour tous	beaute_bienetre	Paris	75	1	https://un-look-pour-tous-unisex-hairdresser.business.site/
uncoindeparadis-lille.zenchef.com	Un Coin de paradis	restauration	Lille	59	1	https://uncoindeparadis-lille.zenchef.com/
unetableadeux.fr	Une Table à Deux	restauration	Toulouse	31	1	https://www.unetableadeux.fr/
unetableausud.com	Une table au sud	restauration	Marseille	13	1	https://www.unetableausud.com/
unhairdeplus.com	Un Hair de Plus	beaute_bienetre	Toulouse	31	1	https://www.unhairdeplus.com/
unhairnaturel.fr	Un Hair Naturel	beaute_bienetre	Nantes	44	3	https://unhairnaturel.fr/saint-clement/
unhommeasuivre.fr	Un homme à suivre	beaute_bienetre	Lyon	69	2	https://unhommeasuivre.fr/lyon-6
uni-re-cycle.com	Uni Re-cycle	services_proximite	Montpellier	34	1	http://www.uni-re-cycle.com
uniiti.com	Spice Garden	restauration	Bordeaux	33	1	https://uniiti.com/shop/spice-garden-1
unik-kebab.fr	Unik Kebab Vieux Lille	restauration	Lille	59	1	https://www.unik-kebab.fr
univerre-restaurant.com	L'Univerre	restauration	Bordeaux	33	1	http://www.univerre-restaurant.com/
universalparebrise.com	Universal Pare Brise	automobile	La Rochelle	17	1	https://www.universalparebrise.com/centre-la-rochelle
universoy-78.fr	Universoy	restauration	Paris	75	1	https://universoy-78.fr/
universpizza.com	Univers Pizza	restauration	Paris	75	1	https://universpizza.com/
universpizza.fr	Univers Pizza	restauration	Paris	75	1	https://universpizza.fr/
unjardinenville.fr	Un jardin en ville	restauration	Marseille	13	1	https://unjardinenville.fr/
unjourunregardparis.fr	Un jour un regard	beaute_bienetre	Paris	75	1	http://unjourunregardparis.fr/
unmomentdebeaute.fr	Un Moment de Beauté	beaute_bienetre	Paris	75	1	https://www.unmomentdebeaute.fr/
unsoirashibuya.fr	Un soir à Shibuya	restauration	Bordeaux	33	1	http://unsoirashibuya.fr/
untempspoursoi-lyon.com	Un temps pour soi	beaute_bienetre	Lyon	69	1	https://www.untempspoursoi-lyon.com/
untempspoursoi-st-just.fr	Un temps pour soi	beaute_bienetre	Saint-Etienne	42	1	https://untempspoursoi-st-just.fr/
untempspourvous.fr	Un temps pour vous	services_proximite	Paris	75	1	https://untempspourvous.fr
urban-kitchen.fr	Urban Kitchen	restauration	Marseille	13	1	https://www.urban-kitchen.fr/
urbanbagel.fr	Urban Bagel	restauration	Paris	75	1	https://urbanbagel.fr
urbancycle.fr	Urban Cycle	services_proximite	Paris	75	1	https://urbancycle.fr/
urbangardencafe.fr	Urban Garden Café	restauration	Toulouse	31	1	https://www.urbangardencafe.fr
ureve.paris	You Rêve Paris	beaute_bienetre	Paris	75	1	https://ureve.paris/
usiconcept.com	Usi Concept	artisanat_btp	Lyon	69	1	https://www.usiconcept.com/
utc-cycles.fr	UTC Cycles	services_proximite	Toulouse	31	1	https://www.utc-cycles.fr/
utoa.fr	Atelier vélo solidaire de l’école UTOA	services_proximite	Montpellier	34	1	https://www.utoa.fr/
utopia-nice.com	Utopia	restauration	Nice	6	1	https://utopia-nice.com/
uvita-plage.com	Uvita	restauration	Nice	6	1	https://www.uvita-plage.com/
va-fanciullo.fr	Va Fanciullo !	restauration	Toulouse	31	1	https://www.va-fanciullo.fr/fr/
vafamoc.fr	Vafamoc	restauration	Paris	75	1	https://vafamoc.fr/
vaillant.chauffagiste-viessmann.fr	Vaillant	artisanat_btp	Brest	29	2	https://vaillant.chauffagiste-viessmann.fr/
valdauge.com	Le Val d'Auge	restauration	Lille	59	1	https://www.valdauge.com/
valentinosmashhouse.fr	Valentino	restauration	Toulouse	31	1	https://valentinosmashhouse.fr/
valessio-coiffeur-paris.fr	valessio	beaute_bienetre	Paris	75	1	https://valessio-coiffeur-paris.fr/
valetdam.fr	Cycles Val et Dam	services_proximite	Paris	75	1	https://www.valetdam.fr/
vango.bar	Vango Cosmopolitan	restauration	Bordeaux	33	1	https://vango.bar
vanzetti-bistrot.fr	Bistrot Vanzetti	restauration	Bordeaux	33	1	http://vanzetti-bistrot.fr/
vapiano.fr	Vapiano	restauration	Marseille	13	1	https://www.vapiano.fr/restaurants/cabries/plan-de-campagne/?lang=en
varrot-plomberie-chauffage.fr	Varrot & Co	artisanat_btp	Paris	75	1	https://www.varrot-plomberie-chauffage.fr/
vatat.fr	Vatat Carrosserie industrielle	automobile	Reims	51	1	https://www.vatat.fr/
vauthelin-paysages.com	Vauthelin Paysage	artisanat_btp	Brest	29	1	https://www.vauthelin-paysages.com/
vavasseur-et-fils.fr	Vavasseur et Fils	artisanat_btp	Paris	75	1	https://www.vavasseur-et-fils.fr/
vb-electricite.com	SARL Vincent Bellay	artisanat_btp	Rennes	35	1	http://vb-electricite.com/
vbgaz.fr	V.B. GAZ	artisanat_btp	Paris	75	1	https://www.vbgaz.fr/
vecchioforno.fr	Vecchio Forno	restauration	Paris	75	1	https://vecchioforno.fr/
vegeman.fr	Végéman	restauration	Strasbourg	67	1	https://www.vegeman.fr/
vegoresto.fr	Mama Gaïa	restauration	Nice	6	1	https://vegoresto.fr/vence/mama-gaia/
veka.fr	Fenétrier VEKA RCM	artisanat_btp	Paris	75	1	https://www.veka.fr/accueil-particulier/reseau-fenetrier-veka/nos-magasins/rcm-antony-fenetrier-veka/
velab.pro	Velab	services_proximite	Paris	75	1	https://velab.pro/
velasquez-coiffure.fr	Velasquez	beaute_bienetre	Rouen	76	2	https://velasquez-coiffure.fr/
velcroc.com	Velcroc	services_proximite	Lyon	69	1	https://velcroc.com/
veleos.fr	Véléos	services_proximite	Paris	75	1	https://www.veleos.fr/
veligo-location.fr	La Maison du Vélo	services_proximite	Paris	75	1	https://www.veligo-location.fr/maisons-du-velo/maisons-alfort
velo-dans-la-ville.fr	Un vélo dans la ville	services_proximite	Paris	75	1	http://www.velo-dans-la-ville.fr
velo-dayak.fr	Vélo Dayak	services_proximite	Grenoble	38	1	https://velo-dayak.fr/
velo-on-line.fr	Velonline	services_proximite	Lille	59	1	https://www.velo-on-line.fr/content/40-location-velo-electrique
velo-time.com	Vélo Time	services_proximite	Paris	75	1	http://www.velo-time.com/
velo-velo.fr	Vélo-vélo	services_proximite	Paris	75	1	https://velo-velo.fr/
velo-vintage.com	Vélo 18 Vintage	services_proximite	Paris	75	1	https://www.velo-vintage.com/
veloandco.com	Vélo & Co	services_proximite	Paris	75	1	https://veloandco.com/
velocipaide.fr	Vélocipaide	services_proximite	Paris	75	1	https://www.velocipaide.fr/
veloelectriquefrance.fr	Vélo électrique France	services_proximite	Paris	75	1	https://www.veloelectriquefrance.fr/fr/
velofasto.fr	Velofasto	services_proximite	Rennes	35	1	https://www.velofasto.fr/
velogik-ateliers.com	Top chrono	services_proximite	Paris	75	1	https://velogik-ateliers.com/
velomonde.fr	Vélomonde	services_proximite	Paris	75	1	https://velomonde.fr/
velonaute.com	Vélonaute Tête d'Or	services_proximite	Lyon	69	6	https://www.velonaute.com/content/8-velonaute-tete-d-or-magasin-velos-de-ville-draisiennes-pliants-Lyon
velonline.fr	Sport'Dep	services_proximite	Lille	59	1	http://www.velonline.fr/magasin,fr,8,2.cfm
velopassion-st-etienne.fr	Vélo Passion	services_proximite	Saint-Etienne	42	1	https://velopassion-st-etienne.fr/
velorepar.fr	VeloRepar	services_proximite	Paris	75	1	https://velorepar.fr/
velorution-toulouse.org	Vélorution !	services_proximite	Toulouse	31	1	https://velorution-toulouse.org/
velorution.org	Vélorution	services_proximite	Paris	75	1	https://velorution.org/paris/atelier/bastille/
velos-encyclo.fr	L'Encyclo	services_proximite	Paris	75	1	https://www.velos-encyclo.fr/
velos-saint-etienne.fr	Cycles Granger	services_proximite	Saint-Etienne	42	1	https://www.velos-saint-etienne.fr/
velosapiens.fr	Vélo-Sapiens	services_proximite	Marseille	13	1	https://velosapiens.fr/
velosenville.org	Collectif Vélos en Ville	services_proximite	Marseille	13	1	https://www.velosenville.org
velosport.fr	Vélosport	services_proximite	Grenoble	38	1	https://www.velosport.fr/
velostation.com	Vélo Station	services_proximite	Paris	75	3	https://www.velostation.com/Paris-04
velostrada.com	Velostrada	services_proximite	Lyon	69	1	https://velostrada.com/
velosvagabonds.com	Vélos Vagabonds	services_proximite	Paris	75	1	https://www.velosvagabonds.com/
velotechlyon.fr	VéloTech Lyon Ouest	services_proximite	Lyon	69	1	https://velotechlyon.fr/
velotof.fr	Vélotof	services_proximite	Grenoble	38	1	https://velotof.fr/
velouse.fr	Vélouse	services_proximite	Toulouse	31	1	http://www.velouse.fr/
velovintageparis.bigcartel.com	Vélo Vintage Paris	services_proximite	Paris	75	1	https://velovintageparis.bigcartel.com/
velowomon.com	Vélowomon	services_proximite	Lille	59	1	https://velowomon.com/
veloyellow.business.site	Vélo Yellow	services_proximite	Paris	75	1	https://veloyellow.business.site/
velyvelo.com	VelyVelo	services_proximite	Paris	75	1	https://velyvelo.com
venezolatino.fr	VenezoLatino	restauration	Strasbourg	67	1	https://www.venezolatino.fr/
venteauto42.com	GTA Sodins	automobile	Saint-Etienne	42	1	https://www.venteauto42.com/
venus-institut.com	Vénus	beaute_bienetre	Nantes	44	1	https://www.venus-institut.com/
venusbeauteinstitut.free.fr	Vénus Beauté	beaute_bienetre	Rouen	76	1	http://venusbeauteinstitut.free.fr
verandaconcept.fr	Véranda Concept	artisanat_btp	Nancy	54	1	http://www.verandaconcept.fr/
verandarideau.com	Veranda Rideau Octeville Sur Mer	artisanat_btp	Le Havre	76	1	https://www.verandarideau.com/espaces-conseils/octeville-sur-mer/le_havre/76/seine_maritime
veranuatelier.com	Veranu Atelier de Coiffure	beaute_bienetre	Paris	75	1	https://www.veranuatelier.com/
verniscmoi.com	Vernis c'moi	beaute_bienetre	Paris	75	1	https://www.verniscmoi.com/
verogusto91.fr	Vero Gusto	restauration	Paris	75	1	http://www.verogusto91.fr
veronickpruvot.com	Salon Veronick Pruvot	beaute_bienetre	Rouen	76	1	https://www.veronickpruvot.com/
versailles-aluminium.fr	Versailles Aluminium	artisanat_btp	Paris	75	1	https://www.versailles-aluminium.fr/
versailles.speedrabbitpizza.com	Speed Rabbit Pizza	restauration	Paris	75	1	https://versailles.speedrabbitpizza.com/
vertek.fr	Vertek Atelier	services_proximite	Paris	75	1	https://vertek.fr/
vertici.fr	Vert ici	restauration	Strasbourg	67	1	https://www.vertici.fr/
vesubio.fr	Vesubio	restauration	Toulouse	31	1	https://www.vesubio.fr/
vgt-bowl.business.site	Vgt Bowl	restauration	Paris	75	1	https://vgt-bowl.business.site
viapila.com	Via Pila	restauration	Montpellier	34	1	http://www.viapila.com
viavelo-nice.fr	Maison du Vélo	services_proximite	Nice	6	1	http://www.viavelo-nice.fr/
victor-hugo.rosa-negra.fr	La Rosa Negra	restauration	Toulouse	31	1	https://victor-hugo.rosa-negra.fr/la-rosa-cote-victor-hugo
victorianails.fr	Victoria Nails	beaute_bienetre	Paris	75	1	https://www.victorianails.fr/
viet-xua.fr	Viet Xua	restauration	Marseille	13	1	http://www.viet-xua.fr
vietfood-antony.fr	VietFoodAntony	restauration	Paris	75	1	https://vietfood-antony.fr/
viets-sandwich.fr	Viet's Sandwich	restauration	Nice	6	1	https://viets-sandwich.fr/
vieuxbiclou.org	Le Vieux Biclou	services_proximite	Montpellier	34	2	https://vieuxbiclou.org/
vik-energies.fr	VIK Energies	artisanat_btp	Rouen	76	3	https://www.vik-energies.fr/
vilathai.fr	Vila Thaï	restauration	Lille	59	1	https://vilathai.fr/
villa-estello-restaurant-aubagne.com		restauration	Marseille	13	1	https://www.villa-estello-restaurant-aubagne.com
villa29.fr	Momo et sa Mère	restauration	Montpellier	34	1	http://www.villa29.fr
villabersol.fr	La Villa Bersol	restauration	Bordeaux	33	1	https://www.villabersol.fr/
villadavinci.fr	La Villa Da Vinci	restauration	Toulouse	31	1	https://villadavinci.fr/
villadesoliviers.fr	La Villa des Oliviers	restauration	Toulouse	31	1	https://www.villadesoliviers.fr
villadeste-nice.com	La Villa d'Este	restauration	Nice	6	1	https://www.villadeste-nice.com
villadevinci.fr	Villa de Vinci	restauration	Paris	75	1	https://www.villadevinci.fr/
villattes.fr	Restaurant Villattes	restauration	Montpellier	34	1	https://www.villattes.fr/
ville-antony.fr	La Maison du Vélo	services_proximite	Paris	75	1	https://www.ville-antony.fr/evenements/ouverture-de-la-maison-du-velo-
ville-cachan.fr	Ozzi Pizza	restauration	Paris	75	1	https://www.ville-cachan.fr/component/fabrik/details/6/57
ville-palaiseau.fr	Délices d'Anatolie	restauration	Paris	75	1	https://www.ville-palaiseau.fr/information-transversale/annuaires-de-la-ville/annuaire-des-commerces/delices-danatolie-1902
ville-wasquehal.fr	Ferme Dehaudt : prêt de vélo	services_proximite	Lille	59	1	https://www.ville-wasquehal.fr/temps-libre/ferme-dehaudt/
villejuif.fr	Lavomatique	services_proximite	Paris	75	1	https://www.villejuif.fr/32-16758/ficheAnnu/laverie.htm
villeurbanne.cyclable.com	Cyclable	services_proximite	Lyon	69	1	https://villeurbanne.cyclable.com/
villeurbanne.pfc-foodclub.fr	Villeurbanne Food Club	restauration	Lyon	69	1	https://villeurbanne.pfc-foodclub.fr/
villovelo.fr	Villovelo Paris	services_proximite	Paris	75	1	https://www.villovelo.fr/
vin-we.fr	Vin Wè	restauration	Bordeaux	33	1	https://vin-we.fr/
vincoiff.wixsite.com	Le Chester	beaute_bienetre	Saint-Etienne	42	1	https://vincoiff.wixsite.com/lechester
vinoneo.fr	Vinoneo	restauration	Marseille	13	1	http://www.vinoneo.fr/
vinsurvin-nice.com	Vin sur Vin	restauration	Nice	6	1	http://vinsurvin-nice.com/
vintage-machine.fr	Vintage Machine	automobile	Montpellier	34	1	https://vintage-machine.fr
vipizza.fr	Viva Italian Pizza	restauration	Lille	59	1	https://www.vipizza.fr/
vipsunparis.com	VIP Sun	beaute_bienetre	Paris	75	1	https://www.vipsunparis.com
viridis-paysage.com	Viridis	artisanat_btp	Le Havre	76	1	https://www.viridis-paysage.com/
virtually.mc	Bella Vita	restauration	Nice	6	1	https://www.virtually.mc/bella-vita-monaco/
virvolt.fr	Virvolt	services_proximite	Lyon	69	1	https://virvolt.fr/electrification/
vitito.fr	Vitito	restauration	Nice	6	1	https://vitito.fr/
vitrage.glastint.com	Glastint	automobile	Metz	57	1	https://vitrage.glastint.com
vitres-teintees-paris.com	Select Auto Pro	automobile	Lyon	69	1	https://www.vitres-teintees-paris.com
vitrier-paris.fr	Vitrier Paris	artisanat_btp	Paris	75	1	https://www.vitrier-paris.fr
vivalavie.fr	Viva la vie	beaute_bienetre	Paris	75	1	https://www.vivalavie.fr/
vivamexico-colomiers.com	Viva Mexico	restauration	Toulouse	31	1	https://www.vivamexico-colomiers.com
vivants-toulouse.com	Vivants	restauration	Toulouse	31	1	https://vivants-toulouse.com/
vivaservices.fr	Viva Services	services_proximite	Paris	75	1	https://www.vivaservices.fr
vivaskin-esthetique.com	VivaSkin Esthétique	beaute_bienetre	Paris	75	1	https://www.vivaskin-esthetique.com
vivezmobilite.fr	Vivez Mobilité	services_proximite	Lille	59	1	https://vivezmobilite.fr/
vmoped.fr	VMOPED	services_proximite	Paris	75	1	https://vmoped.fr/
vog.fr	Vog Coiffure	beaute_bienetre	Paris	75	8	https://vog.fr/salon/view/1510
voletsetportes.com	Volets et Portes d'Aujourd'hui	artisanat_btp	Le Havre	76	1	https://www.voletsetportes.com/
volfart.fr	Volfart	artisanat_btp	Nancy	54	1	http://www.volfart.fr/
volfoni.fr	Volfoni	restauration	Lille	59	1	https://www.volfoni.fr/restaurant/volfoni-lezennes/
voltaire.bike	Voltaire	services_proximite	Paris	75	1	https://voltaire.bike/
voltashop.fr	Volta shop	services_proximite	Paris	75	1	https://www.voltashop.fr/
volteo-batteries.com	Voltéo Batteries	automobile	Toulouse	31	1	https://www.volteo-batteries.com/magasin-detail?magasin=21
volvo-nantes.com	General Automobile	automobile	Nantes	44	1	https://www.volvo-nantes.com/fr/s06_catalogue/s06p06_liste_occasion.php
votresouriretoulouse.fr	Votre Sourire	beaute_bienetre	Toulouse	31	1	http://www.votresouriretoulouse.fr
voyageurnissart.com	Voyageur Nissart	restauration	Nice	6	1	http://www.voyageurnissart.com/home.php
vp-vitre-teintee.fr	vp-vitre-teintee.fr	automobile	Toulon	83	1	https://vp-vitre-teintee.fr
vqb.fr	Le Vélo qui Brille	services_proximite	Paris	75	1	https://www.vqb.fr/
vtt-cube.fr	Velovente	services_proximite	Paris	75	1	https://www.vtt-cube.fr/
vulcainpneus.fr	Vulcain pneus	automobile	Saint-Etienne	42	1	https://www.vulcainpneus.fr/
vulco.com	Vulco	automobile	Nantes	44	7	https://www.vulco.com/centre-auto-appro-pneu-sarl-loire-atlantique-44470
vulco.fr	Vulco	automobile	Lyon	69	7	https://www.vulco.fr/all-dealers/tassin-la-demi-lune/vulco-lyon-tassin-la-demi-lune-365397.html
w-renovelec.fr	Renovelec	artisanat_btp	Paris	75	1	https://w-renovelec.fr/
wachaya.com	Wa Cha Ya	beaute_bienetre	Paris	75	1	https://www.wachaya.com/
wafflefactory.com	Waffle Factory	restauration	Montpellier	34	1	https://www.wafflefactory.com
wagonrestaurant.fr	Wagon	restauration	Lille	59	1	https://www.wagonrestaurant.fr/
wagy.fr	Wagy Burger bus	restauration	Paris	75	1	https://www.wagy.fr/
wakabowls.com	Waka	restauration	Nice	6	1	https://wakabowls.com/
wakenson-menuiseries.com	Wakenson Menuiseries	artisanat_btp	Rennes	35	1	https://wakenson-menuiseries.com/
waroengbali.com	Waroeng Bali	restauration	Marseille	13	1	https://waroengbali.com/
wasabi-sushi.eatbu.com	Wasabi Sushi	restauration	Montpellier	34	1	https://wasabi-sushi.eatbu.com/?lang=fr
wasabicafe.fr	Wasabi Café	restauration	Bordeaux	33	1	https://www.wasabicafe.fr
wash-and-go.business.site	Wash & Go	services_proximite	Nice	6	1	https://wash-and-go.business.site/
wash-totalenergies.fr	Wash	automobile	Lyon	69	2	https://wash-totalenergies.fr/centre-de-lavage/station/eurl-quincieux-service-auto/
washndry-concept.com		services_proximite	Paris	75	5	https://www.washndry-concept.com/laverie/laverie-automatique-ivry-sur-seine/
washokusushi.net	Washoku	restauration	Toulouse	31	1	https://www.washokusushi.net/
washokutournefeuille.com	Washoku sushi	restauration	Toulouse	31	1	https://www.washokutournefeuille.com/
washonline.mobi		services_proximite	Paris	75	1	https://www.washonline.mobi/fr/laverie/Gray/?flaghome=1
washouse.fr	Washouse	services_proximite	Toulouse	31	4	https://washouse.fr/
washr.fr	Washr	services_proximite	Paris	75	1	https://www.washr.fr/
waterbat.fr	Water'Bat	artisanat_btp	Paris	75	1	https://waterbat.fr/
wattride-custom.com	Wattride	services_proximite	Paris	75	1	https://www.wattride-custom.com/
waynakh.fr	Waynakh	restauration	Nice	6	1	https://waynakh.fr/fr
wayowayo.fr	Wayo-Wayo	restauration	Bordeaux	33	2	https://www.wayowayo.fr/
wearewoof.com	Woof	restauration	Bordeaux	33	1	https://www.wearewoof.com/
webpare-brise.com	Webpare-brise.com	automobile	Metz	57	1	https://webpare-brise.com/garages/metz-woippy/
website-215417320693295620643-restaurant.business.site	La Grignote	restauration	Nice	6	1	https://website-215417320693295620643-restaurant.business.site/
website-5612755007883734159165-pizzarestaurant.business.site		restauration	Paris	75	1	https://website-5612755007883734159165-pizzarestaurant.business.site/
weechefparis.fr	Weechef Paris	restauration	Paris	75	1	https://weechefparis.fr/
wellness-therapy-paris.fr	Wellness Therapy	beaute_bienetre	Paris	75	1	https://www.wellness-therapy-paris.fr/
wellnessthaispa.com	Wellness Thaï	beaute_bienetre	Paris	75	1	https://www.wellnessthaispa.com
werideoncycling.com	WeRideOn	services_proximite	Paris	75	1	https://werideoncycling.com/
westfield.com	Pitaya	restauration	Lille	59	1	https://www.westfield.com/fr/france/euralille/restaurants/pitaya/82834
westminster-nice.com	Le Duc	restauration	Nice	6	1	https://westminster-nice.com/fr/page/restaurant-le-duc-hotel-restaurant-nice.21432.html
wewash.fr	WeWash	automobile	Nancy	54	1	https://wewash.fr/
whakanga-spa.fr	Whakanga	beaute_bienetre	Paris	75	1	https://whakanga-spa.fr/
whitelotus-france.fr	White lotus	restauration	Lille	59	1	https://whitelotus-france.fr/
whitewoodfood.fr	White Wood Food	restauration	Lille	59	1	https://whitewoodfood.fr/fr
wigs-shop.fr	Wigs Shop	beaute_bienetre	Rouen	76	1	https://www.wigs-shop.fr/
wiicmenu-qrcode.com	Ichi Ramen	restauration	Paris	75	1	https://wiicmenu-qrcode.com/app/offre.php?r=3487
wiklou.org	Cyclofficine ASVP (Atelier Solidaire Vélo Populaire)	services_proximite	Marseille	13	1	https://wiklou.org/wiki/asvp
wikolyn.fr	Wikolyn	restauration	Montpellier	34	1	https://wikolyn.fr
wild-coiffeur-coloriste.com	Wild	beaute_bienetre	Rouen	76	1	https://www.wild-coiffeur-coloriste.com/home
wilfrid-karloff.com	Wilfrid Karloff	beaute_bienetre	Lyon	69	1	https://www.wilfrid-karloff.com/
willamette.fr	Willamette	restauration	Montpellier	34	1	https://www.willamette.fr
willsdeli.fr	Will's Deli	restauration	Paris	75	1	http://willsdeli.fr
willtechracing.fr	Will Tech Racing	automobile	Rouen	76	1	http://www.willtechracing.fr
windscreen.net	Europarts Pare-brise	automobile	Reims	51	1	http://windscreen.net
winefood.fr	Wine Food & You	restauration	Toulouse	31	1	https://www.winefood.fr/
wingstopfrance.com	Wingstop	restauration	Paris	75	1	https://www.wingstopfrance.com
wizzup.fr	Wizz'Up	restauration	Toulouse	31	1	https://wizzup.fr
wmnice06.wixsite.com	La Maison WM	restauration	Nice	6	1	https://wmnice06.wixsite.com/website
wokacacias.com	Délices Des Acacias	restauration	Paris	75	1	https://wokacacias.com
woktowalk.com	Wok to Walk	restauration	Toulouse	31	1	https://www.woktowalk.com/fr/
wollywings.com	Wolly Wings	restauration	Paris	75	1	https://wollywings.com/
woodeat.com	Woodeat	restauration	Strasbourg	67	1	https://woodeat.com
woodfactory-nanterre.tastycloud.menu	Wood factory	restauration	Paris	75	1	https://woodfactory-nanterre.tastycloud.menu/
woodiz.fr	Woodiz	restauration	Paris	75	1	https://woodiz.fr/
workingprincess.fr	Working Princess	beaute_bienetre	Toulouse	31	1	http://www.workingprincess.fr/
ww2.hammamrafik.com	Hammam Rafik	beaute_bienetre	Marseille	13	1	http://ww2.hammamrafik.com/
wwc.resengo.com	Be Burger Lille	restauration	Lille	59	1	https://wwc.resengo.com/be_burger_lille_lille?lang=fr
www-nathaliemonsalon.fr	Mon salon	beaute_bienetre	Toulouse	31	1	https://www.www-nathaliemonsalon.fr
www-pizza.fr	Pizza Pierrot	restauration	Marseille	13	1	https://www-pizza.fr/pizza-pierrot-marseille13011
www.restaurant-lequilibre.fr	L’Équilibre	restauration	Toulouse	31	1	https://www.www.restaurant-lequilibre.fr/
xavier-coiffure.fr	Thiolliere Xavier	beaute_bienetre	Lyon	69	1	https://www.xavier-coiffure.fr/meilleur-coiffeur-de-lyon
xieng-mai.eatbu.com	Xieng-Maï	restauration	Bordeaux	33	1	https://xieng-mai.eatbu.com/
xinyuan.fr	Xin Yuan Zu Dao	beaute_bienetre	Lyon	69	1	https://www.xinyuan.fr
xitlali.fr	Xitlali	restauration	Nice	6	1	https://www.xitlali.fr/
xl-burger.eatbu.com	XL Burger	restauration	Paris	75	1	https://xl-burger.eatbu.com
xn--bisci-5ua.fr	Bisciu	restauration	Montpellier	34	1	https://xn--bisci-5ua.fr/
y-coiffure.com	Salon de coiffure y	beaute_bienetre	Paris	75	1	https://y-coiffure.com/
ya-misushi.fr	Yami Sushi	restauration	Lille	59	1	https://ya-misushi.fr/
yaafa.fr	Yaafa	restauration	Lyon	69	1	https://yaafa.fr/
yadanathale.com	Nathalê	beaute_bienetre	Paris	75	1	https://www.yadanathale.com
yafelmarseille.fr	Yafel	restauration	Marseille	13	1	https://yafelmarseille.fr
yakamoz-montpellier.fr	Yakamoz	restauration	Montpellier	34	1	https://www.yakamoz-montpellier.fr/
yamatoresto.fr	Yamato	restauration	Marseille	13	1	https://yamatoresto.fr/
yammysushi.fr	Yammy Sushi	restauration	Toulouse	31	1	https://yammysushi.fr/
yankeegrill.com	Yankee Grill	restauration	Toulouse	31	1	http://www.yankeegrill.com/
yannickdelpech-acte2.fr	Acte 2	restauration	Toulouse	31	1	https://yannickdelpech-acte2.fr/
yannickrobin.fr	Yannick Robin	beaute_bienetre	Paris	75	1	https://www.yannickrobin.fr
yapansushi.fr	MyPoké by Yapan Sushi	restauration	Strasbourg	67	1	http://www.yapansushi.fr/
yasobordeaux.fr	Yäso	restauration	Bordeaux	33	1	https://yasobordeaux.fr/
yayarestaurant.com	Yaya	restauration	Lille	59	1	https://www.yayarestaurant.com/yaya-lille
yazcantine.com	Yaz cantine	restauration	Toulouse	31	1	https://www.yazcantine.com
ycyrestaurant.fr	Ycy	restauration	Lille	59	1	https://www.ycyrestaurant.fr/
yello.commandes.io	YELLO	restauration	Marseille	13	1	https://yello.commandes.io/home/places
yellow-cafe.site.bykomdab.com	Yellow Café	restauration	Paris	75	1	https://yellow-cafe.site.bykomdab.com
yema-hammam.com	Yema Hammam	beaute_bienetre	Paris	75	1	https://www.yema-hammam.com/
yenane.com	Yena Né	restauration	Lille	59	1	https://yenane.com/
yesss-fr.com	YESSS Électrique	artisanat_btp	Paris	75	1	https://www.yesss-fr.com/
yibol.fr	Yibol	restauration	Paris	75	1	https://yibol.fr
yocolor-coiffure.com	Yo Color	beaute_bienetre	Lyon	69	1	https://yocolor-coiffure.com/
yokosushi.fr	YokoSushi	restauration	Toulouse	31	1	https://www.yokosushi.fr
yolosmashburger.fr	Yolo Smash Burger	restauration	Strasbourg	67	1	https://yolosmashburger.fr/
yonko-spa.fr	Yonko Spa	beaute_bienetre	Saint-Etienne	42	1	https://www.yonko-spa.fr/
yoserestaurant.fr	Yose	restauration	Nice	6	1	https://www.yoserestaurant.fr/
yoshitoshi.fr	Yoshi Toshi	restauration	Bordeaux	33	1	https://yoshitoshi.fr
youco-toulouse.eatbu.com	Youco	restauration	Toulouse	31	1	https://youco-toulouse.eatbu.com/
youngmingrill.fr	Young-Min Grill	restauration	Montpellier	34	1	http://www.youngmingrill.fr/
ysame.fr	Ysamé	beaute_bienetre	Nantes	44	1	https://www.ysame.fr
ystetica.fr	Ystetica	beaute_bienetre	Paris	75	1	https://www.ystetica.fr/
yujoramen.com	Yujo Ramen Saint-Cyprien	restauration	Toulouse	31	1	https://yujoramen.com/
yuki-nails-paris.fr	Yuki Nails	beaute_bienetre	Paris	75	1	https://yuki-nails-paris.fr
yukikorestaurant.wixsite.com	Yukiko	restauration	Toulouse	31	1	https://yukikorestaurant.wixsite.com/yukiko
yukita.fr	Yukita	restauration	Bordeaux	33	1	https://www.yukita.fr/
yumi-beauty.com	Yumi	beaute_bienetre	Saint-Etienne	42	1	https://www.yumi-beauty.com/
yumibordeaux.fr	Yumi	restauration	Bordeaux	33	1	http://yumibordeaux.fr/
yumie-yumie-paris.fr	Yumie-yumie	restauration	Paris	75	1	https://www.yumie-yumie-paris.fr/
yumiwi.fr	Yumiwi	restauration	Montpellier	34	1	https://www.yumiwi.fr/
yummy.fr	Yummy	restauration	Paris	75	1	http://www.yummy.fr/
yummy94.fr	Yummy 94	restauration	Paris	75	1	https://yummy94.fr/
yums-paris.fr	Yum's	restauration	Paris	75	1	https://www.yums-paris.fr
yumyum-resto.fr	Yumyum	restauration	Bordeaux	33	1	https://yumyum-resto.fr/
yurimorales.fr	Yuri Morales	beaute_bienetre	Lyon	69	1	https://www.yurimorales.fr
yuwikisushi.com	Yuwiki Sushi	restauration	Lille	59	1	http://yuwikisushi.com/
yvan-framinet.fr	My158 Coiffure & Art	beaute_bienetre	Lyon	69	1	http://www.yvan-framinet.fr/my158
yves-rocher.fr	Yves Rocher	beaute_bienetre	Paris	75	23	https://www.yves-rocher.fr/tout-sur-les-magasins/ile-de-france/colombes/colombes/S-FRYROC324
yvesfouquerelcoiffure.com	Yves Fouquerel coiffure	beaute_bienetre	Paris	75	1	https://www.yvesfouquerelcoiffure.com
zammit.fr	Carrosserie Zammit	automobile	Montpellier	34	1	https://www.zammit.fr
ze-bikeshop.com	Ze Bike Shop	services_proximite	Paris	75	1	https://ze-bikeshop.com/
zebrebleu.fr	Le Zèbre bleu	restauration	Montpellier	34	1	http://www.zebrebleu.fr/
zen-sai.com	Zen-Saï	restauration	Toulouse	31	1	https://www.zen-sai.com/
zenazia.com	Zenasia	restauration	Toulouse	31	1	https://www.zenazia.com/
zenirorestaurants.com	Zeniro	restauration	Nice	6	1	https://www.zenirorestaurants.com
zenmontshiatsu.fr	Shiatsu & Bien-être	beaute_bienetre	Paris	75	1	https://www.zenmontshiatsu.fr
zenquint.fr	ZenQuint	restauration	Toulouse	31	1	https://zenquint.fr
zephirine.fr	Zéphirine	restauration	Bordeaux	33	1	https://zephirine.fr/
zephyrmonaco.com	zēphyr	restauration	Nice	6	1	https://www.zephyrmonaco.com/
zeste-restaurant.com	Zeste Restaurant & Bar	restauration	Nice	6	1	https://www.zeste-restaurant.com/
zhendre.com	Zhendre	artisanat_btp	Bordeaux	33	1	https://zhendre.com
zinamara.com	Villa Zin Amara	beaute_bienetre	Marseille	13	1	https://www.zinamara.com/zinamara-cabries-massage-soin-energetique-bien-etre-a-plan-de-campagne-13480/
zinguerie-picq.fr	PICQ Sas	artisanat_btp	Lyon	69	1	https://www.zinguerie-picq.fr/
zinis.fr	Zini's	restauration	Marseille	13	1	https://www.zinis.fr/
zivelo.fr	Zivelo	services_proximite	Paris	75	1	https://zivelo.fr
znpizza.fr	ZN Pizza	restauration	Lille	59	1	http://www.znpizza.fr
zoebeaute.fr	Zoé Beauté	beaute_bienetre	Paris	75	1	https://www.zoebeaute.fr
zrestauranttapas.com	Z	restauration	Nice	6	1	https://www.zrestauranttapas.com/
zubieta-import.com	Garage Zubieta	automobile	Bayonne	64	1	https://zubieta-import.com/
zuzu-pessac.eatbu.com	ZuZu Restaurant	restauration	Bordeaux	33	1	http://zuzu-pessac.eatbu.com/
